WARNING:tensorflow:Skipping loading of weights for layer #8 (named batch_normalization) due to mismatch in number of weights. Layer expects 4 weight(s). Received 0 saved weight(s)
WARNING:tensorflow:5 out of the last 5 calls to <function _BaseOptimizer._update_step_xla at 0x7fcfac2868b0> triggered tf.function retracing. Tracing is expensive and the excessive number of tracings could be due to (1) creating @tf.function repeatedly in a loop, (2) passing tensors with different shapes, (3) passing Python objects instead of tensors. For (1), please define your @tf.function outside of the loop. For (2), @tf.function has reduce_retracing=True option that can avoid unnecessary retracing. For (3), please refer to https://www.tensorflow.org/guide/function#controlling_retracing and https://www.tensorflow.org/api_docs/python/tf/function for  more details.
WARNING:tensorflow:6 out of the last 6 calls to <function _BaseOptimizer._update_step_xla at 0x7fcfac2868b0> triggered tf.function retracing. Tracing is expensive and the excessive number of tracings could be due to (1) creating @tf.function repeatedly in a loop, (2) passing tensors with different shapes, (3) passing Python objects instead of tensors. For (1), please define your @tf.function outside of the loop. For (2), @tf.function has reduce_retracing=True option that can avoid unnecessary retracing. For (3), please refer to https://www.tensorflow.org/guide/function#controlling_retracing and https://www.tensorflow.org/api_docs/python/tf/function for  more details.
(E:0, S:0) [loss_dt = 0.1508, loss_qp = -0.0030, total loss = 0.1964, acc = 0.9583, lr = 1.000000e-04] (1.2 samples/sec; 99.117 sec/batch)
(E:0, S:1) [loss_dt = 0.6413, loss_qp = -0.0248, total loss = 0.6262, acc = 0.7833, lr = 1.000000e-04] (2.4 samples/sec; 50.786 sec/batch)
(E:0, S:2) [loss_dt = 0.2654, loss_qp = -0.0289, total loss = 0.6532, acc = 0.8833, lr = 1.000000e-04] (3.3 samples/sec; 36.027 sec/batch)
(E:0, S:3) [loss_dt = 0.2117, loss_qp = 0.0821, total loss = 0.1666, acc = 0.9250, lr = 1.000000e-04] (4.2 samples/sec; 28.598 sec/batch)
(E:0, S:4) [loss_dt = 0.2744, loss_qp = 0.1288, total loss = -0.2787, acc = 0.9000, lr = 1.000000e-04] (4.9 samples/sec; 24.262 sec/batch)
(E:0, S:5) [loss_dt = 0.3290, loss_qp = 0.1456, total loss = -0.6151, acc = 0.8667, lr = 1.000000e-04] (5.6 samples/sec; 21.326 sec/batch)
(E:0, S:6) [loss_dt = 0.6132, loss_qp = 0.0855, total loss = -0.6254, acc = 0.7500, lr = 1.000000e-04] (6.2 samples/sec; 19.209 sec/batch)
(E:0, S:7) [loss_dt = 0.4774, loss_qp = 0.2384, total loss = -1.0596, acc = 0.8250, lr = 1.000000e-04] (6.8 samples/sec; 17.676 sec/batch)
(E:0, S:8) [loss_dt = 0.6358, loss_qp = 0.2873, total loss = -1.4863, acc = 0.7333, lr = 1.000000e-04] (7.3 samples/sec; 16.474 sec/batch)
(E:0, S:9) [loss_dt = 0.7263, loss_qp = 0.3471, total loss = -1.9459, acc = 0.7417, lr = 1.000000e-04] (7.7 samples/sec; 15.552 sec/batch)
(E:0, S:10) [loss_dt = 0.4821, loss_qp = 0.1466, total loss = -1.9126, acc = 0.8083, lr = 1.000000e-04] (8.1 samples/sec; 14.784 sec/batch)
(E:0, S:11) [loss_dt = 0.3442, loss_qp = 0.1434, total loss = -1.8979, acc = 0.8750, lr = 1.000000e-04] (8.5 samples/sec; 14.117 sec/batch)
(E:0, S:12) [loss_dt = 0.2579, loss_qp = 0.2557, total loss = -2.1232, acc = 0.8917, lr = 1.000000e-04] (8.9 samples/sec; 13.533 sec/batch)
(E:0, S:13) [loss_dt = 0.3250, loss_qp = 0.0938, total loss = -1.9882, acc = 0.8417, lr = 1.000000e-04] (9.1 samples/sec; 13.125 sec/batch)
(E:0, S:14) [loss_dt = 0.3579, loss_qp = 0.1000, total loss = -1.8816, acc = 0.8417, lr = 1.000000e-04] (9.4 samples/sec; 12.767 sec/batch)
(E:0, S:15) [loss_dt = 0.3776, loss_qp = 0.3173, total loss = -2.1885, acc = 0.8250, lr = 1.000000e-04] (9.6 samples/sec; 12.442 sec/batch)
(E:0, S:16) [loss_dt = 0.7206, loss_qp = 0.0496, total loss = -1.9286, acc = 0.7833, lr = 1.000000e-04] (9.8 samples/sec; 12.207 sec/batch)
(E:0, S:17) [loss_dt = 0.8838, loss_qp = 0.1315, total loss = -1.8297, acc = 0.6750, lr = 1.000000e-04] (10.0 samples/sec; 11.965 sec/batch)
(E:0, S:18) [loss_dt = 0.8728, loss_qp = 0.2039, total loss = -1.8709, acc = 0.6917, lr = 1.000000e-04] (10.2 samples/sec; 11.733 sec/batch)
(E:0, S:19) [loss_dt = 0.8259, loss_qp = 0.2033, total loss = -1.9111, acc = 0.6750, lr = 1.000000e-04] (10.4 samples/sec; 11.535 sec/batch)
(E:0, S:20) [loss_dt = 0.4693, loss_qp = 0.3095, total loss = -2.1651, acc = 0.8000, lr = 1.000000e-04] (10.5 samples/sec; 11.420 sec/batch)
(E:0, S:21) [loss_dt = 0.4064, loss_qp = 0.3038, total loss = -2.3853, acc = 0.8333, lr = 1.000000e-04] (10.6 samples/sec; 11.296 sec/batch)
(E:0, S:22) [loss_dt = 0.3032, loss_qp = 0.2782, total loss = -2.5481, acc = 0.8917, lr = 1.000000e-04] (10.8 samples/sec; 11.142 sec/batch)
(E:0, S:23) [loss_dt = 0.3965, loss_qp = 0.3176, total loss = -2.7459, acc = 0.8167, lr = 1.000000e-04] (10.8 samples/sec; 11.075 sec/batch)
(E:0, S:24) [loss_dt = 0.2311, loss_qp = 0.2860, total loss = -2.8874, acc = 0.9083, lr = 1.000000e-04] (10.9 samples/sec; 11.002 sec/batch)
(E:0, S:25) [loss_dt = 0.3106, loss_qp = 0.0799, total loss = -2.6736, acc = 0.8750, lr = 1.000000e-04] (11.0 samples/sec; 10.882 sec/batch)
(E:0, S:26) [loss_dt = 0.4928, loss_qp = 0.2643, total loss = -2.7583, acc = 0.8083, lr = 1.000000e-04] (11.1 samples/sec; 10.857 sec/batch)
(E:0, S:27) [loss_dt = 0.4554, loss_qp = 0.3070, total loss = -2.9051, acc = 0.8167, lr = 1.000000e-04] (11.1 samples/sec; 10.807 sec/batch)
(E:0, S:28) [loss_dt = 0.5940, loss_qp = 0.4000, total loss = -3.1676, acc = 0.7417, lr = 1.000000e-04] (11.2 samples/sec; 10.725 sec/batch)
(E:0, S:29) [loss_dt = 0.7254, loss_qp = 0.1426, total loss = -2.9845, acc = 0.6750, lr = 1.000000e-04] (11.2 samples/sec; 10.706 sec/batch)
(E:0, S:30) [loss_dt = 0.4083, loss_qp = 0.1378, total loss = -2.8467, acc = 0.8417, lr = 1.000000e-04] (11.2 samples/sec; 10.671 sec/batch)
(E:0, S:31) [loss_dt = 0.4053, loss_qp = 0.3022, total loss = -2.9793, acc = 0.8333, lr = 1.000000e-04] (11.4 samples/sec; 10.571 sec/batch)
(E:0, S:32) [loss_dt = 0.5044, loss_qp = 0.4345, total loss = -3.2924, acc = 0.7917, lr = 1.000000e-04] (11.4 samples/sec; 10.513 sec/batch)
(E:0, S:33) [loss_dt = 0.3530, loss_qp = 0.3464, total loss = -3.4519, acc = 0.8833, lr = 1.000000e-04] (11.4 samples/sec; 10.520 sec/batch)
(E:0, S:34) [loss_dt = 0.3789, loss_qp = 0.2918, total loss = -3.5079, acc = 0.8500, lr = 1.000000e-04] (11.4 samples/sec; 10.515 sec/batch)
(E:0, S:35) [loss_dt = 0.4164, loss_qp = 0.2291, total loss = -3.4579, acc = 0.8083, lr = 1.000000e-04] (11.4 samples/sec; 10.483 sec/batch)
(E:0, S:36) [loss_dt = 0.2445, loss_qp = 0.2549, total loss = -3.4702, acc = 0.9167, lr = 1.000000e-04] (11.4 samples/sec; 10.515 sec/batch)
(E:0, S:37) [loss_dt = 0.2389, loss_qp = 0.4368, total loss = -3.7597, acc = 0.9000, lr = 1.000000e-04] (11.5 samples/sec; 10.478 sec/batch)
(E:0, S:38) [loss_dt = 0.3323, loss_qp = 0.3421, total loss = -3.8654, acc = 0.8750, lr = 1.000000e-04] (11.6 samples/sec; 10.374 sec/batch)
(E:0, S:39) [loss_dt = 0.3176, loss_qp = 0.3091, total loss = -3.9115, acc = 0.9000, lr = 1.000000e-04] (11.6 samples/sec; 10.339 sec/batch)
(E:0, S:40) [loss_dt = 0.3171, loss_qp = 0.3530, total loss = -4.0195, acc = 0.8583, lr = 1.000000e-04] (11.6 samples/sec; 10.381 sec/batch)
(E:0, S:41) [loss_dt = 0.3998, loss_qp = 0.2376, total loss = -3.9330, acc = 0.8417, lr = 1.000000e-04] (11.5 samples/sec; 10.424 sec/batch)
(E:0, S:42) [loss_dt = 0.3798, loss_qp = 0.2602, total loss = -3.8916, acc = 0.8500, lr = 1.000000e-04] (11.5 samples/sec; 10.416 sec/batch)
(E:0, S:43) [loss_dt = 0.3441, loss_qp = 0.1830, total loss = -3.7410, acc = 0.8917, lr = 1.000000e-04] (11.5 samples/sec; 10.457 sec/batch)
(E:0, S:44) [loss_dt = 0.2540, loss_qp = 0.2937, total loss = -3.7825, acc = 0.9000, lr = 1.000000e-04] (12.1 samples/sec; 9.921 sec/batch)
(E:0, S:45) [loss_dt = 0.2952, loss_qp = 0.2563, total loss = -3.7589, acc = 0.8583, lr = 1.000000e-04] (13.4 samples/sec; 8.957 sec/batch)
(E:0, S:46) [loss_dt = 0.3362, loss_qp = 0.2963, total loss = -3.7940, acc = 0.8333, lr = 1.000000e-04] (14.8 samples/sec; 8.091 sec/batch)
(E:0, S:47) [loss_dt = 0.3052, loss_qp = 0.3584, total loss = -3.9225, acc = 0.8583, lr = 1.000000e-04] (16.4 samples/sec; 7.314 sec/batch)
(E:0, S:48) [loss_dt = 0.3020, loss_qp = 0.3870, total loss = -4.0815, acc = 0.8417, lr = 1.000000e-04] (18.1 samples/sec; 6.613 sec/batch)
(E:0, S:49) [loss_dt = 0.4701, loss_qp = 0.1721, total loss = -3.8834, acc = 0.7833, lr = 1.000000e-04] (20.1 samples/sec; 5.981 sec/batch)
(E:0, S:50) [loss_dt = 0.4499, loss_qp = 0.3025, total loss = -3.9040, acc = 0.8000, lr = 1.000000e-04] (22.1 samples/sec; 5.418 sec/batch)
(E:0, S:51) [loss_dt = 0.4590, loss_qp = 0.4673, total loss = -4.1697, acc = 0.8417, lr = 1.000000e-04] (24.4 samples/sec; 4.908 sec/batch)
PLCC: 0.3613, SROCC: 0.2005, Acc: 0.7545
(E:1, S:0) [loss_dt = 0.3955, loss_qp = 0.3084, total loss = -4.1758, acc = 0.8500, lr = 1.000000e-04] (6.3 samples/sec; 19.166 sec/batch)
(E:1, S:1) [loss_dt = 0.6771, loss_qp = 0.3746, total loss = -4.2526, acc = 0.7333, lr = 1.000000e-04] (6.9 samples/sec; 17.303 sec/batch)
(E:1, S:2) [loss_dt = 0.4969, loss_qp = 0.3617, total loss = -4.3204, acc = 0.7917, lr = 1.000000e-04] (7.7 samples/sec; 15.621 sec/batch)
(E:1, S:3) [loss_dt = 0.5004, loss_qp = 0.4200, total loss = -4.4687, acc = 0.7917, lr = 1.000000e-04] (8.5 samples/sec; 14.126 sec/batch)
(E:1, S:4) [loss_dt = 0.4767, loss_qp = 0.3529, total loss = -4.5036, acc = 0.8250, lr = 1.000000e-04] (8.8 samples/sec; 13.666 sec/batch)
(E:1, S:5) [loss_dt = 0.3743, loss_qp = 0.4112, total loss = -4.6329, acc = 0.8500, lr = 1.000000e-04] (9.0 samples/sec; 13.351 sec/batch)
(E:1, S:6) [loss_dt = 0.3737, loss_qp = 0.2699, total loss = -4.5369, acc = 0.8500, lr = 1.000000e-04] (9.2 samples/sec; 13.081 sec/batch)
(E:1, S:7) [loss_dt = 0.4161, loss_qp = 0.1684, total loss = -4.2937, acc = 0.8167, lr = 1.000000e-04] (9.4 samples/sec; 12.817 sec/batch)
(E:1, S:8) [loss_dt = 0.3960, loss_qp = 0.3531, total loss = -4.3545, acc = 0.8083, lr = 1.000000e-04] (9.5 samples/sec; 12.599 sec/batch)
(E:1, S:9) [loss_dt = 0.3532, loss_qp = 0.4055, total loss = -4.4922, acc = 0.8667, lr = 1.000000e-04] (9.7 samples/sec; 12.373 sec/batch)
(E:1, S:10) [loss_dt = 0.5063, loss_qp = 0.2438, total loss = -4.3579, acc = 0.8083, lr = 1.000000e-04] (9.8 samples/sec; 12.207 sec/batch)
(E:1, S:11) [loss_dt = 0.3304, loss_qp = 0.3576, total loss = -4.4256, acc = 0.8667, lr = 1.000000e-04] (10.0 samples/sec; 12.035 sec/batch)
(E:1, S:12) [loss_dt = 0.2601, loss_qp = 0.1987, total loss = -4.2549, acc = 0.9000, lr = 1.000000e-04] (10.2 samples/sec; 11.818 sec/batch)
(E:1, S:13) [loss_dt = 0.3620, loss_qp = 0.2634, total loss = -4.1882, acc = 0.8333, lr = 1.000000e-04] (10.2 samples/sec; 11.714 sec/batch)
(E:1, S:14) [loss_dt = 0.3130, loss_qp = 0.3730, total loss = -4.2977, acc = 0.8333, lr = 1.000000e-04] (10.4 samples/sec; 11.562 sec/batch)
(E:1, S:15) [loss_dt = 0.4512, loss_qp = 0.3285, total loss = -4.3155, acc = 0.7833, lr = 1.000000e-04] (10.5 samples/sec; 11.426 sec/batch)
(E:1, S:16) [loss_dt = 0.3133, loss_qp = 0.4301, total loss = -4.4979, acc = 0.8500, lr = 1.000000e-04] (10.6 samples/sec; 11.278 sec/batch)
(E:1, S:17) [loss_dt = 0.2255, loss_qp = 0.4232, total loss = -4.6604, acc = 0.8917, lr = 1.000000e-04] (10.7 samples/sec; 11.207 sec/batch)
(E:1, S:18) [loss_dt = 0.4426, loss_qp = 0.3199, total loss = -4.6300, acc = 0.7917, lr = 1.000000e-04] (10.8 samples/sec; 11.159 sec/batch)
(E:1, S:19) [loss_dt = 0.3837, loss_qp = 0.4012, total loss = -4.7305, acc = 0.8417, lr = 1.000000e-04] (10.8 samples/sec; 11.081 sec/batch)
(E:1, S:20) [loss_dt = 0.4169, loss_qp = 0.4122, total loss = -4.8341, acc = 0.8500, lr = 1.000000e-04] (10.9 samples/sec; 11.040 sec/batch)
(E:1, S:21) [loss_dt = 0.3803, loss_qp = 0.3747, total loss = -4.8747, acc = 0.8250, lr = 1.000000e-04] (10.9 samples/sec; 10.981 sec/batch)
(E:1, S:22) [loss_dt = 0.4857, loss_qp = 0.3138, total loss = -4.8094, acc = 0.7917, lr = 1.000000e-04] (11.0 samples/sec; 10.862 sec/batch)
(E:1, S:23) [loss_dt = 0.4589, loss_qp = 0.4236, total loss = -4.9179, acc = 0.8083, lr = 1.000000e-04] (11.1 samples/sec; 10.844 sec/batch)
(E:1, S:24) [loss_dt = 0.5774, loss_qp = 0.3687, total loss = -4.9215, acc = 0.7333, lr = 1.000000e-04] (11.1 samples/sec; 10.786 sec/batch)
(E:1, S:25) [loss_dt = 0.5013, loss_qp = 0.3460, total loss = -4.8981, acc = 0.7667, lr = 1.000000e-04] (11.2 samples/sec; 10.723 sec/batch)
(E:1, S:26) [loss_dt = 0.4509, loss_qp = 0.3745, total loss = -4.9250, acc = 0.8167, lr = 1.000000e-04] (11.3 samples/sec; 10.664 sec/batch)
(E:1, S:27) [loss_dt = 0.4460, loss_qp = 0.3859, total loss = -4.9667, acc = 0.8000, lr = 1.000000e-04] (11.3 samples/sec; 10.615 sec/batch)
(E:1, S:28) [loss_dt = 0.3218, loss_qp = 0.3430, total loss = -4.9524, acc = 0.8750, lr = 1.000000e-04] (11.3 samples/sec; 10.605 sec/batch)
(E:1, S:29) [loss_dt = 0.2851, loss_qp = 0.3672, total loss = -4.9795, acc = 0.8833, lr = 1.000000e-04] (11.3 samples/sec; 10.612 sec/batch)
(E:1, S:30) [loss_dt = 0.3147, loss_qp = 0.4629, total loss = -5.1444, acc = 0.8583, lr = 1.000000e-04] (11.3 samples/sec; 10.590 sec/batch)
(E:1, S:31) [loss_dt = 0.2447, loss_qp = 0.3193, total loss = -5.0845, acc = 0.8667, lr = 1.000000e-04] (11.3 samples/sec; 10.593 sec/batch)
(E:1, S:32) [loss_dt = 0.2893, loss_qp = 0.3198, total loss = -5.0267, acc = 0.9000, lr = 1.000000e-04] (11.3 samples/sec; 10.587 sec/batch)
(E:1, S:33) [loss_dt = 0.3404, loss_qp = 0.4678, total loss = -5.1917, acc = 0.8417, lr = 1.000000e-04] (11.3 samples/sec; 10.579 sec/batch)
(E:1, S:34) [loss_dt = 0.3880, loss_qp = 0.3822, total loss = -5.2070, acc = 0.8417, lr = 1.000000e-04] (11.3 samples/sec; 10.605 sec/batch)
(E:1, S:35) [loss_dt = 0.3234, loss_qp = 0.3995, total loss = -5.2531, acc = 0.8750, lr = 1.000000e-04] (11.3 samples/sec; 10.626 sec/batch)
(E:1, S:36) [loss_dt = 0.4007, loss_qp = 0.3764, total loss = -5.2524, acc = 0.8083, lr = 1.000000e-04] (11.3 samples/sec; 10.587 sec/batch)
(E:1, S:37) [loss_dt = 0.4093, loss_qp = 0.3741, total loss = -5.2473, acc = 0.8250, lr = 1.000000e-04] (11.4 samples/sec; 10.562 sec/batch)
(E:1, S:38) [loss_dt = 0.3514, loss_qp = 0.4387, total loss = -5.3456, acc = 0.8417, lr = 1.000000e-04] (11.4 samples/sec; 10.557 sec/batch)
(E:1, S:39) [loss_dt = 0.4436, loss_qp = 0.3107, total loss = -5.2327, acc = 0.8333, lr = 1.000000e-04] (11.4 samples/sec; 10.554 sec/batch)
(E:1, S:40) [loss_dt = 0.3955, loss_qp = 0.3823, total loss = -5.2433, acc = 0.8333, lr = 1.000000e-04] (11.4 samples/sec; 10.516 sec/batch)
(E:1, S:41) [loss_dt = 0.3879, loss_qp = 0.3628, total loss = -5.2243, acc = 0.7917, lr = 1.000000e-04] (11.5 samples/sec; 10.461 sec/batch)
(E:1, S:42) [loss_dt = 0.3650, loss_qp = 0.3939, total loss = -5.2563, acc = 0.8083, lr = 1.000000e-04] (11.4 samples/sec; 10.495 sec/batch)
(E:1, S:43) [loss_dt = 0.4941, loss_qp = 0.3547, total loss = -5.2132, acc = 0.7667, lr = 1.000000e-04] (11.4 samples/sec; 10.497 sec/batch)
(E:1, S:44) [loss_dt = 0.4959, loss_qp = 0.3991, total loss = -5.2410, acc = 0.7917, lr = 1.000000e-04] (12.0 samples/sec; 9.985 sec/batch)
(E:1, S:45) [loss_dt = 0.4831, loss_qp = 0.4252, total loss = -5.3063, acc = 0.8167, lr = 1.000000e-04] (13.3 samples/sec; 9.017 sec/batch)
(E:1, S:46) [loss_dt = 0.4565, loss_qp = 0.5156, total loss = -5.5035, acc = 0.8333, lr = 1.000000e-04] (14.7 samples/sec; 8.144 sec/batch)
(E:1, S:47) [loss_dt = 0.4087, loss_qp = 0.5255, total loss = -5.7005, acc = 0.8250, lr = 1.000000e-04] (16.3 samples/sec; 7.363 sec/batch)
(E:1, S:48) [loss_dt = 0.3475, loss_qp = 0.2488, total loss = -5.4688, acc = 0.8583, lr = 1.000000e-04] (18.0 samples/sec; 6.663 sec/batch)
(E:1, S:49) [loss_dt = 0.4732, loss_qp = 0.4224, total loss = -5.5082, acc = 0.8000, lr = 1.000000e-04] (19.9 samples/sec; 6.041 sec/batch)
(E:1, S:50) [loss_dt = 0.3821, loss_qp = 0.3614, total loss = -5.4612, acc = 0.8167, lr = 1.000000e-04] (21.9 samples/sec; 5.476 sec/batch)
(E:1, S:51) [loss_dt = 0.3393, loss_qp = 0.4623, total loss = -5.5747, acc = 0.8667, lr = 1.000000e-04] (24.1 samples/sec; 4.969 sec/batch)
PLCC: 0.4413, SROCC: 0.3437, Acc: 0.7558
(E:2, S:0) [loss_dt = 0.4315, loss_qp = 0.2629, total loss = -5.3684, acc = 0.8417, lr = 7.943282e-05] (6.3 samples/sec; 19.164 sec/batch)
(E:2, S:1) [loss_dt = 0.5432, loss_qp = 0.4038, total loss = -5.3829, acc = 0.7500, lr = 7.943282e-05] (6.9 samples/sec; 17.295 sec/batch)
(E:2, S:2) [loss_dt = 0.5437, loss_qp = 0.4047, total loss = -5.3973, acc = 0.7750, lr = 7.943282e-05] (7.7 samples/sec; 15.612 sec/batch)
(E:2, S:3) [loss_dt = 0.3699, loss_qp = 0.3360, total loss = -5.3245, acc = 0.8417, lr = 7.943282e-05] (8.5 samples/sec; 14.085 sec/batch)
(E:2, S:4) [loss_dt = 0.4865, loss_qp = 0.3755, total loss = -5.3067, acc = 0.7917, lr = 7.943282e-05] (9.4 samples/sec; 12.716 sec/batch)
(E:2, S:5) [loss_dt = 0.2821, loss_qp = 0.4405, total loss = -5.4086, acc = 0.8750, lr = 7.943282e-05] (9.8 samples/sec; 12.210 sec/batch)
(E:2, S:6) [loss_dt = 0.4087, loss_qp = 0.3851, total loss = -5.4045, acc = 0.8167, lr = 7.943282e-05] (10.0 samples/sec; 12.018 sec/batch)
(E:2, S:7) [loss_dt = 0.4520, loss_qp = 0.3058, total loss = -5.2775, acc = 0.7750, lr = 7.943282e-05] (10.1 samples/sec; 11.863 sec/batch)
(E:2, S:8) [loss_dt = 0.4193, loss_qp = 0.4418, total loss = -5.3706, acc = 0.8000, lr = 7.943282e-05] (10.2 samples/sec; 11.728 sec/batch)
(E:2, S:9) [loss_dt = 0.3057, loss_qp = 0.4634, total loss = -5.4981, acc = 0.8833, lr = 7.943282e-05] (10.4 samples/sec; 11.593 sec/batch)
(E:2, S:10) [loss_dt = 0.4045, loss_qp = 0.3955, total loss = -5.5011, acc = 0.8083, lr = 7.943282e-05] (10.5 samples/sec; 11.438 sec/batch)
(E:2, S:11) [loss_dt = 0.3746, loss_qp = 0.3842, total loss = -5.4898, acc = 0.8333, lr = 7.943282e-05] (10.6 samples/sec; 11.324 sec/batch)
(E:2, S:12) [loss_dt = 0.3308, loss_qp = 0.3989, total loss = -5.5061, acc = 0.8417, lr = 7.943282e-05] (10.7 samples/sec; 11.189 sec/batch)
(E:2, S:13) [loss_dt = 0.4047, loss_qp = 0.3628, total loss = -5.4591, acc = 0.8167, lr = 7.943282e-05] (10.8 samples/sec; 11.082 sec/batch)
(E:2, S:14) [loss_dt = 0.3462, loss_qp = 0.3484, total loss = -5.4012, acc = 0.8417, lr = 7.943282e-05] (10.9 samples/sec; 10.982 sec/batch)
(E:2, S:15) [loss_dt = 0.3494, loss_qp = 0.4546, total loss = -5.5080, acc = 0.8500, lr = 7.943282e-05] (11.0 samples/sec; 10.891 sec/batch)
(E:2, S:16) [loss_dt = 0.5801, loss_qp = 0.5380, total loss = -5.7063, acc = 0.7583, lr = 7.943282e-05] (11.1 samples/sec; 10.801 sec/batch)
(E:2, S:17) [loss_dt = 0.5295, loss_qp = 0.4318, total loss = -5.7303, acc = 0.7917, lr = 7.943282e-05] (11.2 samples/sec; 10.742 sec/batch)
(E:2, S:18) [loss_dt = 0.3338, loss_qp = 0.4694, total loss = -5.8280, acc = 0.8333, lr = 7.943282e-05] (11.2 samples/sec; 10.696 sec/batch)
(E:2, S:19) [loss_dt = 0.3941, loss_qp = 0.4793, total loss = -5.9247, acc = 0.8417, lr = 7.943282e-05] (11.2 samples/sec; 10.693 sec/batch)
(E:2, S:20) [loss_dt = 0.4115, loss_qp = 0.4343, total loss = -5.9425, acc = 0.8417, lr = 7.943282e-05] (11.2 samples/sec; 10.687 sec/batch)
(E:2, S:21) [loss_dt = 0.2907, loss_qp = 0.3257, total loss = -5.8078, acc = 0.8667, lr = 7.943282e-05] (11.2 samples/sec; 10.674 sec/batch)
(E:2, S:22) [loss_dt = 0.3553, loss_qp = 0.4309, total loss = -5.8379, acc = 0.8500, lr = 7.943282e-05] (11.2 samples/sec; 10.667 sec/batch)
(E:2, S:23) [loss_dt = 0.3198, loss_qp = 0.3539, total loss = -5.7529, acc = 0.8667, lr = 7.943282e-05] (11.3 samples/sec; 10.616 sec/batch)
(E:2, S:24) [loss_dt = 0.6334, loss_qp = 0.3537, total loss = -5.6448, acc = 0.7500, lr = 7.943282e-05] (11.3 samples/sec; 10.614 sec/batch)
(E:2, S:25) [loss_dt = 0.3656, loss_qp = 0.4355, total loss = -5.6970, acc = 0.8500, lr = 7.943282e-05] (11.3 samples/sec; 10.596 sec/batch)
(E:2, S:26) [loss_dt = 0.3537, loss_qp = 0.3814, total loss = -5.6640, acc = 0.8667, lr = 7.943282e-05] (11.4 samples/sec; 10.561 sec/batch)
(E:2, S:27) [loss_dt = 0.4093, loss_qp = 0.4587, total loss = -5.7447, acc = 0.8417, lr = 7.943282e-05] (11.5 samples/sec; 10.446 sec/batch)
(E:2, S:28) [loss_dt = 0.2973, loss_qp = 0.5266, total loss = -5.9304, acc = 0.8833, lr = 7.943282e-05] (11.6 samples/sec; 10.351 sec/batch)
(E:2, S:29) [loss_dt = 0.3356, loss_qp = 0.3621, total loss = -5.8469, acc = 0.8667, lr = 7.943282e-05] (11.7 samples/sec; 10.252 sec/batch)
(E:2, S:30) [loss_dt = 0.2110, loss_qp = 0.4830, total loss = -5.9656, acc = 0.9167, lr = 7.943282e-05] (11.8 samples/sec; 10.158 sec/batch)
(E:2, S:31) [loss_dt = 0.3896, loss_qp = 0.4073, total loss = -5.9411, acc = 0.8250, lr = 7.943282e-05] (11.9 samples/sec; 10.079 sec/batch)
(E:2, S:32) [loss_dt = 0.2451, loss_qp = 0.4452, total loss = -5.9902, acc = 0.9000, lr = 7.943282e-05] (12.0 samples/sec; 10.006 sec/batch)
(E:2, S:33) [loss_dt = 0.5585, loss_qp = 0.5130, total loss = -6.1048, acc = 0.7750, lr = 7.943282e-05] (12.0 samples/sec; 9.991 sec/batch)
(E:2, S:34) [loss_dt = 0.5230, loss_qp = 0.4776, total loss = -6.1585, acc = 0.7833, lr = 7.943282e-05] (12.1 samples/sec; 9.930 sec/batch)
(E:2, S:35) [loss_dt = 0.4848, loss_qp = 0.4343, total loss = -6.1456, acc = 0.7750, lr = 7.943282e-05] (12.2 samples/sec; 9.864 sec/batch)
(E:2, S:36) [loss_dt = 0.5084, loss_qp = 0.4817, total loss = -6.2027, acc = 0.7833, lr = 7.943282e-05] (12.2 samples/sec; 9.797 sec/batch)
(E:2, S:37) [loss_dt = 0.4462, loss_qp = 0.4737, total loss = -6.2484, acc = 0.8083, lr = 7.943282e-05] (12.3 samples/sec; 9.748 sec/batch)
(E:2, S:38) [loss_dt = 0.4509, loss_qp = 0.3664, total loss = -6.1280, acc = 0.7917, lr = 7.943282e-05] (12.4 samples/sec; 9.699 sec/batch)
(E:2, S:39) [loss_dt = 0.5999, loss_qp = 0.4816, total loss = -6.1777, acc = 0.7417, lr = 7.943282e-05] (12.4 samples/sec; 9.664 sec/batch)
(E:2, S:40) [loss_dt = 0.7554, loss_qp = 0.3935, total loss = -6.0746, acc = 0.6833, lr = 7.943282e-05] (12.5 samples/sec; 9.637 sec/batch)
(E:2, S:41) [loss_dt = 0.6039, loss_qp = 0.3554, total loss = -5.9398, acc = 0.7417, lr = 7.943282e-05] (12.5 samples/sec; 9.610 sec/batch)
(E:2, S:42) [loss_dt = 0.4757, loss_qp = 0.4115, total loss = -5.9155, acc = 0.7917, lr = 7.943282e-05] (12.5 samples/sec; 9.584 sec/batch)
(E:2, S:43) [loss_dt = 0.4585, loss_qp = 0.4392, total loss = -5.9368, acc = 0.8250, lr = 7.943282e-05] (12.5 samples/sec; 9.562 sec/batch)
(E:2, S:44) [loss_dt = 0.4284, loss_qp = 0.4621, total loss = -5.9934, acc = 0.8083, lr = 7.943282e-05] (13.2 samples/sec; 9.072 sec/batch)
(E:2, S:45) [loss_dt = 0.3563, loss_qp = 0.3360, total loss = -5.8625, acc = 0.8417, lr = 7.943282e-05] (14.6 samples/sec; 8.199 sec/batch)
(E:2, S:46) [loss_dt = 0.3482, loss_qp = 0.4622, total loss = -5.9348, acc = 0.8750, lr = 7.943282e-05] (16.2 samples/sec; 7.412 sec/batch)
(E:2, S:47) [loss_dt = 0.3109, loss_qp = 0.5719, total loss = -6.1680, acc = 0.8417, lr = 7.943282e-05] (17.9 samples/sec; 6.702 sec/batch)
(E:2, S:48) [loss_dt = 0.3143, loss_qp = 0.3375, total loss = -6.0260, acc = 0.8750, lr = 7.943282e-05] (19.8 samples/sec; 6.063 sec/batch)
(E:2, S:49) [loss_dt = 0.3996, loss_qp = 0.3587, total loss = -5.9214, acc = 0.8333, lr = 7.943282e-05] (21.9 samples/sec; 5.487 sec/batch)
(E:2, S:50) [loss_dt = 0.2708, loss_qp = 0.5045, total loss = -6.0590, acc = 0.8750, lr = 7.943282e-05] (24.1 samples/sec; 4.970 sec/batch)
(E:2, S:51) [loss_dt = 0.3411, loss_qp = 0.4486, total loss = -6.0918, acc = 0.8500, lr = 7.943282e-05] (26.6 samples/sec; 4.507 sec/batch)
PLCC: 0.4386, SROCC: 0.3478, Acc: 0.7712
(E:3, S:0) [loss_dt = 0.4023, loss_qp = 0.2069, total loss = -5.7528, acc = 0.8250, lr = 6.309573e-05] (7.0 samples/sec; 17.263 sec/batch)
(E:3, S:1) [loss_dt = 0.4359, loss_qp = 0.3169, total loss = -5.6092, acc = 0.8583, lr = 6.309573e-05] (7.7 samples/sec; 15.584 sec/batch)
(E:3, S:2) [loss_dt = 0.3265, loss_qp = 0.4271, total loss = -5.6563, acc = 0.8333, lr = 6.309573e-05] (8.5 samples/sec; 14.060 sec/batch)
(E:3, S:3) [loss_dt = 0.3463, loss_qp = 0.4674, total loss = -5.7572, acc = 0.8417, lr = 6.309573e-05] (9.5 samples/sec; 12.691 sec/batch)
(E:3, S:4) [loss_dt = 0.3932, loss_qp = 0.4508, total loss = -5.8184, acc = 0.8333, lr = 6.309573e-05] (10.5 samples/sec; 11.454 sec/batch)
(E:3, S:5) [loss_dt = 0.5472, loss_qp = 0.4839, total loss = -5.9076, acc = 0.7250, lr = 6.309573e-05] (10.9 samples/sec; 11.021 sec/batch)
(E:3, S:6) [loss_dt = 0.5192, loss_qp = 0.3954, total loss = -5.8581, acc = 0.8167, lr = 6.309573e-05] (11.1 samples/sec; 10.859 sec/batch)
(E:3, S:7) [loss_dt = 0.5205, loss_qp = 0.4958, total loss = -5.9639, acc = 0.8000, lr = 6.309573e-05] (11.2 samples/sec; 10.723 sec/batch)
(E:3, S:8) [loss_dt = 0.4902, loss_qp = 0.4802, total loss = -6.0388, acc = 0.7833, lr = 6.309573e-05] (11.4 samples/sec; 10.568 sec/batch)
(E:3, S:9) [loss_dt = 0.5942, loss_qp = 0.3412, total loss = -5.8874, acc = 0.7833, lr = 6.309573e-05] (11.5 samples/sec; 10.440 sec/batch)
(E:3, S:10) [loss_dt = 0.6072, loss_qp = 0.4632, total loss = -5.9327, acc = 0.7333, lr = 6.309573e-05] (11.6 samples/sec; 10.327 sec/batch)
(E:3, S:11) [loss_dt = 0.4264, loss_qp = 0.4649, total loss = -5.9941, acc = 0.8000, lr = 6.309573e-05] (11.7 samples/sec; 10.223 sec/batch)
(E:3, S:12) [loss_dt = 0.5308, loss_qp = 0.5139, total loss = -6.1125, acc = 0.7917, lr = 6.309573e-05] (11.9 samples/sec; 10.125 sec/batch)
(E:3, S:13) [loss_dt = 0.4886, loss_qp = 0.3501, total loss = -5.9776, acc = 0.8167, lr = 6.309573e-05] (11.9 samples/sec; 10.044 sec/batch)
(E:3, S:14) [loss_dt = 0.4524, loss_qp = 0.4522, total loss = -6.0129, acc = 0.8250, lr = 6.309573e-05] (12.0 samples/sec; 9.980 sec/batch)
(E:3, S:15) [loss_dt = 0.3982, loss_qp = 0.4238, total loss = -6.0076, acc = 0.8000, lr = 6.309573e-05] (12.1 samples/sec; 9.926 sec/batch)
(E:3, S:16) [loss_dt = 0.3690, loss_qp = 0.4378, total loss = -6.0266, acc = 0.8000, lr = 6.309573e-05] (12.1 samples/sec; 9.878 sec/batch)
(E:3, S:17) [loss_dt = 0.3139, loss_qp = 0.4774, total loss = -6.1086, acc = 0.8667, lr = 6.309573e-05] (12.2 samples/sec; 9.816 sec/batch)
(E:3, S:18) [loss_dt = 0.3913, loss_qp = 0.3903, total loss = -6.0440, acc = 0.8250, lr = 6.309573e-05] (12.3 samples/sec; 9.775 sec/batch)
(E:3, S:19) [loss_dt = 0.3822, loss_qp = 0.4878, total loss = -6.1332, acc = 0.8417, lr = 6.309573e-05] (12.3 samples/sec; 9.723 sec/batch)
(E:3, S:20) [loss_dt = 0.4171, loss_qp = 0.4246, total loss = -6.1151, acc = 0.8167, lr = 6.309573e-05] (12.4 samples/sec; 9.689 sec/batch)
(E:3, S:21) [loss_dt = 0.4263, loss_qp = 0.5573, total loss = -6.2968, acc = 0.8250, lr = 6.309573e-05] (12.4 samples/sec; 9.649 sec/batch)
(E:3, S:22) [loss_dt = 0.3951, loss_qp = 0.4982, total loss = -6.3750, acc = 0.8500, lr = 6.309573e-05] (12.4 samples/sec; 9.641 sec/batch)
(E:3, S:23) [loss_dt = 0.3738, loss_qp = 0.3558, total loss = -6.2338, acc = 0.8167, lr = 6.309573e-05] (12.5 samples/sec; 9.639 sec/batch)
(E:3, S:24) [loss_dt = 0.3492, loss_qp = 0.5180, total loss = -6.3525, acc = 0.8667, lr = 6.309573e-05] (12.4 samples/sec; 9.645 sec/batch)
(E:3, S:25) [loss_dt = 0.2471, loss_qp = 0.3931, total loss = -6.2822, acc = 0.8833, lr = 6.309573e-05] (12.4 samples/sec; 9.660 sec/batch)
(E:3, S:26) [loss_dt = 0.4029, loss_qp = 0.3706, total loss = -6.1696, acc = 0.8250, lr = 6.309573e-05] (12.4 samples/sec; 9.649 sec/batch)
(E:3, S:27) [loss_dt = 0.3352, loss_qp = 0.5262, total loss = -6.3083, acc = 0.8250, lr = 6.309573e-05] (12.5 samples/sec; 9.618 sec/batch)
(E:3, S:28) [loss_dt = 0.5459, loss_qp = 0.5559, total loss = -6.4568, acc = 0.7417, lr = 6.309573e-05] (12.5 samples/sec; 9.631 sec/batch)
(E:3, S:29) [loss_dt = 0.5043, loss_qp = 0.4197, total loss = -6.3903, acc = 0.7583, lr = 6.309573e-05] (12.5 samples/sec; 9.635 sec/batch)
(E:3, S:30) [loss_dt = 0.3723, loss_qp = 0.3851, total loss = -6.2916, acc = 0.8000, lr = 6.309573e-05] (12.5 samples/sec; 9.637 sec/batch)
(E:3, S:31) [loss_dt = 0.4357, loss_qp = 0.4654, total loss = -6.3170, acc = 0.8250, lr = 6.309573e-05] (12.5 samples/sec; 9.633 sec/batch)
(E:3, S:32) [loss_dt = 0.4258, loss_qp = 0.4240, total loss = -6.2787, acc = 0.8250, lr = 6.309573e-05] (12.5 samples/sec; 9.638 sec/batch)
(E:3, S:33) [loss_dt = 0.3242, loss_qp = 0.4524, total loss = -6.2971, acc = 0.8667, lr = 6.309573e-05] (12.5 samples/sec; 9.618 sec/batch)
(E:3, S:34) [loss_dt = 0.3926, loss_qp = 0.4207, total loss = -6.2592, acc = 0.8333, lr = 6.309573e-05] (12.5 samples/sec; 9.612 sec/batch)
(E:3, S:35) [loss_dt = 0.3329, loss_qp = 0.5497, total loss = -6.4245, acc = 0.8667, lr = 6.309573e-05] (12.5 samples/sec; 9.584 sec/batch)
(E:3, S:36) [loss_dt = 0.3845, loss_qp = 0.4285, total loss = -6.3863, acc = 0.8417, lr = 6.309573e-05] (12.6 samples/sec; 9.554 sec/batch)
(E:3, S:37) [loss_dt = 0.3648, loss_qp = 0.5514, total loss = -6.5382, acc = 0.8583, lr = 6.309573e-05] (12.6 samples/sec; 9.531 sec/batch)
(E:3, S:38) [loss_dt = 0.3509, loss_qp = 0.5020, total loss = -6.6024, acc = 0.8333, lr = 6.309573e-05] (12.6 samples/sec; 9.505 sec/batch)
(E:3, S:39) [loss_dt = 0.4392, loss_qp = 0.5107, total loss = -6.6643, acc = 0.7917, lr = 6.309573e-05] (12.6 samples/sec; 9.491 sec/batch)
(E:3, S:40) [loss_dt = 0.3992, loss_qp = 0.4662, total loss = -6.6572, acc = 0.8083, lr = 6.309573e-05] (12.7 samples/sec; 9.476 sec/batch)
(E:3, S:41) [loss_dt = 0.3933, loss_qp = 0.4465, total loss = -6.6220, acc = 0.8167, lr = 6.309573e-05] (12.7 samples/sec; 9.455 sec/batch)
(E:3, S:42) [loss_dt = 0.3982, loss_qp = 0.5233, total loss = -6.7049, acc = 0.8583, lr = 6.309573e-05] (12.7 samples/sec; 9.446 sec/batch)
(E:3, S:43) [loss_dt = 0.3594, loss_qp = 0.5262, total loss = -6.7878, acc = 0.8417, lr = 6.309573e-05] (12.7 samples/sec; 9.435 sec/batch)
(E:3, S:44) [loss_dt = 0.3692, loss_qp = 0.3260, total loss = -6.5611, acc = 0.8333, lr = 6.309573e-05] (13.4 samples/sec; 8.961 sec/batch)
(E:3, S:45) [loss_dt = 0.3712, loss_qp = 0.4801, total loss = -6.5881, acc = 0.8333, lr = 6.309573e-05] (14.8 samples/sec; 8.096 sec/batch)
(E:3, S:46) [loss_dt = 0.6642, loss_qp = 0.3412, total loss = -6.3747, acc = 0.7333, lr = 6.309573e-05] (16.4 samples/sec; 7.321 sec/batch)
(E:3, S:47) [loss_dt = 0.4450, loss_qp = 0.5590, total loss = -6.5313, acc = 0.8083, lr = 6.309573e-05] (18.1 samples/sec; 6.619 sec/batch)
(E:3, S:48) [loss_dt = 0.5761, loss_qp = 0.4255, total loss = -6.4587, acc = 0.7750, lr = 6.309573e-05] (20.0 samples/sec; 5.987 sec/batch)
(E:3, S:49) [loss_dt = 0.6788, loss_qp = 0.4860, total loss = -6.4740, acc = 0.7333, lr = 6.309573e-05] (22.1 samples/sec; 5.421 sec/batch)
(E:3, S:50) [loss_dt = 0.4590, loss_qp = 0.5271, total loss = -6.5713, acc = 0.7917, lr = 6.309573e-05] (24.4 samples/sec; 4.911 sec/batch)
(E:3, S:51) [loss_dt = 0.6191, loss_qp = 0.3341, total loss = -6.3534, acc = 0.7417, lr = 6.309573e-05] (26.9 samples/sec; 4.456 sec/batch)
PLCC: 0.4520, SROCC: 0.3928, Acc: 0.7192
(E:4, S:0) [loss_dt = 0.6291, loss_qp = 0.4213, total loss = -6.2872, acc = 0.7500, lr = 5.011872e-05] (7.0 samples/sec; 17.139 sec/batch)
(E:4, S:1) [loss_dt = 0.5388, loss_qp = 0.4468, total loss = -6.2747, acc = 0.8000, lr = 5.011872e-05] (7.8 samples/sec; 15.458 sec/batch)
(E:4, S:2) [loss_dt = 0.3715, loss_qp = 0.5608, total loss = -6.4513, acc = 0.8417, lr = 5.011872e-05] (8.6 samples/sec; 13.950 sec/batch)
(E:4, S:3) [loss_dt = 0.3776, loss_qp = 0.4804, total loss = -6.4890, acc = 0.8250, lr = 5.011872e-05] (9.5 samples/sec; 12.594 sec/batch)
(E:4, S:4) [loss_dt = 0.2817, loss_qp = 0.3986, total loss = -6.4098, acc = 0.8500, lr = 5.011872e-05] (10.6 samples/sec; 11.373 sec/batch)
(E:4, S:5) [loss_dt = 0.3571, loss_qp = 0.4330, total loss = -6.3826, acc = 0.8833, lr = 5.011872e-05] (11.0 samples/sec; 10.885 sec/batch)
(E:4, S:6) [loss_dt = 0.2977, loss_qp = 0.4782, total loss = -6.4318, acc = 0.8500, lr = 5.011872e-05] (11.2 samples/sec; 10.756 sec/batch)
(E:4, S:7) [loss_dt = 0.2942, loss_qp = 0.2889, total loss = -6.1926, acc = 0.8417, lr = 5.011872e-05] (11.3 samples/sec; 10.618 sec/batch)
(E:4, S:8) [loss_dt = 0.2755, loss_qp = 0.4914, total loss = -6.2828, acc = 0.8750, lr = 5.011872e-05] (11.4 samples/sec; 10.484 sec/batch)
(E:4, S:9) [loss_dt = 0.3327, loss_qp = 0.5361, total loss = -6.4255, acc = 0.8333, lr = 5.011872e-05] (11.6 samples/sec; 10.369 sec/batch)
(E:4, S:10) [loss_dt = 0.3407, loss_qp = 0.4162, total loss = -6.3731, acc = 0.8333, lr = 5.011872e-05] (11.7 samples/sec; 10.263 sec/batch)
(E:4, S:11) [loss_dt = 0.4024, loss_qp = 0.4723, total loss = -6.4041, acc = 0.8167, lr = 5.011872e-05] (11.8 samples/sec; 10.176 sec/batch)
(E:4, S:12) [loss_dt = 0.3141, loss_qp = 0.4179, total loss = -6.3591, acc = 0.8500, lr = 5.011872e-05] (11.9 samples/sec; 10.097 sec/batch)
(E:4, S:13) [loss_dt = 0.5227, loss_qp = 0.4585, total loss = -6.3587, acc = 0.7667, lr = 5.011872e-05] (12.0 samples/sec; 10.016 sec/batch)
(E:4, S:14) [loss_dt = 0.5963, loss_qp = 0.5210, total loss = -6.4447, acc = 0.7417, lr = 5.011872e-05] (12.1 samples/sec; 9.951 sec/batch)
(E:4, S:15) [loss_dt = 0.6137, loss_qp = 0.5099, total loss = -6.5036, acc = 0.7583, lr = 5.011872e-05] (12.1 samples/sec; 9.887 sec/batch)
(E:4, S:16) [loss_dt = 0.5180, loss_qp = 0.4572, total loss = -6.4873, acc = 0.8167, lr = 5.011872e-05] (12.2 samples/sec; 9.832 sec/batch)
(E:4, S:17) [loss_dt = 0.6210, loss_qp = 0.4681, total loss = -6.4786, acc = 0.6917, lr = 5.011872e-05] (12.3 samples/sec; 9.785 sec/batch)
(E:4, S:18) [loss_dt = 0.3981, loss_qp = 0.4906, total loss = -6.5268, acc = 0.8167, lr = 5.011872e-05] (12.3 samples/sec; 9.743 sec/batch)
(E:4, S:19) [loss_dt = 0.5222, loss_qp = 0.5187, total loss = -6.6000, acc = 0.7333, lr = 5.011872e-05] (12.4 samples/sec; 9.689 sec/batch)
(E:4, S:20) [loss_dt = 0.5237, loss_qp = 0.5198, total loss = -6.6673, acc = 0.7750, lr = 5.011872e-05] (12.4 samples/sec; 9.655 sec/batch)
(E:4, S:21) [loss_dt = 0.3779, loss_qp = 0.4649, total loss = -6.6601, acc = 0.8250, lr = 5.011872e-05] (12.5 samples/sec; 9.637 sec/batch)
(E:4, S:22) [loss_dt = 0.3411, loss_qp = 0.3939, total loss = -6.5509, acc = 0.8333, lr = 5.011872e-05] (12.5 samples/sec; 9.609 sec/batch)
(E:4, S:23) [loss_dt = 0.4690, loss_qp = 0.4902, total loss = -6.5841, acc = 0.7917, lr = 5.011872e-05] (12.5 samples/sec; 9.597 sec/batch)
(E:4, S:24) [loss_dt = 0.3598, loss_qp = 0.4816, total loss = -6.6122, acc = 0.8667, lr = 5.011872e-05] (12.5 samples/sec; 9.572 sec/batch)
(E:4, S:25) [loss_dt = 0.3480, loss_qp = 0.4146, total loss = -6.5380, acc = 0.8333, lr = 5.011872e-05] (12.6 samples/sec; 9.541 sec/batch)
(E:4, S:26) [loss_dt = 0.3651, loss_qp = 0.4840, total loss = -6.5737, acc = 0.8667, lr = 5.011872e-05] (12.6 samples/sec; 9.519 sec/batch)
(E:4, S:27) [loss_dt = 0.3600, loss_qp = 0.3922, total loss = -6.4686, acc = 0.8333, lr = 5.011872e-05] (12.6 samples/sec; 9.499 sec/batch)
(E:4, S:28) [loss_dt = 0.3935, loss_qp = 0.3945, total loss = -6.3742, acc = 0.8167, lr = 5.011872e-05] (12.7 samples/sec; 9.483 sec/batch)
(E:4, S:29) [loss_dt = 0.4262, loss_qp = 0.4797, total loss = -6.4137, acc = 0.8333, lr = 5.011872e-05] (12.7 samples/sec; 9.483 sec/batch)
(E:4, S:30) [loss_dt = 0.3073, loss_qp = 0.5127, total loss = -6.5107, acc = 0.8250, lr = 5.011872e-05] (12.7 samples/sec; 9.468 sec/batch)
(E:4, S:31) [loss_dt = 0.3066, loss_qp = 0.5171, total loss = -6.6046, acc = 0.8833, lr = 5.011872e-05] (12.7 samples/sec; 9.453 sec/batch)
(E:4, S:32) [loss_dt = 0.3272, loss_qp = 0.5092, total loss = -6.6752, acc = 0.8417, lr = 5.011872e-05] (12.7 samples/sec; 9.427 sec/batch)
(E:4, S:33) [loss_dt = 0.4747, loss_qp = 0.4731, total loss = -6.6699, acc = 0.7667, lr = 5.011872e-05] (12.7 samples/sec; 9.433 sec/batch)
(E:4, S:34) [loss_dt = 0.7597, loss_qp = 0.5034, total loss = -6.6821, acc = 0.6750, lr = 5.011872e-05] (12.7 samples/sec; 9.450 sec/batch)
(E:4, S:35) [loss_dt = 0.4401, loss_qp = 0.4052, total loss = -6.5776, acc = 0.7667, lr = 5.011872e-05] (12.7 samples/sec; 9.433 sec/batch)
(E:4, S:36) [loss_dt = 0.6543, loss_qp = 0.5014, total loss = -6.6065, acc = 0.7250, lr = 5.011872e-05] (12.7 samples/sec; 9.422 sec/batch)
(E:4, S:37) [loss_dt = 0.7225, loss_qp = 0.3185, total loss = -6.3514, acc = 0.6667, lr = 5.011872e-05] (12.7 samples/sec; 9.416 sec/batch)
(E:4, S:38) [loss_dt = 0.6285, loss_qp = 0.5844, total loss = -6.5301, acc = 0.7167, lr = 5.011872e-05] (12.8 samples/sec; 9.398 sec/batch)
(E:4, S:39) [loss_dt = 0.6257, loss_qp = 0.5574, total loss = -6.6506, acc = 0.7417, lr = 5.011872e-05] (12.8 samples/sec; 9.396 sec/batch)
(E:4, S:40) [loss_dt = 0.3717, loss_qp = 0.4220, total loss = -6.5814, acc = 0.8083, lr = 5.011872e-05] (12.8 samples/sec; 9.400 sec/batch)
(E:4, S:41) [loss_dt = 0.4406, loss_qp = 0.5791, total loss = -6.7479, acc = 0.7583, lr = 5.011872e-05] (12.8 samples/sec; 9.390 sec/batch)
(E:4, S:42) [loss_dt = 0.3333, loss_qp = 0.4254, total loss = -6.6779, acc = 0.8583, lr = 5.011872e-05] (12.8 samples/sec; 9.391 sec/batch)
(E:4, S:43) [loss_dt = 0.3460, loss_qp = 0.4478, total loss = -6.6473, acc = 0.8417, lr = 5.011872e-05] (12.8 samples/sec; 9.381 sec/batch)
(E:4, S:44) [loss_dt = 0.5045, loss_qp = 0.5638, total loss = -6.7778, acc = 0.8167, lr = 5.011872e-05] (13.5 samples/sec; 8.911 sec/batch)
(E:4, S:45) [loss_dt = 0.4528, loss_qp = 0.4839, total loss = -6.7806, acc = 0.8000, lr = 5.011872e-05] (14.9 samples/sec; 8.052 sec/batch)
(E:4, S:46) [loss_dt = 0.2917, loss_qp = 0.5125, total loss = -6.8421, acc = 0.8583, lr = 5.011872e-05] (16.5 samples/sec; 7.278 sec/batch)
(E:4, S:47) [loss_dt = 0.3067, loss_qp = 0.3714, total loss = -6.6843, acc = 0.9000, lr = 5.011872e-05] (18.2 samples/sec; 6.581 sec/batch)
(E:4, S:48) [loss_dt = 0.4024, loss_qp = 0.5403, total loss = -6.7862, acc = 0.8250, lr = 5.011872e-05] (20.1 samples/sec; 5.956 sec/batch)
(E:4, S:49) [loss_dt = 0.2933, loss_qp = 0.4262, total loss = -6.7175, acc = 0.8750, lr = 5.011872e-05] (22.3 samples/sec; 5.391 sec/batch)
(E:4, S:50) [loss_dt = 0.3412, loss_qp = 0.3908, total loss = -6.5979, acc = 0.8583, lr = 5.011872e-05] (24.6 samples/sec; 4.887 sec/batch)
(E:4, S:51) [loss_dt = 0.2512, loss_qp = 0.3783, total loss = -6.4804, acc = 0.8917, lr = 5.011872e-05] (27.1 samples/sec; 4.432 sec/batch)
PLCC: 0.4259, SROCC: 0.3715, Acc: 0.8032
(E:5, S:0) [loss_dt = 0.3256, loss_qp = 0.3974, total loss = -6.3960, acc = 0.8417, lr = 3.981071e-05] (7.0 samples/sec; 17.180 sec/batch)
(E:5, S:1) [loss_dt = 0.3610, loss_qp = 0.5822, total loss = -6.5936, acc = 0.8583, lr = 3.981071e-05] (7.7 samples/sec; 15.512 sec/batch)
(E:5, S:2) [loss_dt = 0.3624, loss_qp = 0.3341, total loss = -6.3991, acc = 0.8583, lr = 3.981071e-05] (8.6 samples/sec; 13.997 sec/batch)
(E:5, S:3) [loss_dt = 0.2452, loss_qp = 0.4493, total loss = -6.4085, acc = 0.9083, lr = 3.981071e-05] (9.5 samples/sec; 12.634 sec/batch)
(E:5, S:4) [loss_dt = 0.4506, loss_qp = 0.5217, total loss = -6.5051, acc = 0.8083, lr = 3.981071e-05] (10.5 samples/sec; 11.406 sec/batch)
(E:5, S:5) [loss_dt = 0.2815, loss_qp = 0.4837, total loss = -6.5520, acc = 0.8583, lr = 3.981071e-05] (10.9 samples/sec; 11.022 sec/batch)
(E:5, S:6) [loss_dt = 0.4535, loss_qp = 0.3790, total loss = -6.4199, acc = 0.7917, lr = 3.981071e-05] (11.0 samples/sec; 10.870 sec/batch)
(E:5, S:7) [loss_dt = 0.3244, loss_qp = 0.5319, total loss = -6.5434, acc = 0.8500, lr = 3.981071e-05] (11.2 samples/sec; 10.739 sec/batch)
(E:5, S:8) [loss_dt = 0.6035, loss_qp = 0.5981, total loss = -6.7259, acc = 0.7500, lr = 3.981071e-05] (11.3 samples/sec; 10.597 sec/batch)
(E:5, S:9) [loss_dt = 0.5052, loss_qp = 0.3055, total loss = -6.4611, acc = 0.7917, lr = 3.981071e-05] (11.5 samples/sec; 10.462 sec/batch)
(E:5, S:10) [loss_dt = 0.5744, loss_qp = 0.5092, total loss = -6.5214, acc = 0.7583, lr = 3.981071e-05] (11.6 samples/sec; 10.338 sec/batch)
(E:5, S:11) [loss_dt = 0.5948, loss_qp = 0.5273, total loss = -6.6007, acc = 0.8083, lr = 3.981071e-05] (11.7 samples/sec; 10.230 sec/batch)
(E:5, S:12) [loss_dt = 0.7379, loss_qp = 0.4112, total loss = -6.4835, acc = 0.6250, lr = 3.981071e-05] (11.8 samples/sec; 10.130 sec/batch)
(E:5, S:13) [loss_dt = 0.5508, loss_qp = 0.4762, total loss = -6.4945, acc = 0.7500, lr = 3.981071e-05] (12.0 samples/sec; 10.041 sec/batch)
(E:5, S:14) [loss_dt = 0.3566, loss_qp = 0.4838, total loss = -6.5350, acc = 0.8083, lr = 3.981071e-05] (12.0 samples/sec; 9.966 sec/batch)
(E:5, S:15) [loss_dt = 0.5784, loss_qp = 0.4328, total loss = -6.4729, acc = 0.7917, lr = 3.981071e-05] (12.1 samples/sec; 9.897 sec/batch)
(E:5, S:16) [loss_dt = 0.4635, loss_qp = 0.4232, total loss = -6.4140, acc = 0.7917, lr = 3.981071e-05] (12.2 samples/sec; 9.854 sec/batch)
(E:5, S:17) [loss_dt = 0.5447, loss_qp = 0.5264, total loss = -6.5077, acc = 0.7833, lr = 3.981071e-05] (12.2 samples/sec; 9.800 sec/batch)
(E:5, S:18) [loss_dt = 0.4489, loss_qp = 0.4065, total loss = -6.4218, acc = 0.8250, lr = 3.981071e-05] (12.3 samples/sec; 9.759 sec/batch)
(E:5, S:19) [loss_dt = 0.5038, loss_qp = 0.5198, total loss = -6.5090, acc = 0.8000, lr = 3.981071e-05] (12.4 samples/sec; 9.710 sec/batch)
(E:5, S:20) [loss_dt = 0.4136, loss_qp = 0.4166, total loss = -6.4416, acc = 0.8417, lr = 3.981071e-05] (12.4 samples/sec; 9.672 sec/batch)
(E:5, S:21) [loss_dt = 0.3571, loss_qp = 0.6146, total loss = -6.6837, acc = 0.8250, lr = 3.981071e-05] (12.5 samples/sec; 9.629 sec/batch)
(E:5, S:22) [loss_dt = 0.5415, loss_qp = 0.5241, total loss = -6.7473, acc = 0.7750, lr = 3.981071e-05] (12.5 samples/sec; 9.596 sec/batch)
(E:5, S:23) [loss_dt = 0.3834, loss_qp = 0.4959, total loss = -6.7781, acc = 0.8667, lr = 3.981071e-05] (12.5 samples/sec; 9.567 sec/batch)
(E:5, S:24) [loss_dt = 0.3166, loss_qp = 0.5173, total loss = -6.8445, acc = 0.8833, lr = 3.981071e-05] (12.6 samples/sec; 9.543 sec/batch)
(E:5, S:25) [loss_dt = 0.3420, loss_qp = 0.4868, total loss = -6.8560, acc = 0.8667, lr = 3.981071e-05] (12.6 samples/sec; 9.511 sec/batch)
(E:5, S:26) [loss_dt = 0.5211, loss_qp = 0.4963, total loss = -6.8627, acc = 0.7750, lr = 3.981071e-05] (12.6 samples/sec; 9.495 sec/batch)
(E:5, S:27) [loss_dt = 0.3759, loss_qp = 0.4420, total loss = -6.8018, acc = 0.8083, lr = 3.981071e-05] (12.7 samples/sec; 9.485 sec/batch)
(E:5, S:28) [loss_dt = 0.3273, loss_qp = 0.4292, total loss = -6.7327, acc = 0.9000, lr = 3.981071e-05] (12.7 samples/sec; 9.478 sec/batch)
(E:5, S:29) [loss_dt = 0.3505, loss_qp = 0.5431, total loss = -6.8391, acc = 0.8167, lr = 3.981071e-05] (12.7 samples/sec; 9.462 sec/batch)
(E:5, S:30) [loss_dt = 0.4154, loss_qp = 0.4924, total loss = -6.8522, acc = 0.8000, lr = 3.981071e-05] (12.7 samples/sec; 9.446 sec/batch)
(E:5, S:31) [loss_dt = 0.2916, loss_qp = 0.4458, total loss = -6.8066, acc = 0.8667, lr = 3.981071e-05] (12.7 samples/sec; 9.428 sec/batch)
(E:5, S:32) [loss_dt = 0.3067, loss_qp = 0.4778, total loss = -6.8119, acc = 0.8417, lr = 3.981071e-05] (12.7 samples/sec; 9.419 sec/batch)
(E:5, S:33) [loss_dt = 0.4058, loss_qp = 0.4615, total loss = -6.7823, acc = 0.8167, lr = 3.981071e-05] (12.8 samples/sec; 9.410 sec/batch)
(E:5, S:34) [loss_dt = 0.3421, loss_qp = 0.4945, total loss = -6.8116, acc = 0.8750, lr = 3.981071e-05] (12.8 samples/sec; 9.399 sec/batch)
(E:5, S:35) [loss_dt = 0.5111, loss_qp = 0.4857, total loss = -6.8079, acc = 0.7833, lr = 3.981071e-05] (12.8 samples/sec; 9.385 sec/batch)
(E:5, S:36) [loss_dt = 0.3514, loss_qp = 0.3688, total loss = -6.6451, acc = 0.8333, lr = 3.981071e-05] (12.8 samples/sec; 9.378 sec/batch)
(E:5, S:37) [loss_dt = 0.5434, loss_qp = 0.6109, total loss = -6.8427, acc = 0.7917, lr = 3.981071e-05] (12.8 samples/sec; 9.373 sec/batch)
(E:5, S:38) [loss_dt = 0.5441, loss_qp = 0.5351, total loss = -6.9067, acc = 0.7667, lr = 3.981071e-05] (12.8 samples/sec; 9.353 sec/batch)
(E:5, S:39) [loss_dt = 0.3536, loss_qp = 0.4358, total loss = -6.8344, acc = 0.8500, lr = 3.981071e-05] (12.8 samples/sec; 9.353 sec/batch)
(E:5, S:40) [loss_dt = 0.5706, loss_qp = 0.4890, total loss = -6.8274, acc = 0.7500, lr = 3.981071e-05] (12.8 samples/sec; 9.349 sec/batch)
(E:5, S:41) [loss_dt = 0.6464, loss_qp = 0.4870, total loss = -6.8105, acc = 0.7583, lr = 3.981071e-05] (12.9 samples/sec; 9.338 sec/batch)
(E:5, S:42) [loss_dt = 0.6162, loss_qp = 0.4443, total loss = -6.7343, acc = 0.7667, lr = 3.981071e-05] (12.9 samples/sec; 9.332 sec/batch)
(E:5, S:43) [loss_dt = 0.5491, loss_qp = 0.4837, total loss = -6.7316, acc = 0.7417, lr = 3.981071e-05] (12.9 samples/sec; 9.334 sec/batch)
(E:5, S:44) [loss_dt = 0.5725, loss_qp = 0.5107, total loss = -6.7672, acc = 0.7917, lr = 3.981071e-05] (13.5 samples/sec; 8.868 sec/batch)
(E:5, S:45) [loss_dt = 0.4906, loss_qp = 0.5918, total loss = -6.9291, acc = 0.8000, lr = 3.981071e-05] (15.0 samples/sec; 8.015 sec/batch)
(E:5, S:46) [loss_dt = 0.3283, loss_qp = 0.4523, total loss = -6.8818, acc = 0.8500, lr = 3.981071e-05] (16.6 samples/sec; 7.247 sec/batch)
(E:5, S:47) [loss_dt = 0.4253, loss_qp = 0.4173, total loss = -6.7770, acc = 0.7583, lr = 3.981071e-05] (18.3 samples/sec; 6.558 sec/batch)
(E:5, S:48) [loss_dt = 0.5396, loss_qp = 0.4482, total loss = -6.7176, acc = 0.7417, lr = 3.981071e-05] (20.2 samples/sec; 5.936 sec/batch)
(E:5, S:49) [loss_dt = 0.3915, loss_qp = 0.4623, total loss = -6.7000, acc = 0.8500, lr = 3.981071e-05] (22.3 samples/sec; 5.377 sec/batch)
(E:5, S:50) [loss_dt = 0.4508, loss_qp = 0.5832, total loss = -6.8598, acc = 0.8000, lr = 3.981071e-05] (24.6 samples/sec; 4.871 sec/batch)
(E:5, S:51) [loss_dt = 0.3480, loss_qp = 0.4665, total loss = -6.8388, acc = 0.8500, lr = 3.981071e-05] (27.2 samples/sec; 4.415 sec/batch)
PLCC: 0.4335, SROCC: 0.3809, Acc: 0.7808
(E:6, S:0) [loss_dt = 0.3923, loss_qp = 0.4915, total loss = -6.8529, acc = 0.8333, lr = 3.162277e-05] (6.9 samples/sec; 17.283 sec/batch)
(E:6, S:1) [loss_dt = 0.4296, loss_qp = 0.4747, total loss = -6.8367, acc = 0.7833, lr = 3.162277e-05] (7.7 samples/sec; 15.602 sec/batch)
(E:6, S:2) [loss_dt = 0.3580, loss_qp = 0.4050, total loss = -6.7248, acc = 0.8417, lr = 3.162277e-05] (8.5 samples/sec; 14.075 sec/batch)
(E:6, S:3) [loss_dt = 0.2708, loss_qp = 0.4253, total loss = -6.6631, acc = 0.8833, lr = 3.162277e-05] (9.4 samples/sec; 12.704 sec/batch)
(E:6, S:4) [loss_dt = 0.4101, loss_qp = 0.5557, total loss = -6.7893, acc = 0.8250, lr = 3.162277e-05] (10.5 samples/sec; 11.472 sec/batch)
(E:6, S:5) [loss_dt = 0.4025, loss_qp = 0.4754, total loss = -6.7832, acc = 0.8250, lr = 3.162277e-05] (11.0 samples/sec; 10.913 sec/batch)
(E:6, S:6) [loss_dt = 0.3629, loss_qp = 0.6144, total loss = -6.9902, acc = 0.8417, lr = 3.162277e-05] (11.1 samples/sec; 10.781 sec/batch)
(E:6, S:7) [loss_dt = 0.4188, loss_qp = 0.5273, total loss = -7.0403, acc = 0.7917, lr = 3.162277e-05] (11.2 samples/sec; 10.668 sec/batch)
(E:6, S:8) [loss_dt = 0.3132, loss_qp = 0.4098, total loss = -6.9196, acc = 0.8750, lr = 3.162277e-05] (11.4 samples/sec; 10.522 sec/batch)
(E:6, S:9) [loss_dt = 0.3687, loss_qp = 0.4689, total loss = -6.8941, acc = 0.8250, lr = 3.162277e-05] (11.5 samples/sec; 10.400 sec/batch)
(E:6, S:10) [loss_dt = 0.4159, loss_qp = 0.4378, total loss = -6.8198, acc = 0.8000, lr = 3.162277e-05] (11.7 samples/sec; 10.290 sec/batch)
(E:6, S:11) [loss_dt = 0.4354, loss_qp = 0.5008, total loss = -6.8455, acc = 0.8333, lr = 3.162277e-05] (11.8 samples/sec; 10.191 sec/batch)
(E:6, S:12) [loss_dt = 0.4609, loss_qp = 0.4292, total loss = -6.7587, acc = 0.7833, lr = 3.162277e-05] (11.9 samples/sec; 10.091 sec/batch)
(E:6, S:13) [loss_dt = 0.6997, loss_qp = 0.4751, total loss = -6.7255, acc = 0.7750, lr = 3.162277e-05] (12.0 samples/sec; 10.006 sec/batch)
(E:6, S:14) [loss_dt = 0.5437, loss_qp = 0.5335, total loss = -6.7988, acc = 0.7250, lr = 3.162277e-05] (12.1 samples/sec; 9.937 sec/batch)
(E:6, S:15) [loss_dt = 0.6014, loss_qp = 0.5011, total loss = -6.8103, acc = 0.7500, lr = 3.162277e-05] (12.2 samples/sec; 9.872 sec/batch)
(E:6, S:16) [loss_dt = 0.6441, loss_qp = 0.6012, total loss = -6.9667, acc = 0.7417, lr = 3.162277e-05] (12.2 samples/sec; 9.830 sec/batch)
(E:6, S:17) [loss_dt = 0.5867, loss_qp = 0.5339, total loss = -7.0122, acc = 0.7750, lr = 3.162277e-05] (12.3 samples/sec; 9.773 sec/batch)
(E:6, S:18) [loss_dt = 0.4857, loss_qp = 0.3961, total loss = -6.8565, acc = 0.7667, lr = 3.162277e-05] (12.3 samples/sec; 9.729 sec/batch)
(E:6, S:19) [loss_dt = 0.6345, loss_qp = 0.5767, total loss = -6.9725, acc = 0.7583, lr = 3.162277e-05] (12.4 samples/sec; 9.682 sec/batch)
(E:6, S:20) [loss_dt = 0.3844, loss_qp = 0.6072, total loss = -7.1476, acc = 0.8583, lr = 3.162277e-05] (12.4 samples/sec; 9.647 sec/batch)
(E:6, S:21) [loss_dt = 0.4213, loss_qp = 0.5141, total loss = -7.1619, acc = 0.8250, lr = 3.162277e-05] (12.5 samples/sec; 9.617 sec/batch)
(E:6, S:22) [loss_dt = 0.3713, loss_qp = 0.3747, total loss = -6.9707, acc = 0.8417, lr = 3.162277e-05] (12.5 samples/sec; 9.612 sec/batch)
(E:6, S:23) [loss_dt = 0.3357, loss_qp = 0.5600, total loss = -7.0800, acc = 0.8333, lr = 3.162277e-05] (12.5 samples/sec; 9.572 sec/batch)
(E:6, S:24) [loss_dt = 0.3752, loss_qp = 0.5394, total loss = -7.1436, acc = 0.8250, lr = 3.162277e-05] (12.6 samples/sec; 9.552 sec/batch)
(E:6, S:25) [loss_dt = 0.4113, loss_qp = 0.5686, total loss = -7.2410, acc = 0.8250, lr = 3.162277e-05] (12.6 samples/sec; 9.517 sec/batch)
(E:6, S:26) [loss_dt = 0.5078, loss_qp = 0.4836, total loss = -7.1915, acc = 0.8000, lr = 3.162277e-05] (12.6 samples/sec; 9.493 sec/batch)
(E:6, S:27) [loss_dt = 0.4870, loss_qp = 0.4231, total loss = -7.0584, acc = 0.7667, lr = 3.162277e-05] (12.7 samples/sec; 9.476 sec/batch)
(E:6, S:28) [loss_dt = 0.2754, loss_qp = 0.3990, total loss = -6.9235, acc = 0.9000, lr = 3.162277e-05] (12.7 samples/sec; 9.464 sec/batch)
(E:6, S:29) [loss_dt = 0.4184, loss_qp = 0.4913, total loss = -6.9263, acc = 0.8417, lr = 3.162277e-05] (12.7 samples/sec; 9.450 sec/batch)
(E:6, S:30) [loss_dt = 0.4082, loss_qp = 0.5151, total loss = -6.9655, acc = 0.8083, lr = 3.162277e-05] (12.7 samples/sec; 9.448 sec/batch)
(E:6, S:31) [loss_dt = 0.6349, loss_qp = 0.5567, total loss = -7.0406, acc = 0.7583, lr = 3.162277e-05] (12.7 samples/sec; 9.430 sec/batch)
(E:6, S:32) [loss_dt = 0.3483, loss_qp = 0.5024, total loss = -7.0554, acc = 0.8500, lr = 3.162277e-05] (12.7 samples/sec; 9.479 sec/batch)
(E:6, S:33) [loss_dt = 0.5622, loss_qp = 0.5449, total loss = -7.1110, acc = 0.7667, lr = 3.162277e-05] (12.7 samples/sec; 9.468 sec/batch)
(E:6, S:34) [loss_dt = 0.4113, loss_qp = 0.4532, total loss = -7.0386, acc = 0.8667, lr = 3.162277e-05] (12.7 samples/sec; 9.479 sec/batch)
(E:6, S:35) [loss_dt = 0.4973, loss_qp = 0.5619, total loss = -7.1279, acc = 0.8000, lr = 3.162277e-05] (12.7 samples/sec; 9.478 sec/batch)
(E:6, S:36) [loss_dt = 0.5014, loss_qp = 0.4796, total loss = -7.0843, acc = 0.8000, lr = 3.162277e-05] (12.7 samples/sec; 9.483 sec/batch)
(E:6, S:37) [loss_dt = 0.2802, loss_qp = 0.5767, total loss = -7.2129, acc = 0.8583, lr = 3.162277e-05] (12.7 samples/sec; 9.464 sec/batch)
(E:6, S:38) [loss_dt = 0.6663, loss_qp = 0.5629, total loss = -7.2693, acc = 0.7250, lr = 3.162277e-05] (12.7 samples/sec; 9.456 sec/batch)
(E:6, S:39) [loss_dt = 0.4917, loss_qp = 0.5362, total loss = -7.2976, acc = 0.7917, lr = 3.162277e-05] (12.7 samples/sec; 9.442 sec/batch)
(E:6, S:40) [loss_dt = 0.8536, loss_qp = 0.5979, total loss = -7.3792, acc = 0.6917, lr = 3.162277e-05] (12.7 samples/sec; 9.449 sec/batch)
(E:6, S:41) [loss_dt = 0.6506, loss_qp = 0.5672, total loss = -7.4271, acc = 0.7167, lr = 3.162277e-05] (12.7 samples/sec; 9.430 sec/batch)
(E:6, S:42) [loss_dt = 0.5774, loss_qp = 0.4721, total loss = -7.3348, acc = 0.7667, lr = 3.162277e-05] (12.7 samples/sec; 9.414 sec/batch)
(E:6, S:43) [loss_dt = 0.4738, loss_qp = 0.5047, total loss = -7.3111, acc = 0.8000, lr = 3.162277e-05] (12.8 samples/sec; 9.403 sec/batch)
(E:6, S:44) [loss_dt = 0.5614, loss_qp = 0.4230, total loss = -7.1583, acc = 0.7750, lr = 3.162277e-05] (13.4 samples/sec; 8.931 sec/batch)
(E:6, S:45) [loss_dt = 0.5498, loss_qp = 0.5310, total loss = -7.1840, acc = 0.8000, lr = 3.162277e-05] (14.9 samples/sec; 8.072 sec/batch)
(E:6, S:46) [loss_dt = 0.3530, loss_qp = 0.4324, total loss = -7.0789, acc = 0.8417, lr = 3.162277e-05] (16.4 samples/sec; 7.300 sec/batch)
(E:6, S:47) [loss_dt = 0.3109, loss_qp = 0.4404, total loss = -7.0005, acc = 0.8833, lr = 3.162277e-05] (18.2 samples/sec; 6.602 sec/batch)
(E:6, S:48) [loss_dt = 0.3502, loss_qp = 0.4074, total loss = -6.8765, acc = 0.8500, lr = 3.162277e-05] (20.1 samples/sec; 5.975 sec/batch)
(E:6, S:49) [loss_dt = 0.3732, loss_qp = 0.4830, total loss = -6.8760, acc = 0.8333, lr = 3.162277e-05] (22.2 samples/sec; 5.411 sec/batch)
(E:6, S:50) [loss_dt = 0.2491, loss_qp = 0.3513, total loss = -6.6904, acc = 0.8917, lr = 3.162277e-05] (24.5 samples/sec; 4.904 sec/batch)
(E:6, S:51) [loss_dt = 0.3173, loss_qp = 0.4150, total loss = -6.6121, acc = 0.8833, lr = 3.162277e-05] (27.0 samples/sec; 4.447 sec/batch)
PLCC: 0.4670, SROCC: 0.4192, Acc: 0.7897
(E:7, S:0) [loss_dt = 0.4330, loss_qp = 0.4814, total loss = -6.6297, acc = 0.8000, lr = 2.511886e-05] (7.0 samples/sec; 17.114 sec/batch)
(E:7, S:1) [loss_dt = 0.4707, loss_qp = 0.5364, total loss = -6.7242, acc = 0.7917, lr = 2.511886e-05] (7.8 samples/sec; 15.447 sec/batch)
(E:7, S:2) [loss_dt = 0.3691, loss_qp = 0.5348, total loss = -6.8172, acc = 0.8750, lr = 2.511886e-05] (8.6 samples/sec; 13.947 sec/batch)
(E:7, S:3) [loss_dt = 0.3062, loss_qp = 0.5310, total loss = -6.9013, acc = 0.8583, lr = 2.511886e-05] (9.5 samples/sec; 12.586 sec/batch)
(E:7, S:4) [loss_dt = 0.3844, loss_qp = 0.4516, total loss = -6.8501, acc = 0.8167, lr = 2.511886e-05] (10.6 samples/sec; 11.361 sec/batch)
(E:7, S:5) [loss_dt = 0.4004, loss_qp = 0.4554, total loss = -6.8082, acc = 0.7917, lr = 2.511886e-05] (11.1 samples/sec; 10.845 sec/batch)
(E:7, S:6) [loss_dt = 0.5195, loss_qp = 0.5037, total loss = -6.8309, acc = 0.7750, lr = 2.511886e-05] (11.2 samples/sec; 10.698 sec/batch)
(E:7, S:7) [loss_dt = 0.5415, loss_qp = 0.4914, total loss = -6.8307, acc = 0.7750, lr = 2.511886e-05] (11.4 samples/sec; 10.569 sec/batch)
(E:7, S:8) [loss_dt = 0.5175, loss_qp = 0.5194, total loss = -6.8750, acc = 0.8083, lr = 2.511886e-05] (11.5 samples/sec; 10.432 sec/batch)
(E:7, S:9) [loss_dt = 0.4832, loss_qp = 0.5387, total loss = -6.9472, acc = 0.7833, lr = 2.511886e-05] (11.6 samples/sec; 10.311 sec/batch)
(E:7, S:10) [loss_dt = 0.5918, loss_qp = 0.5024, total loss = -6.9468, acc = 0.7417, lr = 2.511886e-05] (11.7 samples/sec; 10.218 sec/batch)
(E:7, S:11) [loss_dt = 0.4230, loss_qp = 0.5204, total loss = -6.9904, acc = 0.8250, lr = 2.511886e-05] (11.9 samples/sec; 10.113 sec/batch)
(E:7, S:12) [loss_dt = 0.5365, loss_qp = 0.4042, total loss = -6.8440, acc = 0.7583, lr = 2.511886e-05] (12.0 samples/sec; 10.028 sec/batch)
(E:7, S:13) [loss_dt = 0.5057, loss_qp = 0.5179, total loss = -6.8858, acc = 0.8250, lr = 2.511886e-05] (12.1 samples/sec; 9.951 sec/batch)
(E:7, S:14) [loss_dt = 0.3654, loss_qp = 0.4768, total loss = -6.8759, acc = 0.8667, lr = 2.511886e-05] (12.1 samples/sec; 9.889 sec/batch)
(E:7, S:15) [loss_dt = 0.3738, loss_qp = 0.4250, total loss = -6.7885, acc = 0.8500, lr = 2.511886e-05] (12.2 samples/sec; 9.841 sec/batch)
(E:7, S:16) [loss_dt = 0.4032, loss_qp = 0.5606, total loss = -6.9103, acc = 0.8583, lr = 2.511886e-05] (12.3 samples/sec; 9.790 sec/batch)
(E:7, S:17) [loss_dt = 0.3625, loss_qp = 0.5329, total loss = -6.9823, acc = 0.8583, lr = 2.511886e-05] (12.3 samples/sec; 9.745 sec/batch)
(E:7, S:18) [loss_dt = 0.3078, loss_qp = 0.4263, total loss = -6.8928, acc = 0.8583, lr = 2.511886e-05] (12.4 samples/sec; 9.712 sec/batch)
(E:7, S:19) [loss_dt = 0.5685, loss_qp = 0.5185, total loss = -6.9245, acc = 0.7500, lr = 2.511886e-05] (12.4 samples/sec; 9.671 sec/batch)
(E:7, S:20) [loss_dt = 0.2754, loss_qp = 0.4898, total loss = -6.9392, acc = 0.8833, lr = 2.511886e-05] (12.4 samples/sec; 9.659 sec/batch)
(E:7, S:21) [loss_dt = 0.4153, loss_qp = 0.5440, total loss = -7.0198, acc = 0.8083, lr = 2.511886e-05] (12.5 samples/sec; 9.635 sec/batch)
(E:7, S:22) [loss_dt = 0.3788, loss_qp = 0.6164, total loss = -7.2045, acc = 0.8333, lr = 2.511886e-05] (12.5 samples/sec; 9.600 sec/batch)
(E:7, S:23) [loss_dt = 0.5757, loss_qp = 0.4851, total loss = -7.1541, acc = 0.7417, lr = 2.511886e-05] (12.6 samples/sec; 9.561 sec/batch)
(E:7, S:24) [loss_dt = 0.4869, loss_qp = 0.5494, total loss = -7.2141, acc = 0.8167, lr = 2.511886e-05] (12.6 samples/sec; 9.543 sec/batch)
(E:7, S:25) [loss_dt = 0.4129, loss_qp = 0.3825, total loss = -7.0252, acc = 0.8500, lr = 2.511886e-05] (12.6 samples/sec; 9.508 sec/batch)
(E:7, S:26) [loss_dt = 0.5015, loss_qp = 0.3978, total loss = -6.8693, acc = 0.8250, lr = 2.511886e-05] (12.7 samples/sec; 9.476 sec/batch)
(E:7, S:27) [loss_dt = 0.5622, loss_qp = 0.4843, total loss = -6.8526, acc = 0.7500, lr = 2.511886e-05] (12.7 samples/sec; 9.475 sec/batch)
(E:7, S:28) [loss_dt = 0.5232, loss_qp = 0.4970, total loss = -6.8606, acc = 0.7750, lr = 2.511886e-05] (12.7 samples/sec; 9.470 sec/batch)
(E:7, S:29) [loss_dt = 0.5381, loss_qp = 0.5362, total loss = -6.9250, acc = 0.7917, lr = 2.511886e-05] (12.7 samples/sec; 9.454 sec/batch)
(E:7, S:30) [loss_dt = 0.4406, loss_qp = 0.5408, total loss = -6.9996, acc = 0.8333, lr = 2.511886e-05] (12.7 samples/sec; 9.465 sec/batch)
(E:7, S:31) [loss_dt = 0.5048, loss_qp = 0.5333, total loss = -7.0490, acc = 0.7917, lr = 2.511886e-05] (12.7 samples/sec; 9.445 sec/batch)
(E:7, S:32) [loss_dt = 0.4131, loss_qp = 0.5921, total loss = -7.1910, acc = 0.8333, lr = 2.511886e-05] (12.7 samples/sec; 9.437 sec/batch)
(E:7, S:33) [loss_dt = 0.3354, loss_qp = 0.4048, total loss = -7.0455, acc = 0.8750, lr = 2.511886e-05] (12.7 samples/sec; 9.425 sec/batch)
(E:7, S:34) [loss_dt = 0.4700, loss_qp = 0.5975, total loss = -7.1903, acc = 0.7917, lr = 2.511886e-05] (12.7 samples/sec; 9.420 sec/batch)
(E:7, S:35) [loss_dt = 0.4515, loss_qp = 0.4171, total loss = -7.0518, acc = 0.8417, lr = 2.511886e-05] (12.8 samples/sec; 9.406 sec/batch)
(E:7, S:36) [loss_dt = 0.4101, loss_qp = 0.5003, total loss = -7.0561, acc = 0.8333, lr = 2.511886e-05] (12.8 samples/sec; 9.396 sec/batch)
(E:7, S:37) [loss_dt = 0.5035, loss_qp = 0.5258, total loss = -7.0889, acc = 0.8167, lr = 2.511886e-05] (12.8 samples/sec; 9.407 sec/batch)
(E:7, S:38) [loss_dt = 0.4430, loss_qp = 0.5200, total loss = -7.1156, acc = 0.7833, lr = 2.511886e-05] (12.8 samples/sec; 9.395 sec/batch)
(E:7, S:39) [loss_dt = 0.3598, loss_qp = 0.4588, total loss = -7.0563, acc = 0.8167, lr = 2.511886e-05] (12.8 samples/sec; 9.394 sec/batch)
(E:7, S:40) [loss_dt = 0.3700, loss_qp = 0.4819, total loss = -7.0365, acc = 0.8667, lr = 2.511886e-05] (12.8 samples/sec; 9.397 sec/batch)
(E:7, S:41) [loss_dt = 0.2994, loss_qp = 0.4488, total loss = -6.9761, acc = 0.8333, lr = 2.511886e-05] (12.8 samples/sec; 9.384 sec/batch)
(E:7, S:42) [loss_dt = 0.5017, loss_qp = 0.5601, total loss = -7.0685, acc = 0.7750, lr = 2.511886e-05] (12.8 samples/sec; 9.369 sec/batch)
(E:7, S:43) [loss_dt = 0.3926, loss_qp = 0.4359, total loss = -6.9762, acc = 0.8333, lr = 2.511886e-05] (12.8 samples/sec; 9.369 sec/batch)
(E:7, S:44) [loss_dt = 0.4539, loss_qp = 0.4175, total loss = -6.8595, acc = 0.7833, lr = 2.511886e-05] (13.5 samples/sec; 8.906 sec/batch)
(E:7, S:45) [loss_dt = 0.4584, loss_qp = 0.4175, total loss = -6.7540, acc = 0.7917, lr = 2.511886e-05] (14.9 samples/sec; 8.048 sec/batch)
(E:7, S:46) [loss_dt = 0.4972, loss_qp = 0.6153, total loss = -6.9518, acc = 0.8083, lr = 2.511886e-05] (16.5 samples/sec; 7.278 sec/batch)
(E:7, S:47) [loss_dt = 0.4807, loss_qp = 0.5291, total loss = -7.0022, acc = 0.8417, lr = 2.511886e-05] (18.2 samples/sec; 6.583 sec/batch)
(E:7, S:48) [loss_dt = 0.3388, loss_qp = 0.5161, total loss = -7.0423, acc = 0.8500, lr = 2.511886e-05] (20.1 samples/sec; 5.959 sec/batch)
(E:7, S:49) [loss_dt = 0.2948, loss_qp = 0.5541, total loss = -7.1398, acc = 0.8750, lr = 2.511886e-05] (22.2 samples/sec; 5.398 sec/batch)
(E:7, S:50) [loss_dt = 0.5020, loss_qp = 0.5543, total loss = -7.2072, acc = 0.7750, lr = 2.511886e-05] (24.5 samples/sec; 4.893 sec/batch)
(E:7, S:51) [loss_dt = 0.3095, loss_qp = 0.5910, total loss = -7.3419, acc = 0.8750, lr = 2.511886e-05] (27.0 samples/sec; 4.437 sec/batch)
PLCC: 0.4466, SROCC: 0.3995, Acc: 0.7615
(E:8, S:0) [loss_dt = 0.5361, loss_qp = 0.4450, total loss = -7.2216, acc = 0.7917, lr = 1.995262e-05] (7.1 samples/sec; 16.932 sec/batch)
(E:8, S:1) [loss_dt = 0.5296, loss_qp = 0.5316, total loss = -7.2438, acc = 0.7667, lr = 1.995262e-05] (7.9 samples/sec; 15.284 sec/batch)
(E:8, S:2) [loss_dt = 0.4530, loss_qp = 0.5543, total loss = -7.3056, acc = 0.7583, lr = 1.995262e-05] (8.7 samples/sec; 13.809 sec/batch)
(E:8, S:3) [loss_dt = 0.4465, loss_qp = 0.5167, total loss = -7.3054, acc = 0.8417, lr = 1.995262e-05] (9.6 samples/sec; 12.476 sec/batch)
(E:8, S:4) [loss_dt = 0.3600, loss_qp = 0.4094, total loss = -7.1530, acc = 0.8083, lr = 1.995262e-05] (10.7 samples/sec; 11.267 sec/batch)
(E:8, S:5) [loss_dt = 0.4425, loss_qp = 0.5019, total loss = -7.1464, acc = 0.8417, lr = 1.995262e-05] (11.1 samples/sec; 10.824 sec/batch)
(E:8, S:6) [loss_dt = 0.3282, loss_qp = 0.4809, total loss = -7.1203, acc = 0.8333, lr = 1.995262e-05] (11.2 samples/sec; 10.695 sec/batch)
(E:8, S:7) [loss_dt = 0.4344, loss_qp = 0.4316, total loss = -7.0122, acc = 0.8167, lr = 1.995262e-05] (11.4 samples/sec; 10.551 sec/batch)
(E:8, S:8) [loss_dt = 0.4506, loss_qp = 0.5952, total loss = -7.1588, acc = 0.8417, lr = 1.995262e-05] (11.5 samples/sec; 10.419 sec/batch)
(E:8, S:9) [loss_dt = 0.4974, loss_qp = 0.4950, total loss = -7.1356, acc = 0.8167, lr = 1.995262e-05] (11.6 samples/sec; 10.305 sec/batch)
(E:8, S:10) [loss_dt = 0.4748, loss_qp = 0.5236, total loss = -7.1599, acc = 0.8417, lr = 1.995262e-05] (11.8 samples/sec; 10.197 sec/batch)
(E:8, S:11) [loss_dt = 0.4068, loss_qp = 0.4934, total loss = -7.1434, acc = 0.8417, lr = 1.995262e-05] (11.9 samples/sec; 10.097 sec/batch)
(E:8, S:12) [loss_dt = 0.6242, loss_qp = 0.5282, total loss = -7.1590, acc = 0.7250, lr = 1.995262e-05] (12.0 samples/sec; 10.005 sec/batch)
(E:8, S:13) [loss_dt = 0.5285, loss_qp = 0.4925, total loss = -7.1290, acc = 0.8250, lr = 1.995262e-05] (12.1 samples/sec; 9.936 sec/batch)
(E:8, S:14) [loss_dt = 0.3245, loss_qp = 0.5442, total loss = -7.1999, acc = 0.8833, lr = 1.995262e-05] (12.2 samples/sec; 9.876 sec/batch)
(E:8, S:15) [loss_dt = 0.3902, loss_qp = 0.4908, total loss = -7.1771, acc = 0.8083, lr = 1.995262e-05] (12.2 samples/sec; 9.806 sec/batch)
(E:8, S:16) [loss_dt = 0.4450, loss_qp = 0.4406, total loss = -7.0759, acc = 0.8083, lr = 1.995262e-05] (12.3 samples/sec; 9.751 sec/batch)
(E:8, S:17) [loss_dt = 0.4082, loss_qp = 0.5653, total loss = -7.1753, acc = 0.8167, lr = 1.995262e-05] (12.4 samples/sec; 9.701 sec/batch)
(E:8, S:18) [loss_dt = 0.5384, loss_qp = 0.4960, total loss = -7.1480, acc = 0.7917, lr = 1.995262e-05] (12.4 samples/sec; 9.669 sec/batch)
(E:8, S:19) [loss_dt = 0.2850, loss_qp = 0.6620, total loss = -7.3977, acc = 0.9000, lr = 1.995262e-05] (12.5 samples/sec; 9.623 sec/batch)
(E:8, S:20) [loss_dt = 0.4689, loss_qp = 0.5653, total loss = -7.4590, acc = 0.7917, lr = 1.995262e-05] (12.5 samples/sec; 9.590 sec/batch)
(E:8, S:21) [loss_dt = 0.4505, loss_qp = 0.4353, total loss = -7.3210, acc = 0.8167, lr = 1.995262e-05] (12.6 samples/sec; 9.556 sec/batch)
(E:8, S:22) [loss_dt = 0.4084, loss_qp = 0.5407, total loss = -7.3591, acc = 0.8583, lr = 1.995262e-05] (12.6 samples/sec; 9.519 sec/batch)
(E:8, S:23) [loss_dt = 0.4394, loss_qp = 0.4360, total loss = -7.2332, acc = 0.7917, lr = 1.995262e-05] (12.6 samples/sec; 9.489 sec/batch)
(E:8, S:24) [loss_dt = 0.5609, loss_qp = 0.5568, total loss = -7.2890, acc = 0.7917, lr = 1.995262e-05] (12.7 samples/sec; 9.471 sec/batch)
(E:8, S:25) [loss_dt = 0.4567, loss_qp = 0.6291, total loss = -7.4580, acc = 0.8250, lr = 1.995262e-05] (12.7 samples/sec; 9.445 sec/batch)
(E:8, S:26) [loss_dt = 0.3435, loss_qp = 0.5333, total loss = -7.4778, acc = 0.8583, lr = 1.995262e-05] (12.7 samples/sec; 9.435 sec/batch)
(E:8, S:27) [loss_dt = 0.5827, loss_qp = 0.5179, total loss = -7.4487, acc = 0.7917, lr = 1.995262e-05] (12.7 samples/sec; 9.422 sec/batch)
(E:8, S:28) [loss_dt = 0.4102, loss_qp = 0.5728, total loss = -7.5220, acc = 0.8250, lr = 1.995262e-05] (12.7 samples/sec; 9.414 sec/batch)
(E:8, S:29) [loss_dt = 0.4306, loss_qp = 0.3254, total loss = -7.2148, acc = 0.8417, lr = 1.995262e-05] (12.8 samples/sec; 9.401 sec/batch)
(E:8, S:30) [loss_dt = 0.5217, loss_qp = 0.4811, total loss = -7.1629, acc = 0.8000, lr = 1.995262e-05] (12.8 samples/sec; 9.391 sec/batch)
(E:8, S:31) [loss_dt = 0.6440, loss_qp = 0.4759, total loss = -7.0960, acc = 0.7667, lr = 1.995262e-05] (12.8 samples/sec; 9.394 sec/batch)
(E:8, S:32) [loss_dt = 0.5515, loss_qp = 0.5659, total loss = -7.1801, acc = 0.7917, lr = 1.995262e-05] (12.8 samples/sec; 9.383 sec/batch)
(E:8, S:33) [loss_dt = 0.4691, loss_qp = 0.3930, total loss = -7.0048, acc = 0.8250, lr = 1.995262e-05] (12.8 samples/sec; 9.376 sec/batch)
(E:8, S:34) [loss_dt = 0.4756, loss_qp = 0.5182, total loss = -7.0340, acc = 0.7667, lr = 1.995262e-05] (12.8 samples/sec; 9.376 sec/batch)
(E:8, S:35) [loss_dt = 0.3781, loss_qp = 0.5672, total loss = -7.1437, acc = 0.8083, lr = 1.995262e-05] (12.8 samples/sec; 9.367 sec/batch)
(E:8, S:36) [loss_dt = 0.4023, loss_qp = 0.5488, total loss = -7.2123, acc = 0.8500, lr = 1.995262e-05] (12.8 samples/sec; 9.353 sec/batch)
(E:8, S:37) [loss_dt = 0.3538, loss_qp = 0.4413, total loss = -7.1176, acc = 0.8083, lr = 1.995262e-05] (12.8 samples/sec; 9.348 sec/batch)
(E:8, S:38) [loss_dt = 0.4544, loss_qp = 0.5782, total loss = -7.2278, acc = 0.7833, lr = 1.995262e-05] (12.9 samples/sec; 9.330 sec/batch)
(E:8, S:39) [loss_dt = 0.2941, loss_qp = 0.5575, total loss = -7.3118, acc = 0.8917, lr = 1.995262e-05] (12.9 samples/sec; 9.332 sec/batch)
(E:8, S:40) [loss_dt = 0.3784, loss_qp = 0.5379, total loss = -7.3496, acc = 0.8000, lr = 1.995262e-05] (12.9 samples/sec; 9.336 sec/batch)
(E:8, S:41) [loss_dt = 0.4145, loss_qp = 0.4107, total loss = -7.1892, acc = 0.8000, lr = 1.995262e-05] (12.9 samples/sec; 9.337 sec/batch)
(E:8, S:42) [loss_dt = 0.4651, loss_qp = 0.5663, total loss = -7.2733, acc = 0.7750, lr = 1.995262e-05] (12.9 samples/sec; 9.327 sec/batch)
(E:8, S:43) [loss_dt = 0.3492, loss_qp = 0.4395, total loss = -7.1703, acc = 0.8333, lr = 1.995262e-05] (12.9 samples/sec; 9.327 sec/batch)
(E:8, S:44) [loss_dt = 0.4772, loss_qp = 0.5113, total loss = -7.1725, acc = 0.7667, lr = 1.995262e-05] (13.5 samples/sec; 8.873 sec/batch)
(E:8, S:45) [loss_dt = 0.5340, loss_qp = 0.5616, total loss = -7.2443, acc = 0.7750, lr = 1.995262e-05] (15.0 samples/sec; 8.018 sec/batch)
(E:8, S:46) [loss_dt = 0.5432, loss_qp = 0.5997, total loss = -7.3651, acc = 0.7833, lr = 1.995262e-05] (16.6 samples/sec; 7.248 sec/batch)
(E:8, S:47) [loss_dt = 0.3186, loss_qp = 0.5270, total loss = -7.3872, acc = 0.8500, lr = 1.995262e-05] (18.3 samples/sec; 6.556 sec/batch)
(E:8, S:48) [loss_dt = 0.3672, loss_qp = 0.4896, total loss = -7.3462, acc = 0.8417, lr = 1.995262e-05] (20.2 samples/sec; 5.932 sec/batch)
(E:8, S:49) [loss_dt = 0.3641, loss_qp = 0.4547, total loss = -7.2572, acc = 0.8167, lr = 1.995262e-05] (22.3 samples/sec; 5.373 sec/batch)
(E:8, S:50) [loss_dt = 0.2801, loss_qp = 0.5049, total loss = -7.2608, acc = 0.8750, lr = 1.995262e-05] (24.6 samples/sec; 4.869 sec/batch)
(E:8, S:51) [loss_dt = 0.4020, loss_qp = 0.5422, total loss = -7.3078, acc = 0.8083, lr = 1.995262e-05] (27.2 samples/sec; 4.414 sec/batch)
PLCC: 0.4534, SROCC: 0.4138, Acc: 0.7487
(E:9, S:0) [loss_dt = 0.5372, loss_qp = 0.5947, total loss = -7.4154, acc = 0.7583, lr = 1.584893e-05] (7.1 samples/sec; 16.947 sec/batch)
(E:9, S:1) [loss_dt = 0.3485, loss_qp = 0.5119, total loss = -7.4068, acc = 0.8333, lr = 1.584893e-05] (7.8 samples/sec; 15.298 sec/batch)
(E:9, S:2) [loss_dt = 0.3697, loss_qp = 0.3663, total loss = -7.1786, acc = 0.8167, lr = 1.584893e-05] (8.7 samples/sec; 13.800 sec/batch)
(E:9, S:3) [loss_dt = 0.4721, loss_qp = 0.5426, total loss = -7.2274, acc = 0.8083, lr = 1.584893e-05] (9.6 samples/sec; 12.454 sec/batch)
(E:9, S:4) [loss_dt = 0.5615, loss_qp = 0.5602, total loss = -7.2887, acc = 0.7500, lr = 1.584893e-05] (10.7 samples/sec; 11.242 sec/batch)
(E:9, S:5) [loss_dt = 0.4111, loss_qp = 0.5077, total loss = -7.2803, acc = 0.8333, lr = 1.584893e-05] (11.1 samples/sec; 10.821 sec/batch)
(E:9, S:6) [loss_dt = 0.3058, loss_qp = 0.5416, total loss = -7.3341, acc = 0.8750, lr = 1.584893e-05] (11.2 samples/sec; 10.682 sec/batch)
(E:9, S:7) [loss_dt = 0.5904, loss_qp = 0.5372, total loss = -7.3475, acc = 0.7500, lr = 1.584893e-05] (11.4 samples/sec; 10.549 sec/batch)
(E:9, S:8) [loss_dt = 0.5034, loss_qp = 0.5038, total loss = -7.3181, acc = 0.8000, lr = 1.584893e-05] (11.5 samples/sec; 10.418 sec/batch)
(E:9, S:9) [loss_dt = 0.4853, loss_qp = 0.5788, total loss = -7.4061, acc = 0.8000, lr = 1.584893e-05] (11.6 samples/sec; 10.305 sec/batch)
(E:9, S:10) [loss_dt = 0.5508, loss_qp = 0.5041, total loss = -7.3665, acc = 0.7583, lr = 1.584893e-05] (11.8 samples/sec; 10.206 sec/batch)
(E:9, S:11) [loss_dt = 0.5147, loss_qp = 0.5650, total loss = -7.4259, acc = 0.8250, lr = 1.584893e-05] (11.9 samples/sec; 10.115 sec/batch)
(E:9, S:12) [loss_dt = 0.5043, loss_qp = 0.4877, total loss = -7.3644, acc = 0.7833, lr = 1.584893e-05] (12.0 samples/sec; 10.036 sec/batch)
(E:9, S:13) [loss_dt = 0.5611, loss_qp = 0.5659, total loss = -7.4208, acc = 0.7417, lr = 1.584893e-05] (12.1 samples/sec; 9.958 sec/batch)
(E:9, S:14) [loss_dt = 0.3438, loss_qp = 0.5583, total loss = -7.4818, acc = 0.8667, lr = 1.584893e-05] (12.1 samples/sec; 9.894 sec/batch)
(E:9, S:15) [loss_dt = 0.5135, loss_qp = 0.5604, total loss = -7.5229, acc = 0.7583, lr = 1.584893e-05] (12.2 samples/sec; 9.840 sec/batch)
(E:9, S:16) [loss_dt = 0.5979, loss_qp = 0.5572, total loss = -7.5466, acc = 0.7667, lr = 1.584893e-05] (12.3 samples/sec; 9.793 sec/batch)
(E:9, S:17) [loss_dt = 0.3604, loss_qp = 0.5832, total loss = -7.6307, acc = 0.8583, lr = 1.584893e-05] (12.3 samples/sec; 9.745 sec/batch)
(E:9, S:18) [loss_dt = 0.4377, loss_qp = 0.5224, total loss = -7.6074, acc = 0.8333, lr = 1.584893e-05] (12.4 samples/sec; 9.704 sec/batch)
(E:9, S:19) [loss_dt = 0.4103, loss_qp = 0.5261, total loss = -7.5948, acc = 0.8500, lr = 1.584893e-05] (12.4 samples/sec; 9.659 sec/batch)
(E:9, S:20) [loss_dt = 0.4706, loss_qp = 0.6187, total loss = -7.7163, acc = 0.8167, lr = 1.584893e-05] (12.5 samples/sec; 9.616 sec/batch)
(E:9, S:21) [loss_dt = 0.3937, loss_qp = 0.5201, total loss = -7.6855, acc = 0.8333, lr = 1.584893e-05] (12.5 samples/sec; 9.576 sec/batch)
(E:9, S:22) [loss_dt = 0.3581, loss_qp = 0.4260, total loss = -7.5201, acc = 0.8583, lr = 1.584893e-05] (12.6 samples/sec; 9.545 sec/batch)
(E:9, S:23) [loss_dt = 0.4672, loss_qp = 0.5486, total loss = -7.5442, acc = 0.8167, lr = 1.584893e-05] (12.6 samples/sec; 9.518 sec/batch)
(E:9, S:24) [loss_dt = 0.4722, loss_qp = 0.4846, total loss = -7.4695, acc = 0.8083, lr = 1.584893e-05] (12.6 samples/sec; 9.498 sec/batch)
(E:9, S:25) [loss_dt = 0.3750, loss_qp = 0.4500, total loss = -7.3600, acc = 0.8083, lr = 1.584893e-05] (12.7 samples/sec; 9.464 sec/batch)
(E:9, S:26) [loss_dt = 0.5059, loss_qp = 0.4629, total loss = -7.2678, acc = 0.7750, lr = 1.584893e-05] (12.7 samples/sec; 9.447 sec/batch)
(E:9, S:27) [loss_dt = 0.5836, loss_qp = 0.4746, total loss = -7.1945, acc = 0.7833, lr = 1.584893e-05] (12.7 samples/sec; 9.452 sec/batch)
(E:9, S:28) [loss_dt = 0.2603, loss_qp = 0.4368, total loss = -7.1042, acc = 0.9000, lr = 1.584893e-05] (12.7 samples/sec; 9.450 sec/batch)
(E:9, S:29) [loss_dt = 0.4806, loss_qp = 0.4459, total loss = -7.0145, acc = 0.8083, lr = 1.584893e-05] (12.7 samples/sec; 9.437 sec/batch)
(E:9, S:30) [loss_dt = 0.4519, loss_qp = 0.5435, total loss = -7.0831, acc = 0.8167, lr = 1.584893e-05] (12.7 samples/sec; 9.430 sec/batch)
(E:9, S:31) [loss_dt = 0.4435, loss_qp = 0.4931, total loss = -7.0701, acc = 0.8083, lr = 1.584893e-05] (12.8 samples/sec; 9.412 sec/batch)
(E:9, S:32) [loss_dt = 0.3620, loss_qp = 0.4308, total loss = -6.9731, acc = 0.8500, lr = 1.584893e-05] (12.8 samples/sec; 9.395 sec/batch)
(E:9, S:33) [loss_dt = 0.4791, loss_qp = 0.5139, total loss = -6.9988, acc = 0.7917, lr = 1.584893e-05] (12.8 samples/sec; 9.395 sec/batch)
(E:9, S:34) [loss_dt = 0.3683, loss_qp = 0.5548, total loss = -7.0943, acc = 0.8750, lr = 1.584893e-05] (12.8 samples/sec; 9.398 sec/batch)
(E:9, S:35) [loss_dt = 0.4299, loss_qp = 0.5863, total loss = -7.2214, acc = 0.8167, lr = 1.584893e-05] (12.8 samples/sec; 9.403 sec/batch)
(E:9, S:36) [loss_dt = 0.3779, loss_qp = 0.5134, total loss = -7.2316, acc = 0.8333, lr = 1.584893e-05] (12.8 samples/sec; 9.388 sec/batch)
(E:9, S:37) [loss_dt = 0.3393, loss_qp = 0.4731, total loss = -7.1842, acc = 0.8500, lr = 1.584893e-05] (12.8 samples/sec; 9.387 sec/batch)
(E:9, S:38) [loss_dt = 0.4395, loss_qp = 0.5968, total loss = -7.3170, acc = 0.8083, lr = 1.584893e-05] (12.8 samples/sec; 9.371 sec/batch)
(E:9, S:39) [loss_dt = 0.4568, loss_qp = 0.5063, total loss = -7.2990, acc = 0.8083, lr = 1.584893e-05] (12.8 samples/sec; 9.370 sec/batch)
(E:9, S:40) [loss_dt = 0.4703, loss_qp = 0.6069, total loss = -7.4324, acc = 0.8083, lr = 1.584893e-05] (12.8 samples/sec; 9.368 sec/batch)
(E:9, S:41) [loss_dt = 0.5258, loss_qp = 0.4790, total loss = -7.3551, acc = 0.8167, lr = 1.584893e-05] (12.8 samples/sec; 9.364 sec/batch)
(E:9, S:42) [loss_dt = 0.4286, loss_qp = 0.4571, total loss = -7.2624, acc = 0.8500, lr = 1.584893e-05] (12.8 samples/sec; 9.366 sec/batch)
(E:9, S:43) [loss_dt = 0.3391, loss_qp = 0.4883, total loss = -7.2347, acc = 0.8417, lr = 1.584893e-05] (12.8 samples/sec; 9.363 sec/batch)
(E:9, S:44) [loss_dt = 0.6832, loss_qp = 0.5833, total loss = -7.3177, acc = 0.7583, lr = 1.584893e-05] (13.5 samples/sec; 8.903 sec/batch)
(E:9, S:45) [loss_dt = 0.2989, loss_qp = 0.4894, total loss = -7.2902, acc = 0.8750, lr = 1.584893e-05] (14.9 samples/sec; 8.046 sec/batch)
(E:9, S:46) [loss_dt = 0.4588, loss_qp = 0.4157, total loss = -7.1389, acc = 0.7917, lr = 1.584893e-05] (16.5 samples/sec; 7.274 sec/batch)
(E:9, S:47) [loss_dt = 0.3857, loss_qp = 0.5947, total loss = -7.2785, acc = 0.8417, lr = 1.584893e-05] (18.2 samples/sec; 6.579 sec/batch)
(E:9, S:48) [loss_dt = 0.2910, loss_qp = 0.5395, total loss = -7.3308, acc = 0.8583, lr = 1.584893e-05] (20.2 samples/sec; 5.954 sec/batch)
(E:9, S:49) [loss_dt = 0.4030, loss_qp = 0.5442, total loss = -7.3737, acc = 0.8500, lr = 1.584893e-05] (22.3 samples/sec; 5.390 sec/batch)
(E:9, S:50) [loss_dt = 0.3011, loss_qp = 0.5740, total loss = -7.4672, acc = 0.8417, lr = 1.584893e-05] (24.6 samples/sec; 4.883 sec/batch)
(E:9, S:51) [loss_dt = 0.3485, loss_qp = 0.5712, total loss = -7.5424, acc = 0.8333, lr = 1.584893e-05] (27.1 samples/sec; 4.429 sec/batch)
PLCC: 0.4659, SROCC: 0.4233, Acc: 0.7654
(E:10, S:0) [loss_dt = 0.4465, loss_qp = 0.5648, total loss = -7.5907, acc = 0.7917, lr = 1.258926e-05] (7.1 samples/sec; 16.958 sec/batch)
(E:10, S:1) [loss_dt = 0.5116, loss_qp = 0.4387, total loss = -7.4384, acc = 0.8167, lr = 1.258926e-05] (7.8 samples/sec; 15.309 sec/batch)
(E:10, S:2) [loss_dt = 0.4491, loss_qp = 0.4339, total loss = -7.3005, acc = 0.7833, lr = 1.258926e-05] (8.7 samples/sec; 13.819 sec/batch)
(E:10, S:3) [loss_dt = 0.3426, loss_qp = 0.5625, total loss = -7.3799, acc = 0.8083, lr = 1.258926e-05] (9.6 samples/sec; 12.472 sec/batch)
(E:10, S:4) [loss_dt = 0.3330, loss_qp = 0.5196, total loss = -7.3880, acc = 0.8333, lr = 1.258926e-05] (10.7 samples/sec; 11.257 sec/batch)
(E:10, S:5) [loss_dt = 0.2888, loss_qp = 0.3718, total loss = -7.1781, acc = 0.8750, lr = 1.258926e-05] (11.1 samples/sec; 10.821 sec/batch)
(E:10, S:6) [loss_dt = 0.3375, loss_qp = 0.4594, total loss = -7.1156, acc = 0.8417, lr = 1.258926e-05] (11.2 samples/sec; 10.694 sec/batch)
(E:10, S:7) [loss_dt = 0.3192, loss_qp = 0.5588, total loss = -7.2104, acc = 0.8500, lr = 1.258926e-05] (11.4 samples/sec; 10.553 sec/batch)
(E:10, S:8) [loss_dt = 0.4503, loss_qp = 0.5062, total loss = -7.2036, acc = 0.8083, lr = 1.258926e-05] (11.5 samples/sec; 10.413 sec/batch)
(E:10, S:9) [loss_dt = 0.4857, loss_qp = 0.4593, total loss = -7.1235, acc = 0.7833, lr = 1.258926e-05] (11.6 samples/sec; 10.306 sec/batch)
(E:10, S:10) [loss_dt = 0.4186, loss_qp = 0.5678, total loss = -7.2210, acc = 0.7917, lr = 1.258926e-05] (11.8 samples/sec; 10.205 sec/batch)
(E:10, S:11) [loss_dt = 0.4581, loss_qp = 0.4307, total loss = -7.0992, acc = 0.8000, lr = 1.258926e-05] (11.9 samples/sec; 10.101 sec/batch)
(E:10, S:12) [loss_dt = 0.6018, loss_qp = 0.5480, total loss = -7.1510, acc = 0.7667, lr = 1.258926e-05] (12.0 samples/sec; 10.015 sec/batch)
(E:10, S:13) [loss_dt = 0.3579, loss_qp = 0.5805, total loss = -7.2709, acc = 0.8167, lr = 1.258926e-05] (12.1 samples/sec; 9.936 sec/batch)
(E:10, S:14) [loss_dt = 0.4403, loss_qp = 0.5299, total loss = -7.2945, acc = 0.8083, lr = 1.258926e-05] (12.2 samples/sec; 9.876 sec/batch)
(E:10, S:15) [loss_dt = 0.4913, loss_qp = 0.5330, total loss = -7.3155, acc = 0.7750, lr = 1.258926e-05] (12.2 samples/sec; 9.819 sec/batch)
(E:10, S:16) [loss_dt = 0.2896, loss_qp = 0.5465, total loss = -7.3747, acc = 0.8667, lr = 1.258926e-05] (12.3 samples/sec; 9.770 sec/batch)
(E:10, S:17) [loss_dt = 0.4045, loss_qp = 0.6033, total loss = -7.5017, acc = 0.8583, lr = 1.258926e-05] (12.3 samples/sec; 9.728 sec/batch)
(E:10, S:18) [loss_dt = 0.4575, loss_qp = 0.4825, total loss = -7.4295, acc = 0.8000, lr = 1.258926e-05] (12.4 samples/sec; 9.708 sec/batch)
(E:10, S:19) [loss_dt = 0.4936, loss_qp = 0.4145, total loss = -7.2589, acc = 0.8083, lr = 1.258926e-05] (12.4 samples/sec; 9.666 sec/batch)
(E:10, S:20) [loss_dt = 0.4165, loss_qp = 0.5176, total loss = -7.2678, acc = 0.8333, lr = 1.258926e-05] (12.5 samples/sec; 9.635 sec/batch)
(E:10, S:21) [loss_dt = 0.4720, loss_qp = 0.5180, total loss = -7.2709, acc = 0.8000, lr = 1.258926e-05] (12.5 samples/sec; 9.606 sec/batch)
(E:10, S:22) [loss_dt = 0.4723, loss_qp = 0.5346, total loss = -7.2985, acc = 0.8083, lr = 1.258926e-05] (12.5 samples/sec; 9.571 sec/batch)
(E:10, S:23) [loss_dt = 0.3975, loss_qp = 0.4948, total loss = -7.2711, acc = 0.8167, lr = 1.258926e-05] (12.6 samples/sec; 9.545 sec/batch)
(E:10, S:24) [loss_dt = 0.3161, loss_qp = 0.4816, total loss = -7.2348, acc = 0.8750, lr = 1.258926e-05] (12.6 samples/sec; 9.526 sec/batch)
(E:10, S:25) [loss_dt = 0.4235, loss_qp = 0.5566, total loss = -7.3039, acc = 0.8500, lr = 1.258926e-05] (12.6 samples/sec; 9.490 sec/batch)
(E:10, S:26) [loss_dt = 0.4121, loss_qp = 0.5056, total loss = -7.2907, acc = 0.8250, lr = 1.258926e-05] (12.7 samples/sec; 9.467 sec/batch)
(E:10, S:27) [loss_dt = 0.4239, loss_qp = 0.4819, total loss = -7.2421, acc = 0.8000, lr = 1.258926e-05] (12.7 samples/sec; 9.448 sec/batch)
(E:10, S:28) [loss_dt = 0.4151, loss_qp = 0.5086, total loss = -7.2393, acc = 0.8500, lr = 1.258926e-05] (12.7 samples/sec; 9.444 sec/batch)
(E:10, S:29) [loss_dt = 0.4840, loss_qp = 0.5191, total loss = -7.2456, acc = 0.7917, lr = 1.258926e-05] (12.7 samples/sec; 9.434 sec/batch)
(E:10, S:30) [loss_dt = 0.4334, loss_qp = 0.6454, total loss = -7.4458, acc = 0.8083, lr = 1.258926e-05] (12.7 samples/sec; 9.421 sec/batch)
(E:10, S:31) [loss_dt = 0.4118, loss_qp = 0.4529, total loss = -7.3394, acc = 0.8333, lr = 1.258926e-05] (12.8 samples/sec; 9.411 sec/batch)
(E:10, S:32) [loss_dt = 0.5057, loss_qp = 0.4494, total loss = -7.2290, acc = 0.8000, lr = 1.258926e-05] (12.7 samples/sec; 9.412 sec/batch)
(E:10, S:33) [loss_dt = 0.4410, loss_qp = 0.7036, total loss = -7.5173, acc = 0.8000, lr = 1.258926e-05] (12.8 samples/sec; 9.404 sec/batch)
(E:10, S:34) [loss_dt = 0.5165, loss_qp = 0.4257, total loss = -7.3525, acc = 0.8417, lr = 1.258926e-05] (12.7 samples/sec; 9.412 sec/batch)
(E:10, S:35) [loss_dt = 0.3744, loss_qp = 0.6324, total loss = -7.5284, acc = 0.7917, lr = 1.258926e-05] (12.8 samples/sec; 9.404 sec/batch)
(E:10, S:36) [loss_dt = 0.4355, loss_qp = 0.4902, total loss = -7.4672, acc = 0.7917, lr = 1.258926e-05] (12.7 samples/sec; 9.418 sec/batch)
(E:10, S:37) [loss_dt = 0.5403, loss_qp = 0.5803, total loss = -7.5369, acc = 0.7750, lr = 1.258926e-05] (12.7 samples/sec; 9.413 sec/batch)
(E:10, S:38) [loss_dt = 0.5626, loss_qp = 0.4887, total loss = -7.4600, acc = 0.8000, lr = 1.258926e-05] (12.8 samples/sec; 9.399 sec/batch)
(E:10, S:39) [loss_dt = 0.5106, loss_qp = 0.5362, total loss = -7.4672, acc = 0.7667, lr = 1.258926e-05] (12.8 samples/sec; 9.399 sec/batch)
(E:10, S:40) [loss_dt = 0.4868, loss_qp = 0.4132, total loss = -7.2916, acc = 0.7667, lr = 1.258926e-05] (12.8 samples/sec; 9.398 sec/batch)
(E:10, S:41) [loss_dt = 0.4994, loss_qp = 0.5177, total loss = -7.2890, acc = 0.7667, lr = 1.258926e-05] (12.8 samples/sec; 9.386 sec/batch)
(E:10, S:42) [loss_dt = 0.4883, loss_qp = 0.5046, total loss = -7.2683, acc = 0.7667, lr = 1.258926e-05] (12.8 samples/sec; 9.374 sec/batch)
(E:10, S:43) [loss_dt = 0.5464, loss_qp = 0.4143, total loss = -7.1083, acc = 0.7583, lr = 1.258926e-05] (12.8 samples/sec; 9.364 sec/batch)
(E:10, S:44) [loss_dt = 0.3807, loss_qp = 0.6137, total loss = -7.2799, acc = 0.8083, lr = 1.258926e-05] (13.5 samples/sec; 8.900 sec/batch)
(E:10, S:45) [loss_dt = 0.3562, loss_qp = 0.5476, total loss = -7.3377, acc = 0.8250, lr = 1.258926e-05] (14.9 samples/sec; 8.042 sec/batch)
(E:10, S:46) [loss_dt = 0.2728, loss_qp = 0.5460, total loss = -7.3956, acc = 0.8583, lr = 1.258926e-05] (16.5 samples/sec; 7.270 sec/batch)
(E:10, S:47) [loss_dt = 0.3334, loss_qp = 0.4974, total loss = -7.3689, acc = 0.8417, lr = 1.258926e-05] (18.2 samples/sec; 6.577 sec/batch)
(E:10, S:48) [loss_dt = 0.5011, loss_qp = 0.4700, total loss = -7.2869, acc = 0.7833, lr = 1.258926e-05] (20.2 samples/sec; 5.952 sec/batch)
(E:10, S:49) [loss_dt = 0.2146, loss_qp = 0.5677, total loss = -7.3882, acc = 0.9167, lr = 1.258926e-05] (22.3 samples/sec; 5.390 sec/batch)
(E:10, S:50) [loss_dt = 0.4765, loss_qp = 0.5001, total loss = -7.3519, acc = 0.7833, lr = 1.258926e-05] (24.6 samples/sec; 4.885 sec/batch)
(E:10, S:51) [loss_dt = 0.2407, loss_qp = 0.4440, total loss = -7.2586, acc = 0.8917, lr = 1.258926e-05] (27.1 samples/sec; 4.435 sec/batch)
PLCC: 0.4499, SROCC: 0.4105, Acc: 0.7840
(E:11, S:0) [loss_dt = 0.5566, loss_qp = 0.4869, total loss = -7.2075, acc = 0.7333, lr = 1.000000e-05] (7.1 samples/sec; 16.982 sec/batch)
(E:11, S:1) [loss_dt = 0.3398, loss_qp = 0.4727, total loss = -7.1618, acc = 0.8500, lr = 1.000000e-05] (7.8 samples/sec; 15.321 sec/batch)
(E:11, S:2) [loss_dt = 0.4139, loss_qp = 0.5395, total loss = -7.2134, acc = 0.8083, lr = 1.000000e-05] (8.7 samples/sec; 13.823 sec/batch)
(E:11, S:3) [loss_dt = 0.3971, loss_qp = 0.5746, total loss = -7.3144, acc = 0.8333, lr = 1.000000e-05] (9.6 samples/sec; 12.476 sec/batch)
(E:11, S:4) [loss_dt = 0.3055, loss_qp = 0.4796, total loss = -7.2718, acc = 0.8667, lr = 1.000000e-05] (10.7 samples/sec; 11.261 sec/batch)
(E:11, S:5) [loss_dt = 0.3005, loss_qp = 0.4609, total loss = -7.2059, acc = 0.8667, lr = 1.000000e-05] (11.1 samples/sec; 10.843 sec/batch)
(E:11, S:6) [loss_dt = 0.3964, loss_qp = 0.5810, total loss = -7.3172, acc = 0.8417, lr = 1.000000e-05] (11.2 samples/sec; 10.695 sec/batch)
(E:11, S:7) [loss_dt = 0.3602, loss_qp = 0.5050, total loss = -7.3069, acc = 0.8417, lr = 1.000000e-05] (11.4 samples/sec; 10.558 sec/batch)
(E:11, S:8) [loss_dt = 0.4157, loss_qp = 0.4285, total loss = -7.1773, acc = 0.8250, lr = 1.000000e-05] (11.5 samples/sec; 10.426 sec/batch)
(E:11, S:9) [loss_dt = 0.3463, loss_qp = 0.5706, total loss = -7.2808, acc = 0.8583, lr = 1.000000e-05] (11.6 samples/sec; 10.308 sec/batch)
(E:11, S:10) [loss_dt = 0.3347, loss_qp = 0.5953, total loss = -7.4122, acc = 0.8917, lr = 1.000000e-05] (11.8 samples/sec; 10.202 sec/batch)
(E:11, S:11) [loss_dt = 0.4307, loss_qp = 0.5053, total loss = -7.3859, acc = 0.7917, lr = 1.000000e-05] (11.9 samples/sec; 10.106 sec/batch)
(E:11, S:12) [loss_dt = 0.6021, loss_qp = 0.5560, total loss = -7.4212, acc = 0.7500, lr = 1.000000e-05] (12.0 samples/sec; 10.019 sec/batch)
(E:11, S:13) [loss_dt = 0.3743, loss_qp = 0.5441, total loss = -7.4578, acc = 0.8583, lr = 1.000000e-05] (12.1 samples/sec; 9.940 sec/batch)
(E:11, S:14) [loss_dt = 0.4486, loss_qp = 0.5680, total loss = -7.5192, acc = 0.8000, lr = 1.000000e-05] (12.1 samples/sec; 9.879 sec/batch)
(E:11, S:15) [loss_dt = 0.5318, loss_qp = 0.4706, total loss = -7.4200, acc = 0.8083, lr = 1.000000e-05] (12.2 samples/sec; 9.820 sec/batch)
(E:11, S:16) [loss_dt = 0.4854, loss_qp = 0.5566, total loss = -7.4644, acc = 0.7750, lr = 1.000000e-05] (12.3 samples/sec; 9.774 sec/batch)
(E:11, S:17) [loss_dt = 0.4453, loss_qp = 0.5488, total loss = -7.4966, acc = 0.8000, lr = 1.000000e-05] (12.3 samples/sec; 9.723 sec/batch)
(E:11, S:18) [loss_dt = 0.4314, loss_qp = 0.4922, total loss = -7.4421, acc = 0.8083, lr = 1.000000e-05] (12.4 samples/sec; 9.693 sec/batch)
(E:11, S:19) [loss_dt = 0.6037, loss_qp = 0.5991, total loss = -7.5361, acc = 0.7583, lr = 1.000000e-05] (12.4 samples/sec; 9.644 sec/batch)
(E:11, S:20) [loss_dt = 0.4863, loss_qp = 0.5747, total loss = -7.5959, acc = 0.8167, lr = 1.000000e-05] (12.5 samples/sec; 9.616 sec/batch)
(E:11, S:21) [loss_dt = 0.6390, loss_qp = 0.5169, total loss = -7.5478, acc = 0.7333, lr = 1.000000e-05] (12.5 samples/sec; 9.595 sec/batch)
(E:11, S:22) [loss_dt = 0.4357, loss_qp = 0.5525, total loss = -7.5783, acc = 0.8167, lr = 1.000000e-05] (12.6 samples/sec; 9.559 sec/batch)
(E:11, S:23) [loss_dt = 0.5451, loss_qp = 0.4827, total loss = -7.4899, acc = 0.7500, lr = 1.000000e-05] (12.6 samples/sec; 9.527 sec/batch)
(E:11, S:24) [loss_dt = 0.4976, loss_qp = 0.6098, total loss = -7.6058, acc = 0.7667, lr = 1.000000e-05] (12.6 samples/sec; 9.505 sec/batch)
(E:11, S:25) [loss_dt = 0.3794, loss_qp = 0.4485, total loss = -7.4801, acc = 0.8333, lr = 1.000000e-05] (12.7 samples/sec; 9.482 sec/batch)
(E:11, S:26) [loss_dt = 0.4498, loss_qp = 0.5119, total loss = -7.4549, acc = 0.8083, lr = 1.000000e-05] (12.7 samples/sec; 9.458 sec/batch)
(E:11, S:27) [loss_dt = 0.5644, loss_qp = 0.4473, total loss = -7.3240, acc = 0.7583, lr = 1.000000e-05] (12.7 samples/sec; 9.443 sec/batch)
(E:11, S:28) [loss_dt = 0.5206, loss_qp = 0.4910, total loss = -7.2760, acc = 0.7833, lr = 1.000000e-05] (12.7 samples/sec; 9.444 sec/batch)
(E:11, S:29) [loss_dt = 0.4669, loss_qp = 0.4694, total loss = -7.2057, acc = 0.8083, lr = 1.000000e-05] (12.7 samples/sec; 9.451 sec/batch)
(E:11, S:30) [loss_dt = 0.2990, loss_qp = 0.5073, total loss = -7.2162, acc = 0.8750, lr = 1.000000e-05] (12.7 samples/sec; 9.430 sec/batch)
(E:11, S:31) [loss_dt = 0.4069, loss_qp = 0.5482, total loss = -7.2761, acc = 0.8167, lr = 1.000000e-05] (12.7 samples/sec; 9.412 sec/batch)
(E:11, S:32) [loss_dt = 0.3343, loss_qp = 0.5550, total loss = -7.3476, acc = 0.8250, lr = 1.000000e-05] (12.8 samples/sec; 9.391 sec/batch)
(E:11, S:33) [loss_dt = 0.3847, loss_qp = 0.4119, total loss = -7.1922, acc = 0.8167, lr = 1.000000e-05] (12.8 samples/sec; 9.386 sec/batch)
(E:11, S:34) [loss_dt = 0.3890, loss_qp = 0.4395, total loss = -7.0934, acc = 0.8583, lr = 1.000000e-05] (12.8 samples/sec; 9.389 sec/batch)
(E:11, S:35) [loss_dt = 0.5444, loss_qp = 0.5197, total loss = -7.1091, acc = 0.8000, lr = 1.000000e-05] (12.8 samples/sec; 9.377 sec/batch)
(E:11, S:36) [loss_dt = 0.3769, loss_qp = 0.5144, total loss = -7.1321, acc = 0.8583, lr = 1.000000e-05] (12.8 samples/sec; 9.374 sec/batch)
(E:11, S:37) [loss_dt = 0.4827, loss_qp = 0.5593, total loss = -7.2095, acc = 0.7833, lr = 1.000000e-05] (12.8 samples/sec; 9.371 sec/batch)
(E:11, S:38) [loss_dt = 0.4570, loss_qp = 0.6068, total loss = -7.3530, acc = 0.8333, lr = 1.000000e-05] (12.8 samples/sec; 9.354 sec/batch)
(E:11, S:39) [loss_dt = 0.5231, loss_qp = 0.5372, total loss = -7.3712, acc = 0.7583, lr = 1.000000e-05] (12.8 samples/sec; 9.357 sec/batch)
(E:11, S:40) [loss_dt = 0.3729, loss_qp = 0.3901, total loss = -7.1819, acc = 0.8333, lr = 1.000000e-05] (12.8 samples/sec; 9.361 sec/batch)
(E:11, S:41) [loss_dt = 0.4654, loss_qp = 0.5286, total loss = -7.2101, acc = 0.8000, lr = 1.000000e-05] (12.8 samples/sec; 9.348 sec/batch)
(E:11, S:42) [loss_dt = 0.3997, loss_qp = 0.4727, total loss = -7.1582, acc = 0.7750, lr = 1.000000e-05] (12.8 samples/sec; 9.349 sec/batch)
(E:11, S:43) [loss_dt = 0.2754, loss_qp = 0.4639, total loss = -7.1106, acc = 0.8833, lr = 1.000000e-05] (12.8 samples/sec; 9.349 sec/batch)
(E:11, S:44) [loss_dt = 0.4291, loss_qp = 0.5188, total loss = -7.1349, acc = 0.7917, lr = 1.000000e-05] (13.5 samples/sec; 8.887 sec/batch)
(E:11, S:45) [loss_dt = 0.4599, loss_qp = 0.6085, total loss = -7.2882, acc = 0.8083, lr = 1.000000e-05] (14.9 samples/sec; 8.033 sec/batch)
(E:11, S:46) [loss_dt = 0.3235, loss_qp = 0.4561, total loss = -7.2112, acc = 0.8833, lr = 1.000000e-05] (16.5 samples/sec; 7.259 sec/batch)
(E:11, S:47) [loss_dt = 0.3617, loss_qp = 0.5485, total loss = -7.2767, acc = 0.8167, lr = 1.000000e-05] (18.3 samples/sec; 6.566 sec/batch)
(E:11, S:48) [loss_dt = 0.4273, loss_qp = 0.4946, total loss = -7.2482, acc = 0.8333, lr = 1.000000e-05] (20.2 samples/sec; 5.946 sec/batch)
(E:11, S:49) [loss_dt = 0.3806, loss_qp = 0.5959, total loss = -7.3792, acc = 0.8333, lr = 1.000000e-05] (22.3 samples/sec; 5.384 sec/batch)
(E:11, S:50) [loss_dt = 0.4509, loss_qp = 0.5944, total loss = -7.4878, acc = 0.7917, lr = 1.000000e-05] (24.6 samples/sec; 4.877 sec/batch)
(E:11, S:51) [loss_dt = 0.4165, loss_qp = 0.4938, total loss = -7.4380, acc = 0.8083, lr = 1.000000e-05] (27.1 samples/sec; 4.423 sec/batch)
PLCC: 0.4564, SROCC: 0.4136, Acc: 0.7590
(E:12, S:0) [loss_dt = 0.5164, loss_qp = 0.5999, total loss = -7.5423, acc = 0.7750, lr = 7.943281e-06] (7.1 samples/sec; 16.998 sec/batch)
(E:12, S:1) [loss_dt = 0.4181, loss_qp = 0.5423, total loss = -7.5598, acc = 0.8500, lr = 7.943281e-06] (7.8 samples/sec; 15.346 sec/batch)
(E:12, S:2) [loss_dt = 0.4721, loss_qp = 0.5041, total loss = -7.5128, acc = 0.8083, lr = 7.943281e-06] (8.7 samples/sec; 13.848 sec/batch)
(E:12, S:3) [loss_dt = 0.5094, loss_qp = 0.5224, total loss = -7.4942, acc = 0.7750, lr = 7.943281e-06] (9.6 samples/sec; 12.498 sec/batch)
(E:12, S:4) [loss_dt = 0.4834, loss_qp = 0.5618, total loss = -7.5391, acc = 0.7917, lr = 7.943281e-06] (10.6 samples/sec; 11.282 sec/batch)
(E:12, S:5) [loss_dt = 0.3642, loss_qp = 0.4187, total loss = -7.3769, acc = 0.8333, lr = 7.943281e-06] (11.1 samples/sec; 10.820 sec/batch)
(E:12, S:6) [loss_dt = 0.4381, loss_qp = 0.5648, total loss = -7.4425, acc = 0.8083, lr = 7.943281e-06] (11.2 samples/sec; 10.680 sec/batch)
(E:12, S:7) [loss_dt = 0.4326, loss_qp = 0.4803, total loss = -7.3754, acc = 0.8250, lr = 7.943281e-06] (11.4 samples/sec; 10.546 sec/batch)
(E:12, S:8) [loss_dt = 0.4147, loss_qp = 0.4883, total loss = -7.3288, acc = 0.7583, lr = 7.943281e-06] (11.5 samples/sec; 10.422 sec/batch)
(E:12, S:9) [loss_dt = 0.4615, loss_qp = 0.4999, total loss = -7.2996, acc = 0.8167, lr = 7.943281e-06] (11.6 samples/sec; 10.309 sec/batch)
(E:12, S:10) [loss_dt = 0.2872, loss_qp = 0.4445, total loss = -7.2077, acc = 0.8833, lr = 7.943281e-06] (11.8 samples/sec; 10.203 sec/batch)
(E:12, S:11) [loss_dt = 0.4613, loss_qp = 0.6083, total loss = -7.3532, acc = 0.8083, lr = 7.943281e-06] (11.9 samples/sec; 10.104 sec/batch)
(E:12, S:12) [loss_dt = 0.3920, loss_qp = 0.5066, total loss = -7.3387, acc = 0.8167, lr = 7.943281e-06] (12.0 samples/sec; 10.017 sec/batch)
(E:12, S:13) [loss_dt = 0.4477, loss_qp = 0.5127, total loss = -7.3291, acc = 0.8500, lr = 7.943281e-06] (12.1 samples/sec; 9.942 sec/batch)
(E:12, S:14) [loss_dt = 0.4659, loss_qp = 0.6542, total loss = -7.5309, acc = 0.8500, lr = 7.943281e-06] (12.1 samples/sec; 9.888 sec/batch)
(E:12, S:15) [loss_dt = 0.4486, loss_qp = 0.5902, total loss = -7.6183, acc = 0.7917, lr = 7.943281e-06] (12.2 samples/sec; 9.828 sec/batch)
(E:12, S:16) [loss_dt = 0.3646, loss_qp = 0.5161, total loss = -7.5941, acc = 0.8417, lr = 7.943281e-06] (12.3 samples/sec; 9.779 sec/batch)
(E:12, S:17) [loss_dt = 0.4108, loss_qp = 0.5906, total loss = -7.6795, acc = 0.8167, lr = 7.943281e-06] (12.3 samples/sec; 9.726 sec/batch)
(E:12, S:18) [loss_dt = 0.4878, loss_qp = 0.4959, total loss = -7.6066, acc = 0.8000, lr = 7.943281e-06] (12.4 samples/sec; 9.690 sec/batch)
(E:12, S:19) [loss_dt = 0.4959, loss_qp = 0.4036, total loss = -7.4017, acc = 0.8000, lr = 7.943281e-06] (12.4 samples/sec; 9.670 sec/batch)
(E:12, S:20) [loss_dt = 0.4093, loss_qp = 0.5417, total loss = -7.4331, acc = 0.7917, lr = 7.943281e-06] (12.5 samples/sec; 9.631 sec/batch)
(E:12, S:21) [loss_dt = 0.3591, loss_qp = 0.4965, total loss = -7.3986, acc = 0.8500, lr = 7.943281e-06] (12.5 samples/sec; 9.597 sec/batch)
(E:12, S:22) [loss_dt = 0.2881, loss_qp = 0.5435, total loss = -7.4451, acc = 0.8917, lr = 7.943281e-06] (12.5 samples/sec; 9.563 sec/batch)
(E:12, S:23) [loss_dt = 0.4249, loss_qp = 0.5859, total loss = -7.5370, acc = 0.8333, lr = 7.943281e-06] (12.6 samples/sec; 9.539 sec/batch)
(E:12, S:24) [loss_dt = 0.4311, loss_qp = 0.4956, total loss = -7.4835, acc = 0.8000, lr = 7.943281e-06] (12.6 samples/sec; 9.520 sec/batch)
(E:12, S:25) [loss_dt = 0.4148, loss_qp = 0.5227, total loss = -7.4777, acc = 0.8417, lr = 7.943281e-06] (12.6 samples/sec; 9.490 sec/batch)
(E:12, S:26) [loss_dt = 0.4436, loss_qp = 0.4475, total loss = -7.3569, acc = 0.8167, lr = 7.943281e-06] (12.7 samples/sec; 9.470 sec/batch)
(E:12, S:27) [loss_dt = 0.3348, loss_qp = 0.5535, total loss = -7.4180, acc = 0.8750, lr = 7.943281e-06] (12.7 samples/sec; 9.456 sec/batch)
(E:12, S:28) [loss_dt = 0.4795, loss_qp = 0.5337, total loss = -7.4287, acc = 0.8083, lr = 7.943281e-06] (12.7 samples/sec; 9.445 sec/batch)
(E:12, S:29) [loss_dt = 0.3937, loss_qp = 0.5360, total loss = -7.4504, acc = 0.8250, lr = 7.943281e-06] (12.7 samples/sec; 9.435 sec/batch)
(E:12, S:30) [loss_dt = 0.3255, loss_qp = 0.5134, total loss = -7.4429, acc = 0.8333, lr = 7.943281e-06] (12.7 samples/sec; 9.422 sec/batch)
(E:12, S:31) [loss_dt = 0.4132, loss_qp = 0.5438, total loss = -7.4730, acc = 0.8167, lr = 7.943281e-06] (12.7 samples/sec; 9.423 sec/batch)
(E:12, S:32) [loss_dt = 0.4626, loss_qp = 0.5160, total loss = -7.4534, acc = 0.8083, lr = 7.943281e-06] (12.8 samples/sec; 9.404 sec/batch)
(E:12, S:33) [loss_dt = 0.3406, loss_qp = 0.4860, total loss = -7.4030, acc = 0.8417, lr = 7.943281e-06] (12.8 samples/sec; 9.403 sec/batch)
(E:12, S:34) [loss_dt = 0.3561, loss_qp = 0.4824, total loss = -7.3506, acc = 0.8333, lr = 7.943281e-06] (12.8 samples/sec; 9.402 sec/batch)
(E:12, S:35) [loss_dt = 0.4654, loss_qp = 0.4264, total loss = -7.2086, acc = 0.7833, lr = 7.943281e-06] (12.8 samples/sec; 9.398 sec/batch)
(E:12, S:36) [loss_dt = 0.4776, loss_qp = 0.4014, total loss = -7.0421, acc = 0.8083, lr = 7.943281e-06] (12.8 samples/sec; 9.381 sec/batch)
(E:12, S:37) [loss_dt = 0.3147, loss_qp = 0.5342, total loss = -7.1078, acc = 0.8667, lr = 7.943281e-06] (12.8 samples/sec; 9.375 sec/batch)
(E:12, S:38) [loss_dt = 0.4820, loss_qp = 0.5158, total loss = -7.1226, acc = 0.8000, lr = 7.943281e-06] (12.8 samples/sec; 9.363 sec/batch)
(E:12, S:39) [loss_dt = 0.5329, loss_qp = 0.5569, total loss = -7.1924, acc = 0.7750, lr = 7.943281e-06] (12.8 samples/sec; 9.366 sec/batch)
(E:12, S:40) [loss_dt = 0.4690, loss_qp = 0.4970, total loss = -7.1718, acc = 0.8167, lr = 7.943281e-06] (12.8 samples/sec; 9.370 sec/batch)
(E:12, S:41) [loss_dt = 0.4649, loss_qp = 0.5087, total loss = -7.1711, acc = 0.8250, lr = 7.943281e-06] (12.8 samples/sec; 9.355 sec/batch)
(E:12, S:42) [loss_dt = 0.4951, loss_qp = 0.4989, total loss = -7.1528, acc = 0.8000, lr = 7.943281e-06] (12.8 samples/sec; 9.363 sec/batch)
(E:12, S:43) [loss_dt = 0.3667, loss_qp = 0.5145, total loss = -7.1726, acc = 0.8167, lr = 7.943281e-06] (12.8 samples/sec; 9.363 sec/batch)
(E:12, S:44) [loss_dt = 0.4962, loss_qp = 0.5212, total loss = -7.1876, acc = 0.7750, lr = 7.943281e-06] (13.5 samples/sec; 8.901 sec/batch)
(E:12, S:45) [loss_dt = 0.4832, loss_qp = 0.5405, total loss = -7.2313, acc = 0.8083, lr = 7.943281e-06] (14.9 samples/sec; 8.044 sec/batch)
(E:12, S:46) [loss_dt = 0.3608, loss_qp = 0.5077, total loss = -7.2337, acc = 0.8750, lr = 7.943281e-06] (16.5 samples/sec; 7.273 sec/batch)
(E:12, S:47) [loss_dt = 0.3952, loss_qp = 0.5161, total loss = -7.2450, acc = 0.8250, lr = 7.943281e-06] (18.2 samples/sec; 6.583 sec/batch)
(E:12, S:48) [loss_dt = 0.4830, loss_qp = 0.4828, total loss = -7.1964, acc = 0.8000, lr = 7.943281e-06] (20.1 samples/sec; 5.960 sec/batch)
(E:12, S:49) [loss_dt = 0.5495, loss_qp = 0.5916, total loss = -7.3092, acc = 0.7750, lr = 7.943281e-06] (22.2 samples/sec; 5.397 sec/batch)
(E:12, S:50) [loss_dt = 0.4058, loss_qp = 0.6140, total loss = -7.4587, acc = 0.8417, lr = 7.943281e-06] (24.5 samples/sec; 4.895 sec/batch)
(E:12, S:51) [loss_dt = 0.3754, loss_qp = 0.5491, total loss = -7.4990, acc = 0.8333, lr = 7.943281e-06] (27.0 samples/sec; 4.439 sec/batch)
PLCC: 0.4587, SROCC: 0.4205, Acc: 0.7814
(E:13, S:0) [loss_dt = 0.4571, loss_qp = 0.4707, total loss = -7.4095, acc = 0.8500, lr = 6.309573e-06] (7.0 samples/sec; 17.032 sec/batch)
(E:13, S:1) [loss_dt = 0.3665, loss_qp = 0.5790, total loss = -7.5004, acc = 0.8500, lr = 6.309573e-06] (7.8 samples/sec; 15.374 sec/batch)
(E:13, S:2) [loss_dt = 0.4168, loss_qp = 0.5163, total loss = -7.4831, acc = 0.8500, lr = 6.309573e-06] (8.7 samples/sec; 13.873 sec/batch)
(E:13, S:3) [loss_dt = 0.3763, loss_qp = 0.4739, total loss = -7.4081, acc = 0.8333, lr = 6.309573e-06] (9.6 samples/sec; 12.521 sec/batch)
(E:13, S:4) [loss_dt = 0.5602, loss_qp = 0.5721, total loss = -7.4694, acc = 0.7833, lr = 6.309573e-06] (10.6 samples/sec; 11.304 sec/batch)
(E:13, S:5) [loss_dt = 0.3686, loss_qp = 0.5288, total loss = -7.4787, acc = 0.8250, lr = 6.309573e-06] (11.0 samples/sec; 10.932 sec/batch)
(E:13, S:6) [loss_dt = 0.3251, loss_qp = 0.5185, total loss = -7.4761, acc = 0.8417, lr = 6.309573e-06] (11.1 samples/sec; 10.793 sec/batch)
(E:13, S:7) [loss_dt = 0.4917, loss_qp = 0.5428, total loss = -7.4936, acc = 0.7583, lr = 6.309573e-06] (11.3 samples/sec; 10.659 sec/batch)
(E:13, S:8) [loss_dt = 0.3805, loss_qp = 0.4464, total loss = -7.3758, acc = 0.8250, lr = 6.309573e-06] (11.4 samples/sec; 10.524 sec/batch)
(E:13, S:9) [loss_dt = 0.3829, loss_qp = 0.4881, total loss = -7.3320, acc = 0.8333, lr = 6.309573e-06] (11.5 samples/sec; 10.398 sec/batch)
(E:13, S:10) [loss_dt = 0.3807, loss_qp = 0.4691, total loss = -7.2644, acc = 0.8333, lr = 6.309573e-06] (11.7 samples/sec; 10.282 sec/batch)
(E:13, S:11) [loss_dt = 0.3481, loss_qp = 0.4889, total loss = -7.2366, acc = 0.8417, lr = 6.309573e-06] (11.8 samples/sec; 10.179 sec/batch)
(E:13, S:12) [loss_dt = 0.6069, loss_qp = 0.5660, total loss = -7.3012, acc = 0.7500, lr = 6.309573e-06] (11.9 samples/sec; 10.087 sec/batch)
(E:13, S:13) [loss_dt = 0.3519, loss_qp = 0.5246, total loss = -7.3227, acc = 0.8250, lr = 6.309573e-06] (12.0 samples/sec; 10.006 sec/batch)
(E:13, S:14) [loss_dt = 0.3425, loss_qp = 0.4714, total loss = -7.2633, acc = 0.8583, lr = 6.309573e-06] (12.1 samples/sec; 9.938 sec/batch)
(E:13, S:15) [loss_dt = 0.5272, loss_qp = 0.5633, total loss = -7.3293, acc = 0.8167, lr = 6.309573e-06] (12.2 samples/sec; 9.875 sec/batch)
(E:13, S:16) [loss_dt = 0.4226, loss_qp = 0.4095, total loss = -7.1683, acc = 0.7667, lr = 6.309573e-06] (12.2 samples/sec; 9.832 sec/batch)
(E:13, S:17) [loss_dt = 0.5257, loss_qp = 0.5077, total loss = -7.1605, acc = 0.7750, lr = 6.309573e-06] (12.3 samples/sec; 9.780 sec/batch)
(E:13, S:18) [loss_dt = 0.3897, loss_qp = 0.5202, total loss = -7.1857, acc = 0.8333, lr = 6.309573e-06] (12.3 samples/sec; 9.739 sec/batch)
(E:13, S:19) [loss_dt = 0.3967, loss_qp = 0.5930, total loss = -7.3170, acc = 0.8583, lr = 6.309573e-06] (12.4 samples/sec; 9.701 sec/batch)
(E:13, S:20) [loss_dt = 0.4006, loss_qp = 0.4953, total loss = -7.2882, acc = 0.8083, lr = 6.309573e-06] (12.4 samples/sec; 9.685 sec/batch)
(E:13, S:21) [loss_dt = 0.4944, loss_qp = 0.5226, total loss = -7.2938, acc = 0.8167, lr = 6.309573e-06] (12.4 samples/sec; 9.653 sec/batch)
(E:13, S:22) [loss_dt = 0.4255, loss_qp = 0.5736, total loss = -7.3823, acc = 0.8083, lr = 6.309573e-06] (12.5 samples/sec; 9.622 sec/batch)
(E:13, S:23) [loss_dt = 0.4451, loss_qp = 0.5487, total loss = -7.4226, acc = 0.8083, lr = 6.309573e-06] (12.5 samples/sec; 9.587 sec/batch)
(E:13, S:24) [loss_dt = 0.3846, loss_qp = 0.5091, total loss = -7.4055, acc = 0.8250, lr = 6.309573e-06] (12.5 samples/sec; 9.569 sec/batch)
(E:13, S:25) [loss_dt = 0.3740, loss_qp = 0.4197, total loss = -7.2570, acc = 0.8250, lr = 6.309573e-06] (12.6 samples/sec; 9.533 sec/batch)
(E:13, S:26) [loss_dt = 0.3975, loss_qp = 0.5261, total loss = -7.2807, acc = 0.8167, lr = 6.309573e-06] (12.6 samples/sec; 9.523 sec/batch)
(E:13, S:27) [loss_dt = 0.4859, loss_qp = 0.5419, total loss = -7.3168, acc = 0.7833, lr = 6.309573e-06] (12.6 samples/sec; 9.509 sec/batch)
(E:13, S:28) [loss_dt = 0.4705, loss_qp = 0.4765, total loss = -7.2529, acc = 0.8167, lr = 6.309573e-06] (12.6 samples/sec; 9.528 sec/batch)
(E:13, S:29) [loss_dt = 0.3796, loss_qp = 0.5627, total loss = -7.3336, acc = 0.8417, lr = 6.309573e-06] (12.6 samples/sec; 9.509 sec/batch)
(E:13, S:30) [loss_dt = 0.3326, loss_qp = 0.4756, total loss = -7.2804, acc = 0.8417, lr = 6.309573e-06] (12.7 samples/sec; 9.485 sec/batch)
(E:13, S:31) [loss_dt = 0.3359, loss_qp = 0.4517, total loss = -7.1963, acc = 0.8500, lr = 6.309573e-06] (12.7 samples/sec; 9.468 sec/batch)
(E:13, S:32) [loss_dt = 0.4624, loss_qp = 0.5196, total loss = -7.2099, acc = 0.8250, lr = 6.309573e-06] (12.7 samples/sec; 9.449 sec/batch)
(E:13, S:33) [loss_dt = 0.4764, loss_qp = 0.5480, total loss = -7.2632, acc = 0.8000, lr = 6.309573e-06] (12.7 samples/sec; 9.439 sec/batch)
(E:13, S:34) [loss_dt = 0.3428, loss_qp = 0.4611, total loss = -7.1942, acc = 0.8250, lr = 6.309573e-06] (12.6 samples/sec; 9.491 sec/batch)
(E:13, S:35) [loss_dt = 0.5421, loss_qp = 0.5713, total loss = -7.2776, acc = 0.7917, lr = 6.309573e-06] (12.7 samples/sec; 9.471 sec/batch)
(E:13, S:36) [loss_dt = 0.3470, loss_qp = 0.5684, total loss = -7.3678, acc = 0.8250, lr = 6.309573e-06] (12.7 samples/sec; 9.455 sec/batch)
(E:13, S:37) [loss_dt = 0.4216, loss_qp = 0.4751, total loss = -7.3015, acc = 0.8000, lr = 6.309573e-06] (12.7 samples/sec; 9.443 sec/batch)
(E:13, S:38) [loss_dt = 0.4815, loss_qp = 0.6534, total loss = -7.5033, acc = 0.8333, lr = 6.309573e-06] (12.7 samples/sec; 9.424 sec/batch)
(E:13, S:39) [loss_dt = 0.3806, loss_qp = 0.5296, total loss = -7.5094, acc = 0.8083, lr = 6.309573e-06] (12.7 samples/sec; 9.420 sec/batch)
(E:13, S:40) [loss_dt = 0.4547, loss_qp = 0.5702, total loss = -7.5682, acc = 0.7667, lr = 6.309573e-06] (12.7 samples/sec; 9.415 sec/batch)
(E:13, S:41) [loss_dt = 0.4517, loss_qp = 0.4733, total loss = -7.4761, acc = 0.8250, lr = 6.309573e-06] (12.8 samples/sec; 9.400 sec/batch)
(E:13, S:42) [loss_dt = 0.4571, loss_qp = 0.5436, total loss = -7.4982, acc = 0.7750, lr = 6.309573e-06] (12.8 samples/sec; 9.390 sec/batch)
(E:13, S:43) [loss_dt = 0.5474, loss_qp = 0.5273, total loss = -7.4846, acc = 0.7250, lr = 6.309573e-06] (12.8 samples/sec; 9.380 sec/batch)
(E:13, S:44) [loss_dt = 0.4383, loss_qp = 0.5327, total loss = -7.4914, acc = 0.8250, lr = 6.309573e-06] (13.5 samples/sec; 8.918 sec/batch)
(E:13, S:45) [loss_dt = 0.5767, loss_qp = 0.5672, total loss = -7.5354, acc = 0.8000, lr = 6.309573e-06] (14.9 samples/sec; 8.058 sec/batch)
(E:13, S:46) [loss_dt = 0.3792, loss_qp = 0.4233, total loss = -7.3788, acc = 0.8500, lr = 6.309573e-06] (16.5 samples/sec; 7.284 sec/batch)
(E:13, S:47) [loss_dt = 0.4590, loss_qp = 0.5807, total loss = -7.4661, acc = 0.8000, lr = 6.309573e-06] (18.2 samples/sec; 6.587 sec/batch)
(E:13, S:48) [loss_dt = 0.3577, loss_qp = 0.5417, total loss = -7.4962, acc = 0.8500, lr = 6.309573e-06] (20.1 samples/sec; 5.962 sec/batch)
(E:13, S:49) [loss_dt = 0.4558, loss_qp = 0.6125, total loss = -7.6199, acc = 0.8417, lr = 6.309573e-06] (22.2 samples/sec; 5.400 sec/batch)
(E:13, S:50) [loss_dt = 0.5058, loss_qp = 0.4792, total loss = -7.5261, acc = 0.8167, lr = 6.309573e-06] (24.5 samples/sec; 4.895 sec/batch)
(E:13, S:51) [loss_dt = 0.4761, loss_qp = 0.4895, total loss = -7.4601, acc = 0.8000, lr = 6.309573e-06] (27.0 samples/sec; 4.440 sec/batch)
PLCC: 0.4652, SROCC: 0.4153, Acc: 0.7603
(E:14, S:0) [loss_dt = 0.5111, loss_qp = 0.5974, total loss = -7.5591, acc = 0.7667, lr = 5.011872e-06] (7.1 samples/sec; 16.947 sec/batch)
(E:14, S:1) [loss_dt = 0.5819, loss_qp = 0.4551, total loss = -7.4276, acc = 0.7417, lr = 5.011872e-06] (7.8 samples/sec; 15.298 sec/batch)
(E:14, S:2) [loss_dt = 0.4075, loss_qp = 0.5243, total loss = -7.4305, acc = 0.7917, lr = 5.011872e-06] (8.7 samples/sec; 13.806 sec/batch)
(E:14, S:3) [loss_dt = 0.5225, loss_qp = 0.5249, total loss = -7.4226, acc = 0.7417, lr = 5.011872e-06] (9.6 samples/sec; 12.457 sec/batch)
(E:14, S:4) [loss_dt = 0.4180, loss_qp = 0.5319, total loss = -7.4363, acc = 0.8083, lr = 5.011872e-06] (10.7 samples/sec; 11.243 sec/batch)
(E:14, S:5) [loss_dt = 0.4541, loss_qp = 0.5764, total loss = -7.5118, acc = 0.8083, lr = 5.011872e-06] (11.1 samples/sec; 10.792 sec/batch)
(E:14, S:6) [loss_dt = 0.4233, loss_qp = 0.4748, total loss = -7.4305, acc = 0.7917, lr = 5.011872e-06] (11.3 samples/sec; 10.647 sec/batch)
(E:14, S:7) [loss_dt = 0.5045, loss_qp = 0.5554, total loss = -7.4701, acc = 0.7583, lr = 5.011872e-06] (11.4 samples/sec; 10.520 sec/batch)
(E:14, S:8) [loss_dt = 0.4530, loss_qp = 0.6033, total loss = -7.5828, acc = 0.8083, lr = 5.011872e-06] (11.5 samples/sec; 10.392 sec/batch)
(E:14, S:9) [loss_dt = 0.3026, loss_qp = 0.4152, total loss = -7.4171, acc = 0.8750, lr = 5.011872e-06] (11.7 samples/sec; 10.280 sec/batch)
(E:14, S:10) [loss_dt = 0.4740, loss_qp = 0.5768, total loss = -7.4932, acc = 0.8167, lr = 5.011872e-06] (11.8 samples/sec; 10.176 sec/batch)
(E:14, S:11) [loss_dt = 0.4002, loss_qp = 0.5488, total loss = -7.5270, acc = 0.8333, lr = 5.011872e-06] (11.9 samples/sec; 10.080 sec/batch)
(E:14, S:12) [loss_dt = 0.5035, loss_qp = 0.4804, total loss = -7.4445, acc = 0.7667, lr = 5.011872e-06] (12.0 samples/sec; 10.000 sec/batch)
(E:14, S:13) [loss_dt = 0.4161, loss_qp = 0.5344, total loss = -7.4601, acc = 0.8333, lr = 5.011872e-06] (12.1 samples/sec; 9.927 sec/batch)
(E:14, S:14) [loss_dt = 0.3586, loss_qp = 0.4798, total loss = -7.3980, acc = 0.8417, lr = 5.011872e-06] (12.1 samples/sec; 9.877 sec/batch)
(E:14, S:15) [loss_dt = 0.5039, loss_qp = 0.4158, total loss = -7.2315, acc = 0.7750, lr = 5.011872e-06] (12.2 samples/sec; 9.817 sec/batch)
(E:14, S:16) [loss_dt = 0.3923, loss_qp = 0.4660, total loss = -7.1681, acc = 0.8167, lr = 5.011872e-06] (12.3 samples/sec; 9.768 sec/batch)
(E:14, S:17) [loss_dt = 0.4365, loss_qp = 0.5846, total loss = -7.2845, acc = 0.7667, lr = 5.011872e-06] (12.3 samples/sec; 9.717 sec/batch)
(E:14, S:18) [loss_dt = 0.4726, loss_qp = 0.5057, total loss = -7.2674, acc = 0.8167, lr = 5.011872e-06] (12.4 samples/sec; 9.680 sec/batch)
(E:14, S:19) [loss_dt = 0.4031, loss_qp = 0.6033, total loss = -7.4052, acc = 0.8083, lr = 5.011872e-06] (12.4 samples/sec; 9.646 sec/batch)
(E:14, S:20) [loss_dt = 0.3935, loss_qp = 0.4729, total loss = -7.3347, acc = 0.8333, lr = 5.011872e-06] (12.5 samples/sec; 9.621 sec/batch)
(E:14, S:21) [loss_dt = 0.3737, loss_qp = 0.4888, total loss = -7.2971, acc = 0.8167, lr = 5.011872e-06] (12.5 samples/sec; 9.591 sec/batch)
(E:14, S:22) [loss_dt = 0.4514, loss_qp = 0.5138, total loss = -7.2930, acc = 0.7750, lr = 5.011872e-06] (12.6 samples/sec; 9.558 sec/batch)
(E:14, S:23) [loss_dt = 0.6089, loss_qp = 0.5624, total loss = -7.3465, acc = 0.7583, lr = 5.011872e-06] (12.6 samples/sec; 9.526 sec/batch)
(E:14, S:24) [loss_dt = 0.3605, loss_qp = 0.5381, total loss = -7.3829, acc = 0.8333, lr = 5.011872e-06] (12.6 samples/sec; 9.509 sec/batch)
(E:14, S:25) [loss_dt = 0.3789, loss_qp = 0.5335, total loss = -7.4069, acc = 0.8083, lr = 5.011872e-06] (12.7 samples/sec; 9.478 sec/batch)
(E:14, S:26) [loss_dt = 0.3966, loss_qp = 0.4953, total loss = -7.3694, acc = 0.8000, lr = 5.011872e-06] (12.7 samples/sec; 9.458 sec/batch)
(E:14, S:27) [loss_dt = 0.4523, loss_qp = 0.5531, total loss = -7.4169, acc = 0.7667, lr = 5.011872e-06] (12.7 samples/sec; 9.446 sec/batch)
(E:14, S:28) [loss_dt = 0.3915, loss_qp = 0.5628, total loss = -7.4802, acc = 0.8417, lr = 5.011872e-06] (12.7 samples/sec; 9.461 sec/batch)
(E:14, S:29) [loss_dt = 0.3493, loss_qp = 0.4640, total loss = -7.3933, acc = 0.8833, lr = 5.011872e-06] (12.7 samples/sec; 9.457 sec/batch)
(E:14, S:30) [loss_dt = 0.2954, loss_qp = 0.3962, total loss = -7.2187, acc = 0.8333, lr = 5.011872e-06] (12.7 samples/sec; 9.472 sec/batch)
(E:14, S:31) [loss_dt = 0.4657, loss_qp = 0.5972, total loss = -7.3460, acc = 0.7917, lr = 5.011872e-06] (12.6 samples/sec; 9.508 sec/batch)
(E:14, S:32) [loss_dt = 0.4241, loss_qp = 0.5900, total loss = -7.4541, acc = 0.8250, lr = 5.011872e-06] (12.7 samples/sec; 9.486 sec/batch)
(E:14, S:33) [loss_dt = 0.3749, loss_qp = 0.4512, total loss = -7.3480, acc = 0.8250, lr = 5.011872e-06] (12.7 samples/sec; 9.474 sec/batch)
(E:14, S:34) [loss_dt = 0.3448, loss_qp = 0.4484, total loss = -7.2513, acc = 0.8750, lr = 5.011872e-06] (12.7 samples/sec; 9.471 sec/batch)
(E:14, S:35) [loss_dt = 0.3461, loss_qp = 0.4934, total loss = -7.2316, acc = 0.8500, lr = 5.011872e-06] (12.6 samples/sec; 9.497 sec/batch)
(E:14, S:36) [loss_dt = 0.4976, loss_qp = 0.4987, total loss = -7.2068, acc = 0.7917, lr = 5.011872e-06] (12.7 samples/sec; 9.469 sec/batch)
(E:14, S:37) [loss_dt = 0.3645, loss_qp = 0.5764, total loss = -7.3142, acc = 0.8000, lr = 5.011872e-06] (12.7 samples/sec; 9.453 sec/batch)
(E:14, S:38) [loss_dt = 0.3198, loss_qp = 0.5570, total loss = -7.3862, acc = 0.8500, lr = 5.011872e-06] (12.7 samples/sec; 9.437 sec/batch)
(E:14, S:39) [loss_dt = 0.4251, loss_qp = 0.6105, total loss = -7.5208, acc = 0.8083, lr = 5.011872e-06] (12.7 samples/sec; 9.456 sec/batch)
(E:14, S:40) [loss_dt = 0.3243, loss_qp = 0.5708, total loss = -7.5925, acc = 0.8750, lr = 5.011872e-06] (12.7 samples/sec; 9.449 sec/batch)
(E:14, S:41) [loss_dt = 0.3860, loss_qp = 0.4566, total loss = -7.4796, acc = 0.8000, lr = 5.011872e-06] (12.7 samples/sec; 9.432 sec/batch)
(E:14, S:42) [loss_dt = 0.4724, loss_qp = 0.4351, total loss = -7.3371, acc = 0.7750, lr = 5.011872e-06] (12.8 samples/sec; 9.410 sec/batch)
(E:14, S:43) [loss_dt = 0.4308, loss_qp = 0.5797, total loss = -7.4298, acc = 0.7917, lr = 5.011872e-06] (12.8 samples/sec; 9.408 sec/batch)
(E:14, S:44) [loss_dt = 0.5171, loss_qp = 0.4870, total loss = -7.3656, acc = 0.7500, lr = 5.011872e-06] (13.4 samples/sec; 8.939 sec/batch)
(E:14, S:45) [loss_dt = 0.4105, loss_qp = 0.5160, total loss = -7.3619, acc = 0.7833, lr = 5.011872e-06] (14.9 samples/sec; 8.077 sec/batch)
(E:14, S:46) [loss_dt = 0.3845, loss_qp = 0.5904, total loss = -7.4729, acc = 0.8500, lr = 5.011872e-06] (16.4 samples/sec; 7.300 sec/batch)
(E:14, S:47) [loss_dt = 0.3991, loss_qp = 0.4104, total loss = -7.3013, acc = 0.8083, lr = 5.011872e-06] (18.2 samples/sec; 6.602 sec/batch)
(E:14, S:48) [loss_dt = 0.4144, loss_qp = 0.5684, total loss = -7.3823, acc = 0.8750, lr = 5.011872e-06] (20.1 samples/sec; 5.974 sec/batch)
(E:14, S:49) [loss_dt = 0.4569, loss_qp = 0.5435, total loss = -7.4136, acc = 0.8167, lr = 5.011872e-06] (22.2 samples/sec; 5.407 sec/batch)
(E:14, S:50) [loss_dt = 0.4068, loss_qp = 0.5869, total loss = -7.5119, acc = 0.8167, lr = 5.011872e-06] (24.5 samples/sec; 4.896 sec/batch)
(E:14, S:51) [loss_dt = 0.5249, loss_qp = 0.4780, total loss = -7.4252, acc = 0.7583, lr = 5.011872e-06] (27.0 samples/sec; 4.444 sec/batch)
PLCC: 0.4550, SROCC: 0.4084, Acc: 0.7673
(E:15, S:0) [loss_dt = 0.4143, loss_qp = 0.4829, total loss = -7.3656, acc = 0.8083, lr = 3.981072e-06] (7.0 samples/sec; 17.022 sec/batch)
(E:15, S:1) [loss_dt = 0.5092, loss_qp = 0.5510, total loss = -7.4045, acc = 0.7917, lr = 3.981072e-06] (7.8 samples/sec; 15.367 sec/batch)
(E:15, S:2) [loss_dt = 0.4406, loss_qp = 0.4594, total loss = -7.3091, acc = 0.8083, lr = 3.981072e-06] (8.6 samples/sec; 13.876 sec/batch)
(E:15, S:3) [loss_dt = 0.4579, loss_qp = 0.5330, total loss = -7.3319, acc = 0.8167, lr = 3.981072e-06] (9.6 samples/sec; 12.523 sec/batch)
(E:15, S:4) [loss_dt = 0.3780, loss_qp = 0.4735, total loss = -7.2712, acc = 0.8167, lr = 3.981072e-06] (10.6 samples/sec; 11.302 sec/batch)
(E:15, S:5) [loss_dt = 0.3983, loss_qp = 0.6409, total loss = -7.4655, acc = 0.7917, lr = 3.981072e-06] (11.1 samples/sec; 10.810 sec/batch)
(E:15, S:6) [loss_dt = 0.4451, loss_qp = 0.5882, total loss = -7.5567, acc = 0.8000, lr = 3.981072e-06] (11.2 samples/sec; 10.669 sec/batch)
(E:15, S:7) [loss_dt = 0.3793, loss_qp = 0.4818, total loss = -7.4857, acc = 0.8333, lr = 3.981072e-06] (11.4 samples/sec; 10.536 sec/batch)
(E:15, S:8) [loss_dt = 0.5720, loss_qp = 0.4617, total loss = -7.3725, acc = 0.7750, lr = 3.981072e-06] (11.5 samples/sec; 10.412 sec/batch)
(E:15, S:9) [loss_dt = 0.3697, loss_qp = 0.5976, total loss = -7.4946, acc = 0.8583, lr = 3.981072e-06] (11.7 samples/sec; 10.296 sec/batch)
(E:15, S:10) [loss_dt = 0.4599, loss_qp = 0.4819, total loss = -7.4221, acc = 0.7750, lr = 3.981072e-06] (11.8 samples/sec; 10.201 sec/batch)
(E:15, S:11) [loss_dt = 0.4624, loss_qp = 0.5927, total loss = -7.5227, acc = 0.8167, lr = 3.981072e-06] (11.9 samples/sec; 10.102 sec/batch)
(E:15, S:12) [loss_dt = 0.4578, loss_qp = 0.5639, total loss = -7.5705, acc = 0.8083, lr = 3.981072e-06] (12.0 samples/sec; 10.011 sec/batch)
(E:15, S:13) [loss_dt = 0.4738, loss_qp = 0.6425, total loss = -7.7297, acc = 0.8083, lr = 3.981072e-06] (12.1 samples/sec; 9.931 sec/batch)
(E:15, S:14) [loss_dt = 0.3705, loss_qp = 0.4592, total loss = -7.6085, acc = 0.8500, lr = 3.981072e-06] (12.2 samples/sec; 9.872 sec/batch)
(E:15, S:15) [loss_dt = 0.5265, loss_qp = 0.5085, total loss = -7.5578, acc = 0.7833, lr = 3.981072e-06] (12.2 samples/sec; 9.813 sec/batch)
(E:15, S:16) [loss_dt = 0.3822, loss_qp = 0.5653, total loss = -7.6118, acc = 0.8167, lr = 3.981072e-06] (12.3 samples/sec; 9.771 sec/batch)
(E:15, S:17) [loss_dt = 0.5163, loss_qp = 0.5132, total loss = -7.5688, acc = 0.7500, lr = 3.981072e-06] (12.3 samples/sec; 9.720 sec/batch)
(E:15, S:18) [loss_dt = 0.5771, loss_qp = 0.4800, total loss = -7.4743, acc = 0.7833, lr = 3.981072e-06] (12.4 samples/sec; 9.708 sec/batch)
(E:15, S:19) [loss_dt = 0.4324, loss_qp = 0.5280, total loss = -7.4756, acc = 0.8250, lr = 3.981072e-06] (12.4 samples/sec; 9.655 sec/batch)
(E:15, S:20) [loss_dt = 0.4172, loss_qp = 0.4996, total loss = -7.4358, acc = 0.8083, lr = 3.981072e-06] (12.5 samples/sec; 9.626 sec/batch)
(E:15, S:21) [loss_dt = 0.4551, loss_qp = 0.5403, total loss = -7.4571, acc = 0.8500, lr = 3.981072e-06] (12.5 samples/sec; 9.590 sec/batch)
(E:15, S:22) [loss_dt = 0.3849, loss_qp = 0.5033, total loss = -7.4279, acc = 0.8083, lr = 3.981072e-06] (12.6 samples/sec; 9.556 sec/batch)
(E:15, S:23) [loss_dt = 0.3032, loss_qp = 0.4919, total loss = -7.3926, acc = 0.8833, lr = 3.981072e-06] (12.6 samples/sec; 9.526 sec/batch)
(E:15, S:24) [loss_dt = 0.4654, loss_qp = 0.5575, total loss = -7.4430, acc = 0.7667, lr = 3.981072e-06] (12.6 samples/sec; 9.509 sec/batch)
(E:15, S:25) [loss_dt = 0.3835, loss_qp = 0.4342, total loss = -7.3117, acc = 0.8333, lr = 3.981072e-06] (12.7 samples/sec; 9.478 sec/batch)
(E:15, S:26) [loss_dt = 0.4919, loss_qp = 0.4907, total loss = -7.2673, acc = 0.8083, lr = 3.981072e-06] (12.7 samples/sec; 9.468 sec/batch)
(E:15, S:27) [loss_dt = 0.5518, loss_qp = 0.5482, total loss = -7.3077, acc = 0.7667, lr = 3.981072e-06] (12.7 samples/sec; 9.454 sec/batch)
(E:15, S:28) [loss_dt = 0.3396, loss_qp = 0.4924, total loss = -7.2816, acc = 0.8583, lr = 3.981072e-06] (12.7 samples/sec; 9.454 sec/batch)
(E:15, S:29) [loss_dt = 0.4903, loss_qp = 0.5062, total loss = -7.2638, acc = 0.7667, lr = 3.981072e-06] (12.7 samples/sec; 9.443 sec/batch)
(E:15, S:30) [loss_dt = 0.3880, loss_qp = 0.4034, total loss = -7.1037, acc = 0.8167, lr = 3.981072e-06] (12.7 samples/sec; 9.425 sec/batch)
(E:15, S:31) [loss_dt = 0.5685, loss_qp = 0.5948, total loss = -7.2286, acc = 0.7667, lr = 3.981072e-06] (12.7 samples/sec; 9.415 sec/batch)
(E:15, S:32) [loss_dt = 0.4805, loss_qp = 0.6283, total loss = -7.4001, acc = 0.7833, lr = 3.981072e-06] (12.8 samples/sec; 9.400 sec/batch)
(E:15, S:33) [loss_dt = 0.3739, loss_qp = 0.5468, total loss = -7.4429, acc = 0.8833, lr = 3.981072e-06] (12.8 samples/sec; 9.394 sec/batch)
(E:15, S:34) [loss_dt = 0.3223, loss_qp = 0.5884, total loss = -7.5490, acc = 0.8417, lr = 3.981072e-06] (12.8 samples/sec; 9.400 sec/batch)
(E:15, S:35) [loss_dt = 0.4569, loss_qp = 0.4937, total loss = -7.4890, acc = 0.8250, lr = 3.981072e-06] (12.8 samples/sec; 9.401 sec/batch)
(E:15, S:36) [loss_dt = 0.4267, loss_qp = 0.5029, total loss = -7.4517, acc = 0.8500, lr = 3.981072e-06] (12.8 samples/sec; 9.398 sec/batch)
(E:15, S:37) [loss_dt = 0.4264, loss_qp = 0.5122, total loss = -7.4323, acc = 0.8583, lr = 3.981072e-06] (12.8 samples/sec; 9.398 sec/batch)
(E:15, S:38) [loss_dt = 0.4892, loss_qp = 0.5080, total loss = -7.4021, acc = 0.8000, lr = 3.981072e-06] (12.8 samples/sec; 9.383 sec/batch)
(E:15, S:39) [loss_dt = 0.3690, loss_qp = 0.5540, total loss = -7.4559, acc = 0.8500, lr = 3.981072e-06] (12.8 samples/sec; 9.381 sec/batch)
(E:15, S:40) [loss_dt = 0.3289, loss_qp = 0.5709, total loss = -7.5338, acc = 0.8667, lr = 3.981072e-06] (12.8 samples/sec; 9.381 sec/batch)
(E:15, S:41) [loss_dt = 0.3788, loss_qp = 0.5499, total loss = -7.5674, acc = 0.8583, lr = 3.981072e-06] (12.8 samples/sec; 9.370 sec/batch)
(E:15, S:42) [loss_dt = 0.4861, loss_qp = 0.5101, total loss = -7.5272, acc = 0.7750, lr = 3.981072e-06] (12.8 samples/sec; 9.356 sec/batch)
(E:15, S:43) [loss_dt = 0.5039, loss_qp = 0.4267, total loss = -7.3642, acc = 0.8083, lr = 3.981072e-06] (12.8 samples/sec; 9.354 sec/batch)
(E:15, S:44) [loss_dt = 0.3156, loss_qp = 0.5338, total loss = -7.3969, acc = 0.8250, lr = 3.981072e-06] (13.5 samples/sec; 8.895 sec/batch)
(E:15, S:45) [loss_dt = 0.4406, loss_qp = 0.6552, total loss = -7.5961, acc = 0.8000, lr = 3.981072e-06] (14.9 samples/sec; 8.038 sec/batch)
(E:15, S:46) [loss_dt = 0.4818, loss_qp = 0.5467, total loss = -7.6084, acc = 0.8000, lr = 3.981072e-06] (16.5 samples/sec; 7.281 sec/batch)
(E:15, S:47) [loss_dt = 0.5137, loss_qp = 0.5283, total loss = -7.5886, acc = 0.8500, lr = 3.981072e-06] (18.2 samples/sec; 6.590 sec/batch)
(E:15, S:48) [loss_dt = 0.4769, loss_qp = 0.5479, total loss = -7.6039, acc = 0.7833, lr = 3.981072e-06] (20.1 samples/sec; 5.964 sec/batch)
(E:15, S:49) [loss_dt = 0.2962, loss_qp = 0.3979, total loss = -7.4107, acc = 0.8917, lr = 3.981072e-06] (22.2 samples/sec; 5.399 sec/batch)
(E:15, S:50) [loss_dt = 0.4045, loss_qp = 0.4461, total loss = -7.2983, acc = 0.8500, lr = 3.981072e-06] (24.5 samples/sec; 4.891 sec/batch)
(E:15, S:51) [loss_dt = 0.5548, loss_qp = 0.5083, total loss = -7.2754, acc = 0.7583, lr = 3.981072e-06] (27.0 samples/sec; 4.437 sec/batch)
PLCC: 0.4525, SROCC: 0.4072, Acc: 0.7410
(E:16, S:0) [loss_dt = 0.4834, loss_qp = 0.6020, total loss = -7.4026, acc = 0.7917, lr = 3.162278e-06] (7.1 samples/sec; 16.980 sec/batch)
(E:16, S:1) [loss_dt = 0.4134, loss_qp = 0.5223, total loss = -7.4045, acc = 0.8083, lr = 3.162278e-06] (7.8 samples/sec; 15.323 sec/batch)
(E:16, S:2) [loss_dt = 0.4534, loss_qp = 0.6194, total loss = -7.5477, acc = 0.8250, lr = 3.162278e-06] (8.7 samples/sec; 13.832 sec/batch)
(E:16, S:3) [loss_dt = 0.5393, loss_qp = 0.5180, total loss = -7.5161, acc = 0.8000, lr = 3.162278e-06] (9.6 samples/sec; 12.492 sec/batch)
(E:16, S:4) [loss_dt = 0.3026, loss_qp = 0.6252, total loss = -7.6720, acc = 0.8667, lr = 3.162278e-06] (10.6 samples/sec; 11.276 sec/batch)
(E:16, S:5) [loss_dt = 0.5202, loss_qp = 0.5353, total loss = -7.6558, acc = 0.7833, lr = 3.162278e-06] (11.0 samples/sec; 10.871 sec/batch)
(E:16, S:6) [loss_dt = 0.3864, loss_qp = 0.5360, total loss = -7.6556, acc = 0.8833, lr = 3.162278e-06] (11.2 samples/sec; 10.732 sec/batch)
(E:16, S:7) [loss_dt = 0.3713, loss_qp = 0.5351, total loss = -7.6555, acc = 0.8417, lr = 3.162278e-06] (11.3 samples/sec; 10.590 sec/batch)
(E:16, S:8) [loss_dt = 0.3864, loss_qp = 0.4615, total loss = -7.5436, acc = 0.8083, lr = 3.162278e-06] (11.5 samples/sec; 10.459 sec/batch)
(E:16, S:9) [loss_dt = 0.3724, loss_qp = 0.5238, total loss = -7.5377, acc = 0.8333, lr = 3.162278e-06] (11.6 samples/sec; 10.343 sec/batch)
(E:16, S:10) [loss_dt = 0.5934, loss_qp = 0.5328, total loss = -7.5238, acc = 0.7583, lr = 3.162278e-06] (11.7 samples/sec; 10.243 sec/batch)
(E:16, S:11) [loss_dt = 0.3291, loss_qp = 0.5442, total loss = -7.5549, acc = 0.8833, lr = 3.162278e-06] (11.8 samples/sec; 10.138 sec/batch)
(E:16, S:12) [loss_dt = 0.4649, loss_qp = 0.4798, total loss = -7.4726, acc = 0.8000, lr = 3.162278e-06] (11.9 samples/sec; 10.048 sec/batch)
(E:16, S:13) [loss_dt = 0.3035, loss_qp = 0.6162, total loss = -7.6193, acc = 0.8917, lr = 3.162278e-06] (12.0 samples/sec; 9.963 sec/batch)
(E:16, S:14) [loss_dt = 0.4072, loss_qp = 0.5200, total loss = -7.5967, acc = 0.8250, lr = 3.162278e-06] (12.1 samples/sec; 9.906 sec/batch)
(E:16, S:15) [loss_dt = 0.3266, loss_qp = 0.4424, total loss = -7.4680, acc = 0.8583, lr = 3.162278e-06] (12.2 samples/sec; 9.844 sec/batch)
(E:16, S:16) [loss_dt = 0.3591, loss_qp = 0.4456, total loss = -7.3537, acc = 0.8500, lr = 3.162278e-06] (12.3 samples/sec; 9.794 sec/batch)
(E:16, S:17) [loss_dt = 0.4386, loss_qp = 0.5808, total loss = -7.4457, acc = 0.7917, lr = 3.162278e-06] (12.3 samples/sec; 9.748 sec/batch)
(E:16, S:18) [loss_dt = 0.4747, loss_qp = 0.4316, total loss = -7.3011, acc = 0.8083, lr = 3.162278e-06] (12.3 samples/sec; 9.730 sec/batch)
(E:16, S:19) [loss_dt = 0.4185, loss_qp = 0.6256, total loss = -7.4676, acc = 0.8167, lr = 3.162278e-06] (12.4 samples/sec; 9.681 sec/batch)
(E:16, S:20) [loss_dt = 0.4939, loss_qp = 0.4433, total loss = -7.3364, acc = 0.7917, lr = 3.162278e-06] (12.4 samples/sec; 9.649 sec/batch)
(E:16, S:21) [loss_dt = 0.4221, loss_qp = 0.4866, total loss = -7.2904, acc = 0.8333, lr = 3.162278e-06] (12.5 samples/sec; 9.622 sec/batch)
(E:16, S:22) [loss_dt = 0.5419, loss_qp = 0.5831, total loss = -7.3818, acc = 0.7750, lr = 3.162278e-06] (12.5 samples/sec; 9.594 sec/batch)
(E:16, S:23) [loss_dt = 0.3672, loss_qp = 0.4806, total loss = -7.3278, acc = 0.8167, lr = 3.162278e-06] (12.6 samples/sec; 9.558 sec/batch)
(E:16, S:24) [loss_dt = 0.3612, loss_qp = 0.5349, total loss = -7.3612, acc = 0.8500, lr = 3.162278e-06] (12.6 samples/sec; 9.540 sec/batch)
(E:16, S:25) [loss_dt = 0.3965, loss_qp = 0.3993, total loss = -7.1843, acc = 0.8250, lr = 3.162278e-06] (12.6 samples/sec; 9.518 sec/batch)
(E:16, S:26) [loss_dt = 0.4474, loss_qp = 0.5843, total loss = -7.2977, acc = 0.7917, lr = 3.162278e-06] (12.6 samples/sec; 9.498 sec/batch)
(E:16, S:27) [loss_dt = 0.3440, loss_qp = 0.3958, total loss = -7.1273, acc = 0.8250, lr = 3.162278e-06] (12.6 samples/sec; 9.488 sec/batch)
(E:16, S:28) [loss_dt = 0.4548, loss_qp = 0.5397, total loss = -7.1785, acc = 0.7917, lr = 3.162278e-06] (12.7 samples/sec; 9.476 sec/batch)
(E:16, S:29) [loss_dt = 0.5184, loss_qp = 0.6292, total loss = -7.3526, acc = 0.8000, lr = 3.162278e-06] (12.7 samples/sec; 9.455 sec/batch)
(E:16, S:30) [loss_dt = 0.3867, loss_qp = 0.4489, total loss = -7.2521, acc = 0.8250, lr = 3.162278e-06] (12.7 samples/sec; 9.430 sec/batch)
(E:16, S:31) [loss_dt = 0.4562, loss_qp = 0.5167, total loss = -7.2563, acc = 0.8167, lr = 3.162278e-06] (12.8 samples/sec; 9.408 sec/batch)
(E:16, S:32) [loss_dt = 0.3279, loss_qp = 0.5097, total loss = -7.2624, acc = 0.8583, lr = 3.162278e-06] (12.8 samples/sec; 9.399 sec/batch)
(E:16, S:33) [loss_dt = 0.4748, loss_qp = 0.5100, total loss = -7.2537, acc = 0.7833, lr = 3.162278e-06] (12.8 samples/sec; 9.384 sec/batch)
(E:16, S:34) [loss_dt = 0.2789, loss_qp = 0.5953, total loss = -7.3933, acc = 0.8917, lr = 3.162278e-06] (12.8 samples/sec; 9.377 sec/batch)
(E:16, S:35) [loss_dt = 0.3473, loss_qp = 0.5038, total loss = -7.3750, acc = 0.8750, lr = 3.162278e-06] (12.8 samples/sec; 9.373 sec/batch)
(E:16, S:36) [loss_dt = 0.4849, loss_qp = 0.5126, total loss = -7.3580, acc = 0.8250, lr = 3.162278e-06] (12.8 samples/sec; 9.357 sec/batch)
(E:16, S:37) [loss_dt = 0.4950, loss_qp = 0.4274, total loss = -7.2138, acc = 0.7500, lr = 3.162278e-06] (12.8 samples/sec; 9.371 sec/batch)
(E:16, S:38) [loss_dt = 0.2986, loss_qp = 0.5062, total loss = -7.2219, acc = 0.8833, lr = 3.162278e-06] (12.8 samples/sec; 9.364 sec/batch)
(E:16, S:39) [loss_dt = 0.5553, loss_qp = 0.5181, total loss = -7.2212, acc = 0.7417, lr = 3.162278e-06] (12.8 samples/sec; 9.363 sec/batch)
(E:16, S:40) [loss_dt = 0.4335, loss_qp = 0.5294, total loss = -7.2499, acc = 0.8250, lr = 3.162278e-06] (12.8 samples/sec; 9.370 sec/batch)
(E:16, S:41) [loss_dt = 0.4606, loss_qp = 0.5229, total loss = -7.2631, acc = 0.7917, lr = 3.162278e-06] (12.8 samples/sec; 9.359 sec/batch)
(E:16, S:42) [loss_dt = 0.5488, loss_qp = 0.6382, total loss = -7.4392, acc = 0.8000, lr = 3.162278e-06] (12.8 samples/sec; 9.353 sec/batch)
(E:16, S:43) [loss_dt = 0.4534, loss_qp = 0.5329, total loss = -7.4493, acc = 0.8000, lr = 3.162278e-06] (12.8 samples/sec; 9.346 sec/batch)
(E:16, S:44) [loss_dt = 0.3672, loss_qp = 0.5499, total loss = -7.4925, acc = 0.8500, lr = 3.162278e-06] (13.5 samples/sec; 8.888 sec/batch)
(E:16, S:45) [loss_dt = 0.3955, loss_qp = 0.5130, total loss = -7.4732, acc = 0.8000, lr = 3.162278e-06] (14.9 samples/sec; 8.031 sec/batch)
(E:16, S:46) [loss_dt = 0.3153, loss_qp = 0.6517, total loss = -7.6720, acc = 0.8833, lr = 3.162278e-06] (16.5 samples/sec; 7.266 sec/batch)
(E:16, S:47) [loss_dt = 0.5045, loss_qp = 0.5226, total loss = -7.6382, acc = 0.7583, lr = 3.162278e-06] (18.2 samples/sec; 6.576 sec/batch)
(E:16, S:48) [loss_dt = 0.2976, loss_qp = 0.5232, total loss = -7.6295, acc = 0.8667, lr = 3.162278e-06] (20.2 samples/sec; 5.953 sec/batch)
(E:16, S:49) [loss_dt = 0.5099, loss_qp = 0.5504, total loss = -7.6411, acc = 0.8250, lr = 3.162278e-06] (22.3 samples/sec; 5.391 sec/batch)
(E:16, S:50) [loss_dt = 0.4100, loss_qp = 0.4441, total loss = -7.5022, acc = 0.8167, lr = 3.162278e-06] (24.6 samples/sec; 4.884 sec/batch)
(E:16, S:51) [loss_dt = 0.3756, loss_qp = 0.4775, total loss = -7.4306, acc = 0.8333, lr = 3.162278e-06] (27.1 samples/sec; 4.431 sec/batch)
PLCC: 0.4459, SROCC: 0.3953, Acc: 0.7622
(E:17, S:0) [loss_dt = 0.5653, loss_qp = 0.4988, total loss = -7.3791, acc = 0.7917, lr = 2.511886e-06] (7.1 samples/sec; 16.991 sec/batch)
(E:17, S:1) [loss_dt = 0.4021, loss_qp = 0.5636, total loss = -7.4464, acc = 0.8083, lr = 2.511886e-06] (7.8 samples/sec; 15.338 sec/batch)
(E:17, S:2) [loss_dt = 0.5279, loss_qp = 0.4873, total loss = -7.3799, acc = 0.8167, lr = 2.511886e-06] (8.7 samples/sec; 13.848 sec/batch)
(E:17, S:3) [loss_dt = 0.4782, loss_qp = 0.5141, total loss = -7.3653, acc = 0.8167, lr = 2.511886e-06] (9.6 samples/sec; 12.499 sec/batch)
(E:17, S:4) [loss_dt = 0.5132, loss_qp = 0.5102, total loss = -7.3428, acc = 0.7917, lr = 2.511886e-06] (10.6 samples/sec; 11.283 sec/batch)
(E:17, S:5) [loss_dt = 0.3619, loss_qp = 0.5438, total loss = -7.3881, acc = 0.8250, lr = 2.511886e-06] (11.1 samples/sec; 10.798 sec/batch)
(E:17, S:6) [loss_dt = 0.3825, loss_qp = 0.4779, total loss = -7.3279, acc = 0.8083, lr = 2.511886e-06] (11.3 samples/sec; 10.663 sec/batch)
(E:17, S:7) [loss_dt = 0.4676, loss_qp = 0.5692, total loss = -7.4022, acc = 0.7750, lr = 2.511886e-06] (11.4 samples/sec; 10.541 sec/batch)
(E:17, S:8) [loss_dt = 0.3735, loss_qp = 0.5292, total loss = -7.4185, acc = 0.8083, lr = 2.511886e-06] (11.5 samples/sec; 10.405 sec/batch)
(E:17, S:9) [loss_dt = 0.3320, loss_qp = 0.4646, total loss = -7.3404, acc = 0.8583, lr = 2.511886e-06] (11.7 samples/sec; 10.294 sec/batch)
(E:17, S:10) [loss_dt = 0.4944, loss_qp = 0.5185, total loss = -7.3346, acc = 0.7833, lr = 2.511886e-06] (11.8 samples/sec; 10.196 sec/batch)
(E:17, S:11) [loss_dt = 0.3921, loss_qp = 0.5819, total loss = -7.4347, acc = 0.8250, lr = 2.511886e-06] (11.9 samples/sec; 10.103 sec/batch)
(E:17, S:12) [loss_dt = 0.4666, loss_qp = 0.4701, total loss = -7.3497, acc = 0.7667, lr = 2.511886e-06] (12.0 samples/sec; 10.018 sec/batch)
(E:17, S:13) [loss_dt = 0.5591, loss_qp = 0.5653, total loss = -7.4067, acc = 0.7750, lr = 2.511886e-06] (12.1 samples/sec; 9.941 sec/batch)
(E:17, S:14) [loss_dt = 0.5025, loss_qp = 0.4995, total loss = -7.3651, acc = 0.8083, lr = 2.511886e-06] (12.1 samples/sec; 9.883 sec/batch)
(E:17, S:15) [loss_dt = 0.4720, loss_qp = 0.5288, total loss = -7.3746, acc = 0.7833, lr = 2.511886e-06] (12.2 samples/sec; 9.822 sec/batch)
(E:17, S:16) [loss_dt = 0.5196, loss_qp = 0.5786, total loss = -7.4530, acc = 0.7500, lr = 2.511886e-06] (12.3 samples/sec; 9.774 sec/batch)
(E:17, S:17) [loss_dt = 0.4483, loss_qp = 0.5720, total loss = -7.5209, acc = 0.8000, lr = 2.511886e-06] (12.3 samples/sec; 9.717 sec/batch)
(E:17, S:18) [loss_dt = 0.4454, loss_qp = 0.4590, total loss = -7.4128, acc = 0.8333, lr = 2.511886e-06] (12.4 samples/sec; 9.697 sec/batch)
(E:17, S:19) [loss_dt = 0.4755, loss_qp = 0.6286, total loss = -7.5668, acc = 0.8000, lr = 2.511886e-06] (12.4 samples/sec; 9.663 sec/batch)
(E:17, S:20) [loss_dt = 0.3630, loss_qp = 0.5240, total loss = -7.5598, acc = 0.8417, lr = 2.511886e-06] (12.4 samples/sec; 9.643 sec/batch)
(E:17, S:21) [loss_dt = 0.4292, loss_qp = 0.5560, total loss = -7.5948, acc = 0.8083, lr = 2.511886e-06] (12.5 samples/sec; 9.612 sec/batch)
(E:17, S:22) [loss_dt = 0.4832, loss_qp = 0.5542, total loss = -7.6183, acc = 0.8083, lr = 2.511886e-06] (12.5 samples/sec; 9.578 sec/batch)
(E:17, S:23) [loss_dt = 0.3568, loss_qp = 0.3940, total loss = -7.4118, acc = 0.8500, lr = 2.511886e-06] (12.6 samples/sec; 9.546 sec/batch)
(E:17, S:24) [loss_dt = 0.5972, loss_qp = 0.5588, total loss = -7.4491, acc = 0.7667, lr = 2.511886e-06] (12.6 samples/sec; 9.528 sec/batch)
(E:17, S:25) [loss_dt = 0.3212, loss_qp = 0.5063, total loss = -7.4315, acc = 0.8583, lr = 2.511886e-06] (12.6 samples/sec; 9.493 sec/batch)
(E:17, S:26) [loss_dt = 0.5234, loss_qp = 0.5448, total loss = -7.4532, acc = 0.7833, lr = 2.511886e-06] (12.7 samples/sec; 9.472 sec/batch)
(E:17, S:27) [loss_dt = 0.3282, loss_qp = 0.5188, total loss = -7.4533, acc = 0.8500, lr = 2.511886e-06] (12.7 samples/sec; 9.462 sec/batch)
(E:17, S:28) [loss_dt = 0.4178, loss_qp = 0.4845, total loss = -7.3929, acc = 0.8167, lr = 2.511886e-06] (12.7 samples/sec; 9.461 sec/batch)
(E:17, S:29) [loss_dt = 0.4945, loss_qp = 0.5878, total loss = -7.4859, acc = 0.8250, lr = 2.511886e-06] (12.7 samples/sec; 9.447 sec/batch)
(E:17, S:30) [loss_dt = 0.3898, loss_qp = 0.4779, total loss = -7.4151, acc = 0.8500, lr = 2.511886e-06] (12.7 samples/sec; 9.427 sec/batch)
(E:17, S:31) [loss_dt = 0.3922, loss_qp = 0.4643, total loss = -7.3308, acc = 0.8500, lr = 2.511886e-06] (12.8 samples/sec; 9.410 sec/batch)
(E:17, S:32) [loss_dt = 0.3361, loss_qp = 0.4714, total loss = -7.2712, acc = 0.8250, lr = 2.511886e-06] (12.8 samples/sec; 9.396 sec/batch)
(E:17, S:33) [loss_dt = 0.4082, loss_qp = 0.5450, total loss = -7.3208, acc = 0.8417, lr = 2.511886e-06] (12.8 samples/sec; 9.397 sec/batch)
(E:17, S:34) [loss_dt = 0.4780, loss_qp = 0.6557, total loss = -7.5245, acc = 0.7917, lr = 2.511886e-06] (12.8 samples/sec; 9.408 sec/batch)
(E:17, S:35) [loss_dt = 0.3700, loss_qp = 0.5863, total loss = -7.6144, acc = 0.8583, lr = 2.511886e-06] (12.8 samples/sec; 9.396 sec/batch)
(E:17, S:36) [loss_dt = 0.4084, loss_qp = 0.4485, total loss = -7.4849, acc = 0.8167, lr = 2.511886e-06] (12.8 samples/sec; 9.386 sec/batch)
(E:17, S:37) [loss_dt = 0.4721, loss_qp = 0.4424, total loss = -7.3528, acc = 0.8167, lr = 2.511886e-06] (12.8 samples/sec; 9.385 sec/batch)
(E:17, S:38) [loss_dt = 0.3727, loss_qp = 0.5755, total loss = -7.4435, acc = 0.8167, lr = 2.511886e-06] (12.8 samples/sec; 9.380 sec/batch)
(E:17, S:39) [loss_dt = 0.5317, loss_qp = 0.4798, total loss = -7.3656, acc = 0.8167, lr = 2.511886e-06] (12.8 samples/sec; 9.374 sec/batch)
(E:17, S:40) [loss_dt = 0.2906, loss_qp = 0.4873, total loss = -7.3310, acc = 0.8750, lr = 2.511886e-06] (12.8 samples/sec; 9.381 sec/batch)
(E:17, S:41) [loss_dt = 0.4429, loss_qp = 0.4460, total loss = -7.2227, acc = 0.7917, lr = 2.511886e-06] (12.8 samples/sec; 9.383 sec/batch)
(E:17, S:42) [loss_dt = 0.3957, loss_qp = 0.6053, total loss = -7.3687, acc = 0.8333, lr = 2.511886e-06] (12.8 samples/sec; 9.376 sec/batch)
(E:17, S:43) [loss_dt = 0.5631, loss_qp = 0.5086, total loss = -7.3384, acc = 0.7833, lr = 2.511886e-06] (12.8 samples/sec; 9.372 sec/batch)
(E:17, S:44) [loss_dt = 0.4510, loss_qp = 0.5013, total loss = -7.3114, acc = 0.8167, lr = 2.511886e-06] (13.5 samples/sec; 8.907 sec/batch)
(E:17, S:45) [loss_dt = 0.3096, loss_qp = 0.5693, total loss = -7.4033, acc = 0.8333, lr = 2.511886e-06] (14.9 samples/sec; 8.048 sec/batch)
(E:17, S:46) [loss_dt = 0.5173, loss_qp = 0.4493, total loss = -7.2852, acc = 0.8083, lr = 2.511886e-06] (16.5 samples/sec; 7.276 sec/batch)
(E:17, S:47) [loss_dt = 0.3915, loss_qp = 0.5452, total loss = -7.3353, acc = 0.8083, lr = 2.511886e-06] (18.2 samples/sec; 6.580 sec/batch)
(E:17, S:48) [loss_dt = 0.4543, loss_qp = 0.5059, total loss = -7.3152, acc = 0.8250, lr = 2.511886e-06] (20.2 samples/sec; 5.953 sec/batch)
(E:17, S:49) [loss_dt = 0.4436, loss_qp = 0.5218, total loss = -7.3219, acc = 0.8167, lr = 2.511886e-06] (22.3 samples/sec; 5.388 sec/batch)
(E:17, S:50) [loss_dt = 0.5454, loss_qp = 0.5533, total loss = -7.3652, acc = 0.7417, lr = 2.511886e-06] (24.6 samples/sec; 4.880 sec/batch)
(E:17, S:51) [loss_dt = 0.3958, loss_qp = 0.5293, total loss = -7.3830, acc = 0.8167, lr = 2.511886e-06] (27.1 samples/sec; 4.423 sec/batch)
PLCC: 0.4478, SROCC: 0.4069, Acc: 0.7603
(E:18, S:0) [loss_dt = 0.4409, loss_qp = 0.4371, total loss = -7.2563, acc = 0.8417, lr = 1.995262e-06] (7.1 samples/sec; 16.947 sec/batch)
(E:18, S:1) [loss_dt = 0.4327, loss_qp = 0.4319, total loss = -7.1352, acc = 0.8000, lr = 1.995262e-06] (7.9 samples/sec; 15.286 sec/batch)
(E:18, S:2) [loss_dt = 0.4823, loss_qp = 0.4005, total loss = -6.9742, acc = 0.7917, lr = 1.995262e-06] (8.7 samples/sec; 13.790 sec/batch)
(E:18, S:3) [loss_dt = 0.4355, loss_qp = 0.5151, total loss = -7.0059, acc = 0.8417, lr = 1.995262e-06] (9.6 samples/sec; 12.448 sec/batch)
(E:18, S:4) [loss_dt = 0.4164, loss_qp = 0.6769, total loss = -7.2790, acc = 0.8250, lr = 1.995262e-06] (10.7 samples/sec; 11.241 sec/batch)
(E:18, S:5) [loss_dt = 0.5030, loss_qp = 0.5344, total loss = -7.3024, acc = 0.7833, lr = 1.995262e-06] (11.0 samples/sec; 10.867 sec/batch)
(E:18, S:6) [loss_dt = 0.4028, loss_qp = 0.5911, total loss = -7.4185, acc = 0.8667, lr = 1.995262e-06] (11.2 samples/sec; 10.727 sec/batch)
(E:18, S:7) [loss_dt = 0.3452, loss_qp = 0.3998, total loss = -7.2418, acc = 0.8583, lr = 1.995262e-06] (11.3 samples/sec; 10.599 sec/batch)
(E:18, S:8) [loss_dt = 0.4356, loss_qp = 0.5492, total loss = -7.2978, acc = 0.8167, lr = 1.995262e-06] (11.5 samples/sec; 10.471 sec/batch)
(E:18, S:9) [loss_dt = 0.4630, loss_qp = 0.5630, total loss = -7.3663, acc = 0.8000, lr = 1.995262e-06] (11.6 samples/sec; 10.352 sec/batch)
(E:18, S:10) [loss_dt = 0.4021, loss_qp = 0.3490, total loss = -7.1129, acc = 0.8083, lr = 1.995262e-06] (11.7 samples/sec; 10.265 sec/batch)
(E:18, S:11) [loss_dt = 0.5405, loss_qp = 0.4555, total loss = -7.0309, acc = 0.8000, lr = 1.995262e-06] (11.8 samples/sec; 10.162 sec/batch)
(E:18, S:12) [loss_dt = 0.3801, loss_qp = 0.4587, total loss = -6.9778, acc = 0.8167, lr = 1.995262e-06] (11.9 samples/sec; 10.073 sec/batch)
(E:18, S:13) [loss_dt = 0.4774, loss_qp = 0.5761, total loss = -7.0965, acc = 0.8000, lr = 1.995262e-06] (12.0 samples/sec; 10.004 sec/batch)
(E:18, S:14) [loss_dt = 0.6324, loss_qp = 0.5185, total loss = -7.1013, acc = 0.7500, lr = 1.995262e-06] (12.1 samples/sec; 9.944 sec/batch)
(E:18, S:15) [loss_dt = 0.3642, loss_qp = 0.5240, total loss = -7.1407, acc = 0.8500, lr = 1.995262e-06] (12.1 samples/sec; 9.886 sec/batch)
(E:18, S:16) [loss_dt = 0.4705, loss_qp = 0.5410, total loss = -7.1911, acc = 0.7500, lr = 1.995262e-06] (12.2 samples/sec; 9.838 sec/batch)
(E:18, S:17) [loss_dt = 0.3375, loss_qp = 0.5138, total loss = -7.2089, acc = 0.8583, lr = 1.995262e-06] (12.3 samples/sec; 9.774 sec/batch)
(E:18, S:18) [loss_dt = 0.4875, loss_qp = 0.5785, total loss = -7.3070, acc = 0.7250, lr = 1.995262e-06] (12.3 samples/sec; 9.736 sec/batch)
(E:18, S:19) [loss_dt = 0.5035, loss_qp = 0.5692, total loss = -7.3798, acc = 0.7667, lr = 1.995262e-06] (12.4 samples/sec; 9.707 sec/batch)
(E:18, S:20) [loss_dt = 0.4574, loss_qp = 0.5776, total loss = -7.4625, acc = 0.8250, lr = 1.995262e-06] (12.4 samples/sec; 9.668 sec/batch)
(E:18, S:21) [loss_dt = 0.4645, loss_qp = 0.4894, total loss = -7.4039, acc = 0.8083, lr = 1.995262e-06] (12.5 samples/sec; 9.635 sec/batch)
(E:18, S:22) [loss_dt = 0.3854, loss_qp = 0.6556, total loss = -7.6083, acc = 0.8500, lr = 1.995262e-06] (12.5 samples/sec; 9.604 sec/batch)
(E:18, S:23) [loss_dt = 0.4197, loss_qp = 0.5440, total loss = -7.6215, acc = 0.8083, lr = 1.995262e-06] (12.5 samples/sec; 9.571 sec/batch)
(E:18, S:24) [loss_dt = 0.5149, loss_qp = 0.5486, total loss = -7.6307, acc = 0.7833, lr = 1.995262e-06] (12.6 samples/sec; 9.557 sec/batch)
(E:18, S:25) [loss_dt = 0.4901, loss_qp = 0.4014, total loss = -7.4207, acc = 0.7917, lr = 1.995262e-06] (12.6 samples/sec; 9.523 sec/batch)
(E:18, S:26) [loss_dt = 0.4172, loss_qp = 0.6227, total loss = -7.5710, acc = 0.8500, lr = 1.995262e-06] (12.6 samples/sec; 9.488 sec/batch)
(E:18, S:27) [loss_dt = 0.4512, loss_qp = 0.5860, total loss = -7.6477, acc = 0.7750, lr = 1.995262e-06] (12.7 samples/sec; 9.478 sec/batch)
(E:18, S:28) [loss_dt = 0.2537, loss_qp = 0.3486, total loss = -7.3805, acc = 0.8833, lr = 1.995262e-06] (12.7 samples/sec; 9.469 sec/batch)
(E:18, S:29) [loss_dt = 0.3024, loss_qp = 0.4911, total loss = -7.3489, acc = 0.8750, lr = 1.995262e-06] (12.7 samples/sec; 9.450 sec/batch)
(E:18, S:30) [loss_dt = 0.3734, loss_qp = 0.5560, total loss = -7.4107, acc = 0.8167, lr = 1.995262e-06] (12.7 samples/sec; 9.433 sec/batch)
(E:18, S:31) [loss_dt = 0.3847, loss_qp = 0.4869, total loss = -7.3615, acc = 0.8000, lr = 1.995262e-06] (12.8 samples/sec; 9.409 sec/batch)
(E:18, S:32) [loss_dt = 0.3488, loss_qp = 0.5372, total loss = -7.3963, acc = 0.8333, lr = 1.995262e-06] (12.8 samples/sec; 9.392 sec/batch)
(E:18, S:33) [loss_dt = 0.5678, loss_qp = 0.5744, total loss = -7.4614, acc = 0.7750, lr = 1.995262e-06] (12.8 samples/sec; 9.385 sec/batch)
(E:18, S:34) [loss_dt = 0.2890, loss_qp = 0.4998, total loss = -7.4361, acc = 0.8583, lr = 1.995262e-06] (12.8 samples/sec; 9.377 sec/batch)
(E:18, S:35) [loss_dt = 0.4120, loss_qp = 0.5232, total loss = -7.4361, acc = 0.8083, lr = 1.995262e-06] (12.8 samples/sec; 9.376 sec/batch)
(E:18, S:36) [loss_dt = 0.2801, loss_qp = 0.5418, total loss = -7.4772, acc = 0.8917, lr = 1.995262e-06] (12.8 samples/sec; 9.367 sec/batch)
(E:18, S:37) [loss_dt = 0.3923, loss_qp = 0.4204, total loss = -7.3208, acc = 0.8083, lr = 1.995262e-06] (12.8 samples/sec; 9.369 sec/batch)
(E:18, S:38) [loss_dt = 0.4359, loss_qp = 0.5251, total loss = -7.3328, acc = 0.7833, lr = 1.995262e-06] (12.8 samples/sec; 9.368 sec/batch)
(E:18, S:39) [loss_dt = 0.4668, loss_qp = 0.4155, total loss = -7.1761, acc = 0.7417, lr = 1.995262e-06] (12.8 samples/sec; 9.362 sec/batch)
(E:18, S:40) [loss_dt = 0.3908, loss_qp = 0.5488, total loss = -7.2427, acc = 0.8583, lr = 1.995262e-06] (12.8 samples/sec; 9.363 sec/batch)
(E:18, S:41) [loss_dt = 0.3979, loss_qp = 0.6161, total loss = -7.4029, acc = 0.8167, lr = 1.995262e-06] (12.8 samples/sec; 9.359 sec/batch)
(E:18, S:42) [loss_dt = 0.4059, loss_qp = 0.5200, total loss = -7.4020, acc = 0.8333, lr = 1.995262e-06] (12.8 samples/sec; 9.351 sec/batch)
(E:18, S:43) [loss_dt = 0.4238, loss_qp = 0.5205, total loss = -7.4002, acc = 0.8000, lr = 1.995262e-06] (12.8 samples/sec; 9.348 sec/batch)
(E:18, S:44) [loss_dt = 0.3440, loss_qp = 0.5735, total loss = -7.4861, acc = 0.8667, lr = 1.995262e-06] (13.5 samples/sec; 8.892 sec/batch)
(E:18, S:45) [loss_dt = 0.4524, loss_qp = 0.6381, total loss = -7.6493, acc = 0.8000, lr = 1.995262e-06] (14.9 samples/sec; 8.035 sec/batch)
(E:18, S:46) [loss_dt = 0.4428, loss_qp = 0.5403, total loss = -7.6506, acc = 0.8167, lr = 1.995262e-06] (16.5 samples/sec; 7.266 sec/batch)
(E:18, S:47) [loss_dt = 0.4400, loss_qp = 0.5340, total loss = -7.6426, acc = 0.8083, lr = 1.995262e-06] (18.3 samples/sec; 6.575 sec/batch)
(E:18, S:48) [loss_dt = 0.3615, loss_qp = 0.4610, total loss = -7.5337, acc = 0.8667, lr = 1.995262e-06] (20.2 samples/sec; 5.950 sec/batch)
(E:18, S:49) [loss_dt = 0.5881, loss_qp = 0.5389, total loss = -7.5298, acc = 0.7167, lr = 1.995262e-06] (22.3 samples/sec; 5.388 sec/batch)
(E:18, S:50) [loss_dt = 0.3729, loss_qp = 0.5640, total loss = -7.5856, acc = 0.8500, lr = 1.995262e-06] (24.6 samples/sec; 4.884 sec/batch)
(E:18, S:51) [loss_dt = 0.4568, loss_qp = 0.4749, total loss = -7.4937, acc = 0.8083, lr = 1.995262e-06] (27.1 samples/sec; 4.428 sec/batch)
PLCC: 0.4476, SROCC: 0.4082, Acc: 0.7641
(E:19, S:0) [loss_dt = 0.4467, loss_qp = 0.5926, total loss = -7.5886, acc = 0.8083, lr = 1.584894e-06] (7.0 samples/sec; 17.137 sec/batch)
(E:19, S:1) [loss_dt = 0.4485, loss_qp = 0.5345, total loss = -7.5867, acc = 0.8167, lr = 1.584894e-06] (7.8 samples/sec; 15.470 sec/batch)
(E:19, S:2) [loss_dt = 0.4390, loss_qp = 0.5745, total loss = -7.6459, acc = 0.8250, lr = 1.584894e-06] (8.6 samples/sec; 13.958 sec/batch)
(E:19, S:3) [loss_dt = 0.4522, loss_qp = 0.4683, total loss = -7.5385, acc = 0.7833, lr = 1.584894e-06] (9.5 samples/sec; 12.598 sec/batch)
(E:19, S:4) [loss_dt = 0.4330, loss_qp = 0.5292, total loss = -7.5352, acc = 0.8083, lr = 1.584894e-06] (10.6 samples/sec; 11.372 sec/batch)
(E:19, S:5) [loss_dt = 0.4191, loss_qp = 0.6310, total loss = -7.6863, acc = 0.8000, lr = 1.584894e-06] (11.1 samples/sec; 10.845 sec/batch)
(E:19, S:6) [loss_dt = 0.4497, loss_qp = 0.3961, total loss = -7.4669, acc = 0.7917, lr = 1.584894e-06] (11.2 samples/sec; 10.705 sec/batch)
(E:19, S:7) [loss_dt = 0.3188, loss_qp = 0.5096, total loss = -7.4527, acc = 0.8833, lr = 1.584894e-06] (11.4 samples/sec; 10.572 sec/batch)
(E:19, S:8) [loss_dt = 0.3704, loss_qp = 0.5298, total loss = -7.4651, acc = 0.8333, lr = 1.584894e-06] (11.5 samples/sec; 10.438 sec/batch)
(E:19, S:9) [loss_dt = 0.3731, loss_qp = 0.5598, total loss = -7.5210, acc = 0.8500, lr = 1.584894e-06] (11.6 samples/sec; 10.332 sec/batch)
(E:19, S:10) [loss_dt = 0.3911, loss_qp = 0.4910, total loss = -7.4662, acc = 0.8250, lr = 1.584894e-06] (11.7 samples/sec; 10.235 sec/batch)
(E:19, S:11) [loss_dt = 0.3139, loss_qp = 0.5144, total loss = -7.4598, acc = 0.8583, lr = 1.584894e-06] (11.8 samples/sec; 10.132 sec/batch)
(E:19, S:12) [loss_dt = 0.4252, loss_qp = 0.4092, total loss = -7.2851, acc = 0.8500, lr = 1.584894e-06] (11.9 samples/sec; 10.047 sec/batch)
(E:19, S:13) [loss_dt = 0.4568, loss_qp = 0.4216, total loss = -7.1434, acc = 0.8167, lr = 1.584894e-06] (12.0 samples/sec; 9.978 sec/batch)
(E:19, S:14) [loss_dt = 0.3775, loss_qp = 0.4827, total loss = -7.1154, acc = 0.8250, lr = 1.584894e-06] (12.1 samples/sec; 9.917 sec/batch)
(E:19, S:15) [loss_dt = 0.4401, loss_qp = 0.6234, total loss = -7.2950, acc = 0.7917, lr = 1.584894e-06] (12.2 samples/sec; 9.855 sec/batch)
(E:19, S:16) [loss_dt = 0.5126, loss_qp = 0.5616, total loss = -7.3566, acc = 0.8167, lr = 1.584894e-06] (12.2 samples/sec; 9.818 sec/batch)
(E:19, S:17) [loss_dt = 0.4763, loss_qp = 0.6174, total loss = -7.4995, acc = 0.8000, lr = 1.584894e-06] (12.3 samples/sec; 9.761 sec/batch)
(E:19, S:18) [loss_dt = 0.5312, loss_qp = 0.5415, total loss = -7.5086, acc = 0.8083, lr = 1.584894e-06] (12.3 samples/sec; 9.730 sec/batch)
(E:19, S:19) [loss_dt = 0.3974, loss_qp = 0.6080, total loss = -7.6299, acc = 0.8167, lr = 1.584894e-06] (12.4 samples/sec; 9.687 sec/batch)
(E:19, S:20) [loss_dt = 0.3853, loss_qp = 0.5066, total loss = -7.5884, acc = 0.8583, lr = 1.584894e-06] (12.4 samples/sec; 9.645 sec/batch)
(E:19, S:21) [loss_dt = 0.3299, loss_qp = 0.5889, total loss = -7.6800, acc = 0.8583, lr = 1.584894e-06] (12.5 samples/sec; 9.617 sec/batch)
(E:19, S:22) [loss_dt = 0.4286, loss_qp = 0.4049, total loss = -7.4764, acc = 0.8000, lr = 1.584894e-06] (12.5 samples/sec; 9.580 sec/batch)
(E:19, S:23) [loss_dt = 0.5240, loss_qp = 0.5447, total loss = -7.4935, acc = 0.7917, lr = 1.584894e-06] (12.6 samples/sec; 9.553 sec/batch)
(E:19, S:24) [loss_dt = 0.4565, loss_qp = 0.5706, total loss = -7.5543, acc = 0.8250, lr = 1.584894e-06] (12.6 samples/sec; 9.554 sec/batch)
(E:19, S:25) [loss_dt = 0.4322, loss_qp = 0.5816, total loss = -7.6281, acc = 0.8333, lr = 1.584894e-06] (12.6 samples/sec; 9.515 sec/batch)
(E:19, S:26) [loss_dt = 0.3868, loss_qp = 0.5173, total loss = -7.6026, acc = 0.8417, lr = 1.584894e-06] (12.6 samples/sec; 9.488 sec/batch)
(E:19, S:27) [loss_dt = 0.4718, loss_qp = 0.5416, total loss = -7.6076, acc = 0.7750, lr = 1.584894e-06] (12.6 samples/sec; 9.487 sec/batch)
(E:19, S:28) [loss_dt = 0.3888, loss_qp = 0.3292, total loss = -7.3017, acc = 0.8333, lr = 1.584894e-06] (12.7 samples/sec; 9.474 sec/batch)
(E:19, S:29) [loss_dt = 0.3905, loss_qp = 0.5170, total loss = -7.3081, acc = 0.7917, lr = 1.584894e-06] (12.6 samples/sec; 9.511 sec/batch)
(E:19, S:30) [loss_dt = 0.4228, loss_qp = 0.4830, total loss = -7.2595, acc = 0.8250, lr = 1.584894e-06] (12.6 samples/sec; 9.490 sec/batch)
(E:19, S:31) [loss_dt = 0.4675, loss_qp = 0.5081, total loss = -7.2490, acc = 0.8333, lr = 1.584894e-06] (12.7 samples/sec; 9.467 sec/batch)
(E:19, S:32) [loss_dt = 0.4420, loss_qp = 0.5434, total loss = -7.2950, acc = 0.8250, lr = 1.584894e-06] (12.7 samples/sec; 9.451 sec/batch)
(E:19, S:33) [loss_dt = 0.4969, loss_qp = 0.5489, total loss = -7.3393, acc = 0.7667, lr = 1.584894e-06] (12.7 samples/sec; 9.434 sec/batch)
(E:19, S:34) [loss_dt = 0.3405, loss_qp = 0.5546, total loss = -7.4031, acc = 0.8167, lr = 1.584894e-06] (12.7 samples/sec; 9.435 sec/batch)
(E:19, S:35) [loss_dt = 0.4226, loss_qp = 0.4872, total loss = -7.3514, acc = 0.8083, lr = 1.584894e-06] (12.7 samples/sec; 9.422 sec/batch)
(E:19, S:36) [loss_dt = 0.3540, loss_qp = 0.5566, total loss = -7.4158, acc = 0.7917, lr = 1.584894e-06] (12.7 samples/sec; 9.416 sec/batch)
(E:19, S:37) [loss_dt = 0.4421, loss_qp = 0.5750, total loss = -7.4926, acc = 0.8167, lr = 1.584894e-06] (12.8 samples/sec; 9.406 sec/batch)
(E:19, S:38) [loss_dt = 0.3623, loss_qp = 0.5471, total loss = -7.5278, acc = 0.8333, lr = 1.584894e-06] (12.8 samples/sec; 9.390 sec/batch)
(E:19, S:39) [loss_dt = 0.4377, loss_qp = 0.5671, total loss = -7.5818, acc = 0.8083, lr = 1.584894e-06] (12.8 samples/sec; 9.387 sec/batch)
(E:19, S:40) [loss_dt = 0.3131, loss_qp = 0.5460, total loss = -7.6113, acc = 0.8333, lr = 1.584894e-06] (12.8 samples/sec; 9.387 sec/batch)
(E:19, S:41) [loss_dt = 0.4057, loss_qp = 0.4588, total loss = -7.4978, acc = 0.8250, lr = 1.584894e-06] (12.8 samples/sec; 9.381 sec/batch)
(E:19, S:42) [loss_dt = 0.4624, loss_qp = 0.4995, total loss = -7.4510, acc = 0.7917, lr = 1.584894e-06] (12.8 samples/sec; 9.372 sec/batch)
(E:19, S:43) [loss_dt = 0.4357, loss_qp = 0.6274, total loss = -7.6034, acc = 0.8167, lr = 1.584894e-06] (12.8 samples/sec; 9.366 sec/batch)
(E:19, S:44) [loss_dt = 0.3571, loss_qp = 0.6195, total loss = -7.7366, acc = 0.8833, lr = 1.584894e-06] (13.5 samples/sec; 8.905 sec/batch)
(E:19, S:45) [loss_dt = 0.4370, loss_qp = 0.5017, total loss = -7.6717, acc = 0.8417, lr = 1.584894e-06] (14.9 samples/sec; 8.046 sec/batch)
(E:19, S:46) [loss_dt = 0.4186, loss_qp = 0.5495, total loss = -7.6870, acc = 0.8000, lr = 1.584894e-06] (16.5 samples/sec; 7.273 sec/batch)
(E:19, S:47) [loss_dt = 0.3964, loss_qp = 0.4379, total loss = -7.5355, acc = 0.8250, lr = 1.584894e-06] (18.2 samples/sec; 6.577 sec/batch)
(E:19, S:48) [loss_dt = 0.5337, loss_qp = 0.4059, total loss = -7.3374, acc = 0.7833, lr = 1.584894e-06] (20.1 samples/sec; 5.958 sec/batch)
(E:19, S:49) [loss_dt = 0.4710, loss_qp = 0.6082, total loss = -7.4688, acc = 0.8250, lr = 1.584894e-06] (22.2 samples/sec; 5.395 sec/batch)
(E:19, S:50) [loss_dt = 0.4777, loss_qp = 0.2677, total loss = -7.0757, acc = 0.7750, lr = 1.584894e-06] (24.5 samples/sec; 4.888 sec/batch)
(E:19, S:51) [loss_dt = 0.3466, loss_qp = 0.5500, total loss = -7.1585, acc = 0.8583, lr = 1.584894e-06] (27.1 samples/sec; 4.433 sec/batch)
PLCC: 0.4737, SROCC: 0.4389, Acc: 0.7583
(E:20, S:0) [loss_dt = 0.3567, loss_qp = 0.4820, total loss = -7.1300, acc = 0.8417, lr = 1.258926e-06] (7.0 samples/sec; 17.094 sec/batch)
(E:20, S:1) [loss_dt = 0.4354, loss_qp = 0.5850, total loss = -7.2510, acc = 0.8000, lr = 1.258926e-06] (7.8 samples/sec; 15.416 sec/batch)
(E:20, S:2) [loss_dt = 0.4949, loss_qp = 0.6363, total loss = -7.4309, acc = 0.7333, lr = 1.258926e-06] (8.6 samples/sec; 13.906 sec/batch)
(E:20, S:3) [loss_dt = 0.4311, loss_qp = 0.4992, total loss = -7.3935, acc = 0.8333, lr = 1.258926e-06] (9.6 samples/sec; 12.546 sec/batch)
(E:20, S:4) [loss_dt = 0.3483, loss_qp = 0.5454, total loss = -7.4375, acc = 0.8333, lr = 1.258926e-06] (10.6 samples/sec; 11.326 sec/batch)
(E:20, S:5) [loss_dt = 0.3519, loss_qp = 0.4923, total loss = -7.3970, acc = 0.8583, lr = 1.258926e-06] (11.2 samples/sec; 10.759 sec/batch)
(E:20, S:6) [loss_dt = 0.3406, loss_qp = 0.3339, total loss = -7.1241, acc = 0.8500, lr = 1.258926e-06] (11.3 samples/sec; 10.621 sec/batch)
(E:20, S:7) [loss_dt = 0.4129, loss_qp = 0.4688, total loss = -7.0735, acc = 0.8083, lr = 1.258926e-06] (11.4 samples/sec; 10.484 sec/batch)
(E:20, S:8) [loss_dt = 0.3482, loss_qp = 0.5367, total loss = -7.1364, acc = 0.8500, lr = 1.258926e-06] (11.6 samples/sec; 10.350 sec/batch)
(E:20, S:9) [loss_dt = 0.4013, loss_qp = 0.6485, total loss = -7.3554, acc = 0.8417, lr = 1.258926e-06] (11.7 samples/sec; 10.247 sec/batch)
(E:20, S:10) [loss_dt = 0.3801, loss_qp = 0.5670, total loss = -7.4324, acc = 0.8417, lr = 1.258926e-06] (11.8 samples/sec; 10.166 sec/batch)
(E:20, S:11) [loss_dt = 0.4442, loss_qp = 0.4637, total loss = -7.3403, acc = 0.7667, lr = 1.258926e-06] (11.9 samples/sec; 10.074 sec/batch)
(E:20, S:12) [loss_dt = 0.6243, loss_qp = 0.6157, total loss = -7.4674, acc = 0.7417, lr = 1.258926e-06] (12.0 samples/sec; 9.988 sec/batch)
(E:20, S:13) [loss_dt = 0.3904, loss_qp = 0.5243, total loss = -7.4681, acc = 0.8583, lr = 1.258926e-06] (12.1 samples/sec; 9.914 sec/batch)
(E:20, S:14) [loss_dt = 0.4334, loss_qp = 0.5301, total loss = -7.4730, acc = 0.7833, lr = 1.258926e-06] (12.2 samples/sec; 9.863 sec/batch)
(E:20, S:15) [loss_dt = 0.4032, loss_qp = 0.5396, total loss = -7.4948, acc = 0.8083, lr = 1.258926e-06] (12.2 samples/sec; 9.807 sec/batch)
(E:20, S:16) [loss_dt = 0.5312, loss_qp = 0.5735, total loss = -7.5524, acc = 0.7750, lr = 1.258926e-06] (12.3 samples/sec; 9.764 sec/batch)
(E:20, S:17) [loss_dt = 0.3677, loss_qp = 0.5613, total loss = -7.6023, acc = 0.8750, lr = 1.258926e-06] (12.4 samples/sec; 9.713 sec/batch)
(E:20, S:18) [loss_dt = 0.6345, loss_qp = 0.5612, total loss = -7.6205, acc = 0.7417, lr = 1.258926e-06] (12.4 samples/sec; 9.681 sec/batch)
(E:20, S:19) [loss_dt = 0.6291, loss_qp = 0.6202, total loss = -7.7259, acc = 0.7667, lr = 1.258926e-06] (12.4 samples/sec; 9.711 sec/batch)
(E:20, S:20) [loss_dt = 0.3199, loss_qp = 0.5658, total loss = -7.7701, acc = 0.8500, lr = 1.258926e-06] (12.4 samples/sec; 9.671 sec/batch)
(E:20, S:21) [loss_dt = 0.4272, loss_qp = 0.4035, total loss = -7.5556, acc = 0.8333, lr = 1.258926e-06] (12.5 samples/sec; 9.636 sec/batch)
(E:20, S:22) [loss_dt = 0.3968, loss_qp = 0.5164, total loss = -7.5350, acc = 0.8667, lr = 1.258926e-06] (12.5 samples/sec; 9.597 sec/batch)
(E:20, S:23) [loss_dt = 0.3923, loss_qp = 0.4099, total loss = -7.3570, acc = 0.8333, lr = 1.258926e-06] (12.6 samples/sec; 9.557 sec/batch)
(E:20, S:24) [loss_dt = 0.5539, loss_qp = 0.5219, total loss = -7.3488, acc = 0.7750, lr = 1.258926e-06] (12.6 samples/sec; 9.548 sec/batch)
(E:20, S:25) [loss_dt = 0.3395, loss_qp = 0.3934, total loss = -7.1700, acc = 0.8667, lr = 1.258926e-06] (12.6 samples/sec; 9.512 sec/batch)
(E:20, S:26) [loss_dt = 0.3697, loss_qp = 0.5631, total loss = -7.2607, acc = 0.8333, lr = 1.258926e-06] (12.7 samples/sec; 9.485 sec/batch)
(E:20, S:27) [loss_dt = 0.5231, loss_qp = 0.6111, total loss = -7.3990, acc = 0.8000, lr = 1.258926e-06] (12.6 samples/sec; 9.548 sec/batch)
(E:20, S:28) [loss_dt = 0.3865, loss_qp = 0.5351, total loss = -7.4231, acc = 0.8500, lr = 1.258926e-06] (12.6 samples/sec; 9.530 sec/batch)
(E:20, S:29) [loss_dt = 0.4721, loss_qp = 0.6578, total loss = -7.6202, acc = 0.8167, lr = 1.258926e-06] (12.6 samples/sec; 9.524 sec/batch)
(E:20, S:30) [loss_dt = 0.4357, loss_qp = 0.5056, total loss = -7.5730, acc = 0.8333, lr = 1.258926e-06] (12.6 samples/sec; 9.497 sec/batch)
(E:20, S:31) [loss_dt = 0.4703, loss_qp = 0.6112, total loss = -7.6855, acc = 0.7500, lr = 1.258926e-06] (12.7 samples/sec; 9.481 sec/batch)
(E:20, S:32) [loss_dt = 0.2953, loss_qp = 0.5236, total loss = -7.6728, acc = 0.8583, lr = 1.258926e-06] (12.7 samples/sec; 9.462 sec/batch)
(E:20, S:33) [loss_dt = 0.5121, loss_qp = 0.5735, total loss = -7.7146, acc = 0.7833, lr = 1.258926e-06] (12.7 samples/sec; 9.465 sec/batch)
(E:20, S:34) [loss_dt = 0.4094, loss_qp = 0.5242, total loss = -7.6885, acc = 0.7833, lr = 1.258926e-06] (12.7 samples/sec; 9.460 sec/batch)
(E:20, S:35) [loss_dt = 0.4778, loss_qp = 0.5210, total loss = -7.6534, acc = 0.7583, lr = 1.258926e-06] (12.7 samples/sec; 9.438 sec/batch)
(E:20, S:36) [loss_dt = 0.3396, loss_qp = 0.4768, total loss = -7.5694, acc = 0.8083, lr = 1.258926e-06] (12.7 samples/sec; 9.425 sec/batch)
(E:20, S:37) [loss_dt = 0.4081, loss_qp = 0.4898, total loss = -7.5063, acc = 0.8333, lr = 1.258926e-06] (12.7 samples/sec; 9.427 sec/batch)
(E:20, S:38) [loss_dt = 0.3488, loss_qp = 0.5504, total loss = -7.5464, acc = 0.8667, lr = 1.258926e-06] (12.8 samples/sec; 9.407 sec/batch)
(E:20, S:39) [loss_dt = 0.3967, loss_qp = 0.5332, total loss = -7.5520, acc = 0.8667, lr = 1.258926e-06] (12.8 samples/sec; 9.404 sec/batch)
(E:20, S:40) [loss_dt = 0.3588, loss_qp = 0.5161, total loss = -7.5351, acc = 0.8333, lr = 1.258926e-06] (12.8 samples/sec; 9.403 sec/batch)
(E:20, S:41) [loss_dt = 0.4218, loss_qp = 0.4380, total loss = -7.3964, acc = 0.8083, lr = 1.258926e-06] (12.8 samples/sec; 9.401 sec/batch)
(E:20, S:42) [loss_dt = 0.4640, loss_qp = 0.4486, total loss = -7.2832, acc = 0.8000, lr = 1.258926e-06] (12.8 samples/sec; 9.398 sec/batch)
(E:20, S:43) [loss_dt = 0.3957, loss_qp = 0.5023, total loss = -7.2688, acc = 0.8250, lr = 1.258926e-06] (12.8 samples/sec; 9.399 sec/batch)
(E:20, S:44) [loss_dt = 0.4875, loss_qp = 0.4908, total loss = -7.2293, acc = 0.7833, lr = 1.258926e-06] (13.4 samples/sec; 8.932 sec/batch)
(E:20, S:45) [loss_dt = 0.4809, loss_qp = 0.4575, total loss = -7.1446, acc = 0.7833, lr = 1.258926e-06] (14.9 samples/sec; 8.074 sec/batch)
(E:20, S:46) [loss_dt = 0.4085, loss_qp = 0.5084, total loss = -7.1519, acc = 0.8000, lr = 1.258926e-06] (16.4 samples/sec; 7.298 sec/batch)
(E:20, S:47) [loss_dt = 0.4584, loss_qp = 0.5596, total loss = -7.2303, acc = 0.7917, lr = 1.258926e-06] (18.2 samples/sec; 6.600 sec/batch)
(E:20, S:48) [loss_dt = 0.3344, loss_qp = 0.4568, total loss = -7.1590, acc = 0.8500, lr = 1.258926e-06] (20.1 samples/sec; 5.974 sec/batch)
(E:20, S:49) [loss_dt = 0.3815, loss_qp = 0.5755, total loss = -7.2681, acc = 0.8583, lr = 1.258926e-06] (22.2 samples/sec; 5.410 sec/batch)
(E:20, S:50) [loss_dt = 0.3005, loss_qp = 0.5965, total loss = -7.4060, acc = 0.8917, lr = 1.258926e-06] (24.5 samples/sec; 4.906 sec/batch)
(E:20, S:51) [loss_dt = 0.4679, loss_qp = 0.5208, total loss = -7.3998, acc = 0.8167, lr = 1.258926e-06] (26.9 samples/sec; 4.454 sec/batch)
PLCC: 0.4485, SROCC: 0.4107, Acc: 0.7731
(E:21, S:0) [loss_dt = 0.4832, loss_qp = 0.4936, total loss = -7.3519, acc = 0.7667, lr = 1.000000e-06] (7.0 samples/sec; 17.043 sec/batch)
(E:21, S:1) [loss_dt = 0.4565, loss_qp = 0.4895, total loss = -7.3053, acc = 0.7667, lr = 1.000000e-06] (7.8 samples/sec; 15.385 sec/batch)
(E:21, S:2) [loss_dt = 0.3809, loss_qp = 0.4901, total loss = -7.2718, acc = 0.8417, lr = 1.000000e-06] (8.6 samples/sec; 13.888 sec/batch)
(E:21, S:3) [loss_dt = 0.4521, loss_qp = 0.5945, total loss = -7.3913, acc = 0.8417, lr = 1.000000e-06] (9.6 samples/sec; 12.546 sec/batch)
(E:21, S:4) [loss_dt = 0.3534, loss_qp = 0.5124, total loss = -7.3854, acc = 0.8417, lr = 1.000000e-06] (10.6 samples/sec; 11.326 sec/batch)
(E:21, S:5) [loss_dt = 0.3540, loss_qp = 0.4971, total loss = -7.3571, acc = 0.8750, lr = 1.000000e-06] (11.1 samples/sec; 10.852 sec/batch)
(E:21, S:6) [loss_dt = 0.4258, loss_qp = 0.4430, total loss = -7.2433, acc = 0.8333, lr = 1.000000e-06] (11.2 samples/sec; 10.702 sec/batch)
(E:21, S:7) [loss_dt = 0.5348, loss_qp = 0.5017, total loss = -7.2180, acc = 0.7667, lr = 1.000000e-06] (11.4 samples/sec; 10.558 sec/batch)
(E:21, S:8) [loss_dt = 0.3933, loss_qp = 0.6034, total loss = -7.3620, acc = 0.7917, lr = 1.000000e-06] (11.5 samples/sec; 10.426 sec/batch)
(E:21, S:9) [loss_dt = 0.2951, loss_qp = 0.4442, total loss = -7.2626, acc = 0.8250, lr = 1.000000e-06] (11.6 samples/sec; 10.314 sec/batch)
(E:21, S:10) [loss_dt = 0.4476, loss_qp = 0.4649, total loss = -7.1889, acc = 0.7750, lr = 1.000000e-06] (11.8 samples/sec; 10.211 sec/batch)
(E:21, S:11) [loss_dt = 0.3706, loss_qp = 0.5690, total loss = -7.2865, acc = 0.8333, lr = 1.000000e-06] (11.9 samples/sec; 10.118 sec/batch)
(E:21, S:12) [loss_dt = 0.5032, loss_qp = 0.5454, total loss = -7.3256, acc = 0.8000, lr = 1.000000e-06] (12.0 samples/sec; 10.034 sec/batch)
(E:21, S:13) [loss_dt = 0.5011, loss_qp = 0.5192, total loss = -7.3217, acc = 0.7500, lr = 1.000000e-06] (12.1 samples/sec; 9.958 sec/batch)
(E:21, S:14) [loss_dt = 0.3612, loss_qp = 0.4753, total loss = -7.2665, acc = 0.8333, lr = 1.000000e-06] (12.1 samples/sec; 9.897 sec/batch)
(E:21, S:15) [loss_dt = 0.3317, loss_qp = 0.5265, total loss = -7.2964, acc = 0.8583, lr = 1.000000e-06] (12.2 samples/sec; 9.828 sec/batch)
(E:21, S:16) [loss_dt = 0.4679, loss_qp = 0.4345, total loss = -7.1718, acc = 0.8000, lr = 1.000000e-06] (12.3 samples/sec; 9.776 sec/batch)
(E:21, S:17) [loss_dt = 0.3270, loss_qp = 0.5698, total loss = -7.2767, acc = 0.8500, lr = 1.000000e-06] (12.3 samples/sec; 9.729 sec/batch)
(E:21, S:18) [loss_dt = 0.3903, loss_qp = 0.6268, total loss = -7.4502, acc = 0.8417, lr = 1.000000e-06] (12.4 samples/sec; 9.696 sec/batch)
(E:21, S:19) [loss_dt = 0.5182, loss_qp = 0.5357, total loss = -7.4569, acc = 0.7917, lr = 1.000000e-06] (12.4 samples/sec; 9.656 sec/batch)
(E:21, S:20) [loss_dt = 0.4702, loss_qp = 0.4812, total loss = -7.3861, acc = 0.8167, lr = 1.000000e-06] (12.5 samples/sec; 9.616 sec/batch)
(E:21, S:21) [loss_dt = 0.6145, loss_qp = 0.5701, total loss = -7.4412, acc = 0.8083, lr = 1.000000e-06] (12.5 samples/sec; 9.588 sec/batch)
(E:21, S:22) [loss_dt = 0.4504, loss_qp = 0.6066, total loss = -7.5619, acc = 0.8167, lr = 1.000000e-06] (12.5 samples/sec; 9.577 sec/batch)
(E:21, S:23) [loss_dt = 0.4270, loss_qp = 0.5220, total loss = -7.5460, acc = 0.8250, lr = 1.000000e-06] (12.5 samples/sec; 9.581 sec/batch)
(E:21, S:24) [loss_dt = 0.3554, loss_qp = 0.5820, total loss = -7.6288, acc = 0.8667, lr = 1.000000e-06] (12.5 samples/sec; 9.584 sec/batch)
(E:21, S:25) [loss_dt = 0.5540, loss_qp = 0.4990, total loss = -7.5591, acc = 0.7750, lr = 1.000000e-06] (12.6 samples/sec; 9.560 sec/batch)
(E:21, S:26) [loss_dt = 0.3384, loss_qp = 0.3983, total loss = -7.3668, acc = 0.8417, lr = 1.000000e-06] (12.5 samples/sec; 9.605 sec/batch)
(E:21, S:27) [loss_dt = 0.4141, loss_qp = 0.5333, total loss = -7.3887, acc = 0.8333, lr = 1.000000e-06] (12.5 samples/sec; 9.578 sec/batch)
(E:21, S:28) [loss_dt = 0.5839, loss_qp = 0.5649, total loss = -7.4388, acc = 0.7417, lr = 1.000000e-06] (12.6 samples/sec; 9.560 sec/batch)
(E:21, S:29) [loss_dt = 0.4304, loss_qp = 0.4056, total loss = -7.2602, acc = 0.8167, lr = 1.000000e-06] (12.6 samples/sec; 9.558 sec/batch)
(E:21, S:30) [loss_dt = 0.4035, loss_qp = 0.5560, total loss = -7.3279, acc = 0.8250, lr = 1.000000e-06] (12.6 samples/sec; 9.538 sec/batch)
(E:21, S:31) [loss_dt = 0.4682, loss_qp = 0.5278, total loss = -7.3400, acc = 0.8083, lr = 1.000000e-06] (12.6 samples/sec; 9.527 sec/batch)
(E:21, S:32) [loss_dt = 0.3067, loss_qp = 0.5420, total loss = -7.3883, acc = 0.9000, lr = 1.000000e-06] (12.6 samples/sec; 9.509 sec/batch)
(E:21, S:33) [loss_dt = 0.4556, loss_qp = 0.5843, total loss = -7.4803, acc = 0.8250, lr = 1.000000e-06] (12.6 samples/sec; 9.520 sec/batch)
(E:21, S:34) [loss_dt = 0.5091, loss_qp = 0.5373, total loss = -7.4873, acc = 0.8250, lr = 1.000000e-06] (12.6 samples/sec; 9.510 sec/batch)
(E:21, S:35) [loss_dt = 0.4031, loss_qp = 0.5261, total loss = -7.4874, acc = 0.8333, lr = 1.000000e-06] (12.7 samples/sec; 9.482 sec/batch)
(E:21, S:36) [loss_dt = 0.4907, loss_qp = 0.6291, total loss = -7.6332, acc = 0.7667, lr = 1.000000e-06] (12.7 samples/sec; 9.463 sec/batch)
(E:21, S:37) [loss_dt = 0.4527, loss_qp = 0.5029, total loss = -7.5789, acc = 0.8250, lr = 1.000000e-06] (12.7 samples/sec; 9.451 sec/batch)
(E:21, S:38) [loss_dt = 0.5059, loss_qp = 0.5693, total loss = -7.6244, acc = 0.7500, lr = 1.000000e-06] (12.7 samples/sec; 9.441 sec/batch)
(E:21, S:39) [loss_dt = 0.3710, loss_qp = 0.5011, total loss = -7.5766, acc = 0.8250, lr = 1.000000e-06] (12.7 samples/sec; 9.427 sec/batch)
(E:21, S:40) [loss_dt = 0.3345, loss_qp = 0.5193, total loss = -7.5644, acc = 0.8667, lr = 1.000000e-06] (12.7 samples/sec; 9.424 sec/batch)
(E:21, S:41) [loss_dt = 0.4853, loss_qp = 0.4755, total loss = -7.4726, acc = 0.7583, lr = 1.000000e-06] (12.7 samples/sec; 9.415 sec/batch)
(E:21, S:42) [loss_dt = 0.3469, loss_qp = 0.5978, total loss = -7.5873, acc = 0.8333, lr = 1.000000e-06] (12.8 samples/sec; 9.408 sec/batch)
(E:21, S:43) [loss_dt = 0.3974, loss_qp = 0.4847, total loss = -7.5159, acc = 0.7917, lr = 1.000000e-06] (12.7 samples/sec; 9.420 sec/batch)
(E:21, S:44) [loss_dt = 0.4258, loss_qp = 0.5073, total loss = -7.4827, acc = 0.8000, lr = 1.000000e-06] (13.4 samples/sec; 8.964 sec/batch)
(E:21, S:45) [loss_dt = 0.5162, loss_qp = 0.6038, total loss = -7.5886, acc = 0.7833, lr = 1.000000e-06] (14.8 samples/sec; 8.103 sec/batch)
(E:21, S:46) [loss_dt = 0.2646, loss_qp = 0.3575, total loss = -7.3395, acc = 0.9000, lr = 1.000000e-06] (16.4 samples/sec; 7.333 sec/batch)
(E:21, S:47) [loss_dt = 0.5212, loss_qp = 0.4825, total loss = -7.2771, acc = 0.7417, lr = 1.000000e-06] (18.1 samples/sec; 6.636 sec/batch)
(E:21, S:48) [loss_dt = 0.4007, loss_qp = 0.4716, total loss = -7.2167, acc = 0.8333, lr = 1.000000e-06] (20.0 samples/sec; 6.007 sec/batch)
(E:21, S:49) [loss_dt = 0.3814, loss_qp = 0.5654, total loss = -7.3049, acc = 0.8417, lr = 1.000000e-06] (22.1 samples/sec; 5.440 sec/batch)
(E:21, S:50) [loss_dt = 0.4930, loss_qp = 0.5484, total loss = -7.3478, acc = 0.8333, lr = 1.000000e-06] (24.3 samples/sec; 4.931 sec/batch)
(E:21, S:51) [loss_dt = 0.3746, loss_qp = 0.5575, total loss = -7.4118, acc = 0.8333, lr = 1.000000e-06] (26.8 samples/sec; 4.475 sec/batch)
PLCC: 0.4580, SROCC: 0.4257, Acc: 0.7590
(E:22, S:0) [loss_dt = 0.3964, loss_qp = 0.4715, total loss = -7.3383, acc = 0.8500, lr = 7.943286e-07] (6.6 samples/sec; 18.210 sec/batch)
(E:22, S:1) [loss_dt = 0.4445, loss_qp = 0.4660, total loss = -7.2591, acc = 0.8250, lr = 7.943286e-07] (7.3 samples/sec; 16.438 sec/batch)
(E:22, S:2) [loss_dt = 0.4605, loss_qp = 0.5584, total loss = -7.3246, acc = 0.8083, lr = 7.943286e-07] (8.1 samples/sec; 14.841 sec/batch)
(E:22, S:3) [loss_dt = 0.4387, loss_qp = 0.5717, total loss = -7.4059, acc = 0.8167, lr = 7.943286e-07] (9.0 samples/sec; 13.393 sec/batch)
(E:22, S:4) [loss_dt = 0.3325, loss_qp = 0.5362, total loss = -7.4365, acc = 0.8917, lr = 7.943286e-07] (9.9 samples/sec; 12.097 sec/batch)
(E:22, S:5) [loss_dt = 0.3678, loss_qp = 0.5075, total loss = -7.4173, acc = 0.8250, lr = 7.943286e-07] (10.4 samples/sec; 11.593 sec/batch)
(E:22, S:6) [loss_dt = 0.4596, loss_qp = 0.5826, total loss = -7.5036, acc = 0.8167, lr = 7.943286e-07] (10.4 samples/sec; 11.490 sec/batch)
(E:22, S:7) [loss_dt = 0.3664, loss_qp = 0.5049, total loss = -7.4739, acc = 0.8333, lr = 7.943286e-07] (10.5 samples/sec; 11.406 sec/batch)
(E:22, S:8) [loss_dt = 0.3749, loss_qp = 0.5483, total loss = -7.5115, acc = 0.8500, lr = 7.943286e-07] (10.6 samples/sec; 11.320 sec/batch)
(E:22, S:9) [loss_dt = 0.4455, loss_qp = 0.5294, total loss = -7.5099, acc = 0.8250, lr = 7.943286e-07] (10.7 samples/sec; 11.224 sec/batch)
(E:22, S:10) [loss_dt = 0.3967, loss_qp = 0.4604, total loss = -7.4098, acc = 0.8583, lr = 7.943286e-07] (10.8 samples/sec; 11.163 sec/batch)
(E:22, S:11) [loss_dt = 0.5230, loss_qp = 0.4294, total loss = -7.2606, acc = 0.7250, lr = 7.943286e-07] (10.8 samples/sec; 11.086 sec/batch)
(E:22, S:12) [loss_dt = 0.4612, loss_qp = 0.4849, total loss = -7.2157, acc = 0.7750, lr = 7.943286e-07] (10.9 samples/sec; 10.997 sec/batch)
(E:22, S:13) [loss_dt = 0.4825, loss_qp = 0.5689, total loss = -7.2992, acc = 0.8417, lr = 7.943286e-07] (10.9 samples/sec; 10.969 sec/batch)
(E:22, S:14) [loss_dt = 0.4284, loss_qp = 0.5328, total loss = -7.3256, acc = 0.8083, lr = 7.943286e-07] (11.0 samples/sec; 10.936 sec/batch)
(E:22, S:15) [loss_dt = 0.4552, loss_qp = 0.6549, total loss = -7.5299, acc = 0.8167, lr = 7.943286e-07] (11.0 samples/sec; 10.866 sec/batch)
(E:22, S:16) [loss_dt = 0.4357, loss_qp = 0.5242, total loss = -7.5197, acc = 0.8167, lr = 7.943286e-07] (11.0 samples/sec; 10.889 sec/batch)
(E:22, S:17) [loss_dt = 0.4137, loss_qp = 0.5598, total loss = -7.5659, acc = 0.8250, lr = 7.943286e-07] (11.1 samples/sec; 10.826 sec/batch)
(E:22, S:18) [loss_dt = 0.5173, loss_qp = 0.4657, total loss = -7.4562, acc = 0.8000, lr = 7.943286e-07] (11.1 samples/sec; 10.762 sec/batch)
(E:22, S:19) [loss_dt = 0.3783, loss_qp = 0.6376, total loss = -7.6291, acc = 0.8000, lr = 7.943286e-07] (11.2 samples/sec; 10.733 sec/batch)
(E:22, S:20) [loss_dt = 0.4511, loss_qp = 0.5663, total loss = -7.6705, acc = 0.8250, lr = 7.943286e-07] (11.2 samples/sec; 10.706 sec/batch)
(E:22, S:21) [loss_dt = 0.4523, loss_qp = 0.4925, total loss = -7.5970, acc = 0.8167, lr = 7.943286e-07] (11.2 samples/sec; 10.689 sec/batch)
(E:22, S:22) [loss_dt = 0.6310, loss_qp = 0.5646, total loss = -7.6212, acc = 0.7750, lr = 7.943286e-07] (11.2 samples/sec; 10.696 sec/batch)
(E:22, S:23) [loss_dt = 0.4024, loss_qp = 0.5249, total loss = -7.6061, acc = 0.8417, lr = 7.943286e-07] (11.2 samples/sec; 10.667 sec/batch)
(E:22, S:24) [loss_dt = 0.5317, loss_qp = 0.5075, total loss = -7.5535, acc = 0.7750, lr = 7.943286e-07] (11.3 samples/sec; 10.665 sec/batch)
(E:22, S:25) [loss_dt = 0.4754, loss_qp = 0.5730, total loss = -7.6101, acc = 0.8333, lr = 7.943286e-07] (11.3 samples/sec; 10.588 sec/batch)
(E:22, S:26) [loss_dt = 0.2925, loss_qp = 0.4375, total loss = -7.4761, acc = 0.8667, lr = 7.943286e-07] (11.3 samples/sec; 10.577 sec/batch)
(E:22, S:27) [loss_dt = 0.4722, loss_qp = 0.4999, total loss = -7.4310, acc = 0.7833, lr = 7.943286e-07] (11.3 samples/sec; 10.589 sec/batch)
(E:22, S:28) [loss_dt = 0.4920, loss_qp = 0.5406, total loss = -7.4497, acc = 0.7667, lr = 7.943286e-07] (11.3 samples/sec; 10.594 sec/batch)
(E:22, S:29) [loss_dt = 0.5489, loss_qp = 0.4779, total loss = -7.3666, acc = 0.7667, lr = 7.943286e-07] (11.3 samples/sec; 10.591 sec/batch)
(E:22, S:30) [loss_dt = 0.4104, loss_qp = 0.5720, total loss = -7.4470, acc = 0.8167, lr = 7.943286e-07] (11.3 samples/sec; 10.635 sec/batch)
(E:22, S:31) [loss_dt = 0.5240, loss_qp = 0.5364, total loss = -7.4544, acc = 0.7500, lr = 7.943286e-07] (11.3 samples/sec; 10.627 sec/batch)
(E:22, S:32) [loss_dt = 0.3579, loss_qp = 0.5647, total loss = -7.5203, acc = 0.8417, lr = 7.943286e-07] (11.3 samples/sec; 10.600 sec/batch)
(E:22, S:33) [loss_dt = 0.3275, loss_qp = 0.5419, total loss = -7.5484, acc = 0.8333, lr = 7.943286e-07] (11.3 samples/sec; 10.630 sec/batch)
(E:22, S:34) [loss_dt = 0.3441, loss_qp = 0.4937, total loss = -7.4997, acc = 0.7833, lr = 7.943286e-07] (11.3 samples/sec; 10.620 sec/batch)
(E:22, S:35) [loss_dt = 0.3704, loss_qp = 0.5944, total loss = -7.6043, acc = 0.8250, lr = 7.943286e-07] (11.3 samples/sec; 10.626 sec/batch)
(E:22, S:36) [loss_dt = 0.4516, loss_qp = 0.6764, total loss = -7.8133, acc = 0.8167, lr = 7.943286e-07] (11.3 samples/sec; 10.612 sec/batch)
(E:22, S:37) [loss_dt = 0.2695, loss_qp = 0.5465, total loss = -7.8248, acc = 0.8583, lr = 7.943286e-07] (11.3 samples/sec; 10.629 sec/batch)
(E:22, S:38) [loss_dt = 0.4318, loss_qp = 0.5874, total loss = -7.8803, acc = 0.8333, lr = 7.943286e-07] (11.3 samples/sec; 10.627 sec/batch)
(E:22, S:39) [loss_dt = 0.5751, loss_qp = 0.6315, total loss = -7.9820, acc = 0.7417, lr = 7.943286e-07] (11.3 samples/sec; 10.621 sec/batch)
(E:22, S:40) [loss_dt = 0.3640, loss_qp = 0.4534, total loss = -7.8276, acc = 0.8167, lr = 7.943286e-07] (11.3 samples/sec; 10.608 sec/batch)
(E:22, S:41) [loss_dt = 0.4068, loss_qp = 0.5840, total loss = -7.8801, acc = 0.8000, lr = 7.943286e-07] (11.3 samples/sec; 10.621 sec/batch)
(E:22, S:42) [loss_dt = 0.4086, loss_qp = 0.5893, total loss = -7.9353, acc = 0.8167, lr = 7.943286e-07] (11.3 samples/sec; 10.612 sec/batch)
(E:22, S:43) [loss_dt = 0.4629, loss_qp = 0.5618, total loss = -7.9381, acc = 0.8083, lr = 7.943286e-07] (11.3 samples/sec; 10.615 sec/batch)
(E:22, S:44) [loss_dt = 0.4350, loss_qp = 0.5202, total loss = -7.8811, acc = 0.7917, lr = 7.943286e-07] (11.9 samples/sec; 10.068 sec/batch)
(E:22, S:45) [loss_dt = 0.4828, loss_qp = 0.5540, total loss = -7.8757, acc = 0.8083, lr = 7.943286e-07] (13.2 samples/sec; 9.094 sec/batch)
(E:22, S:46) [loss_dt = 0.4754, loss_qp = 0.4876, total loss = -7.7720, acc = 0.8083, lr = 7.943286e-07] (14.6 samples/sec; 8.216 sec/batch)
(E:22, S:47) [loss_dt = 0.4112, loss_qp = 0.4409, total loss = -7.6150, acc = 0.8250, lr = 7.943286e-07] (16.2 samples/sec; 7.429 sec/batch)
(E:22, S:48) [loss_dt = 0.5120, loss_qp = 0.6067, total loss = -7.7123, acc = 0.7750, lr = 7.943286e-07] (17.9 samples/sec; 6.719 sec/batch)
(E:22, S:49) [loss_dt = 0.4001, loss_qp = 0.4820, total loss = -7.6241, acc = 0.8083, lr = 7.943286e-07] (19.7 samples/sec; 6.084 sec/batch)
(E:22, S:50) [loss_dt = 0.4515, loss_qp = 0.4475, total loss = -7.4878, acc = 0.8250, lr = 7.943286e-07] (21.8 samples/sec; 5.512 sec/batch)
(E:22, S:51) [loss_dt = 0.4960, loss_qp = 0.6411, total loss = -7.6511, acc = 0.7750, lr = 7.943286e-07] (24.0 samples/sec; 4.996 sec/batch)
PLCC: 0.4578, SROCC: 0.4201, Acc: 0.7641
(E:23, S:0) [loss_dt = 0.3606, loss_qp = 0.4863, total loss = -7.5793, acc = 0.8667, lr = 6.309571e-07] (6.4 samples/sec; 18.892 sec/batch)
(E:23, S:1) [loss_dt = 0.4175, loss_qp = 0.4083, total loss = -7.3921, acc = 0.7750, lr = 6.309571e-07] (7.0 samples/sec; 17.045 sec/batch)
(E:23, S:2) [loss_dt = 0.4575, loss_qp = 0.5261, total loss = -7.3964, acc = 0.7667, lr = 6.309571e-07] (7.8 samples/sec; 15.382 sec/batch)
(E:23, S:3) [loss_dt = 0.2886, loss_qp = 0.3551, total loss = -7.1605, acc = 0.8750, lr = 6.309571e-07] (8.6 samples/sec; 13.882 sec/batch)
(E:23, S:4) [loss_dt = 0.3547, loss_qp = 0.6417, total loss = -7.3715, acc = 0.8417, lr = 6.309571e-07] (9.6 samples/sec; 12.530 sec/batch)
(E:23, S:5) [loss_dt = 0.6178, loss_qp = 0.6861, total loss = -7.6018, acc = 0.7500, lr = 6.309571e-07] (10.0 samples/sec; 12.003 sec/batch)
(E:23, S:6) [loss_dt = 0.4655, loss_qp = 0.5355, total loss = -7.5983, acc = 0.7833, lr = 6.309571e-07] (10.1 samples/sec; 11.861 sec/batch)
(E:23, S:7) [loss_dt = 0.3871, loss_qp = 0.6181, total loss = -7.7269, acc = 0.8667, lr = 6.309571e-07] (10.2 samples/sec; 11.709 sec/batch)
(E:23, S:8) [loss_dt = 0.3119, loss_qp = 0.4072, total loss = -7.5338, acc = 0.8500, lr = 6.309571e-07] (10.4 samples/sec; 11.565 sec/batch)
(E:23, S:9) [loss_dt = 0.3782, loss_qp = 0.4638, total loss = -7.4383, acc = 0.8750, lr = 6.309571e-07] (10.5 samples/sec; 11.473 sec/batch)
(E:23, S:10) [loss_dt = 0.3049, loss_qp = 0.5060, total loss = -7.4229, acc = 0.8750, lr = 6.309571e-07] (10.5 samples/sec; 11.375 sec/batch)
(E:23, S:11) [loss_dt = 0.5358, loss_qp = 0.4218, total loss = -7.2598, acc = 0.7917, lr = 6.309571e-07] (10.6 samples/sec; 11.307 sec/batch)
(E:23, S:12) [loss_dt = 0.3880, loss_qp = 0.6171, total loss = -7.4206, acc = 0.8667, lr = 6.309571e-07] (10.8 samples/sec; 11.134 sec/batch)
(E:23, S:13) [loss_dt = 0.4428, loss_qp = 0.4889, total loss = -7.3676, acc = 0.8333, lr = 6.309571e-07] (10.9 samples/sec; 11.021 sec/batch)
(E:23, S:14) [loss_dt = 0.3295, loss_qp = 0.5213, total loss = -7.3799, acc = 0.8500, lr = 6.309571e-07] (10.9 samples/sec; 10.972 sec/batch)
(E:23, S:15) [loss_dt = 0.4262, loss_qp = 0.5844, total loss = -7.4759, acc = 0.8500, lr = 6.309571e-07] (11.0 samples/sec; 10.906 sec/batch)
(E:23, S:16) [loss_dt = 0.4798, loss_qp = 0.4398, total loss = -7.3400, acc = 0.7833, lr = 6.309571e-07] (11.1 samples/sec; 10.843 sec/batch)
(E:23, S:17) [loss_dt = 0.4796, loss_qp = 0.5479, total loss = -7.3799, acc = 0.8417, lr = 6.309571e-07] (11.0 samples/sec; 10.883 sec/batch)
(E:23, S:18) [loss_dt = 0.4295, loss_qp = 0.5556, total loss = -7.4324, acc = 0.8333, lr = 6.309571e-07] (11.1 samples/sec; 10.832 sec/batch)
(E:23, S:19) [loss_dt = 0.3461, loss_qp = 0.6781, total loss = -7.6717, acc = 0.8667, lr = 6.309571e-07] (11.2 samples/sec; 10.762 sec/batch)
(E:23, S:20) [loss_dt = 0.5084, loss_qp = 0.4985, total loss = -7.6015, acc = 0.7750, lr = 6.309571e-07] (11.1 samples/sec; 10.785 sec/batch)
(E:23, S:21) [loss_dt = 0.5531, loss_qp = 0.4777, total loss = -7.5026, acc = 0.7500, lr = 6.309571e-07] (11.2 samples/sec; 10.730 sec/batch)
(E:23, S:22) [loss_dt = 0.4208, loss_qp = 0.4500, total loss = -7.3852, acc = 0.8083, lr = 6.309571e-07] (11.2 samples/sec; 10.732 sec/batch)
(E:23, S:23) [loss_dt = 0.5139, loss_qp = 0.5287, total loss = -7.3883, acc = 0.7667, lr = 6.309571e-07] (11.2 samples/sec; 10.680 sec/batch)
(E:23, S:24) [loss_dt = 0.3796, loss_qp = 0.4602, total loss = -7.3019, acc = 0.8333, lr = 6.309571e-07] (11.2 samples/sec; 10.669 sec/batch)
(E:23, S:25) [loss_dt = 0.6297, loss_qp = 0.6306, total loss = -7.4547, acc = 0.7417, lr = 6.309571e-07] (11.3 samples/sec; 10.646 sec/batch)
(E:23, S:26) [loss_dt = 0.3742, loss_qp = 0.5944, total loss = -7.5634, acc = 0.8333, lr = 6.309571e-07] (11.3 samples/sec; 10.582 sec/batch)
(E:23, S:27) [loss_dt = 0.4997, loss_qp = 0.5515, total loss = -7.5843, acc = 0.8250, lr = 6.309571e-07] (11.3 samples/sec; 10.614 sec/batch)
(E:23, S:28) [loss_dt = 0.4900, loss_qp = 0.5597, total loss = -7.6163, acc = 0.7583, lr = 6.309571e-07] (11.4 samples/sec; 10.568 sec/batch)
(E:23, S:29) [loss_dt = 0.3996, loss_qp = 0.5800, total loss = -7.6847, acc = 0.8250, lr = 6.309571e-07] (11.4 samples/sec; 10.548 sec/batch)
(E:23, S:30) [loss_dt = 0.4887, loss_qp = 0.4887, total loss = -7.6005, acc = 0.7417, lr = 6.309571e-07] (11.4 samples/sec; 10.540 sec/batch)
(E:23, S:31) [loss_dt = 0.4207, loss_qp = 0.5819, total loss = -7.6712, acc = 0.8167, lr = 6.309571e-07] (11.4 samples/sec; 10.516 sec/batch)
(E:23, S:32) [loss_dt = 0.3749, loss_qp = 0.5366, total loss = -7.6715, acc = 0.8500, lr = 6.309571e-07] (11.4 samples/sec; 10.492 sec/batch)
(E:23, S:33) [loss_dt = 0.4456, loss_qp = 0.5050, total loss = -7.6173, acc = 0.8167, lr = 6.309571e-07] (11.5 samples/sec; 10.474 sec/batch)
(E:23, S:34) [loss_dt = 0.5484, loss_qp = 0.6008, total loss = -7.7019, acc = 0.7333, lr = 6.309571e-07] (11.4 samples/sec; 10.501 sec/batch)
(E:23, S:35) [loss_dt = 0.3462, loss_qp = 0.4888, total loss = -7.6303, acc = 0.8500, lr = 6.309571e-07] (11.5 samples/sec; 10.474 sec/batch)
(E:23, S:36) [loss_dt = 0.3818, loss_qp = 0.4437, total loss = -7.4946, acc = 0.8250, lr = 6.309571e-07] (11.5 samples/sec; 10.433 sec/batch)
(E:23, S:37) [loss_dt = 0.4904, loss_qp = 0.5563, total loss = -7.5305, acc = 0.7833, lr = 6.309571e-07] (11.5 samples/sec; 10.437 sec/batch)
(E:23, S:38) [loss_dt = 0.4917, loss_qp = 0.6113, total loss = -7.6452, acc = 0.7583, lr = 6.309571e-07] (11.6 samples/sec; 10.352 sec/batch)
(E:23, S:39) [loss_dt = 0.4471, loss_qp = 0.5611, total loss = -7.6776, acc = 0.8167, lr = 6.309571e-07] (11.6 samples/sec; 10.380 sec/batch)
(E:23, S:40) [loss_dt = 0.2924, loss_qp = 0.6091, total loss = -7.7944, acc = 0.9083, lr = 6.309571e-07] (11.5 samples/sec; 10.415 sec/batch)
(E:23, S:41) [loss_dt = 0.3874, loss_qp = 0.5163, total loss = -7.7506, acc = 0.8000, lr = 6.309571e-07] (11.5 samples/sec; 10.437 sec/batch)
(E:23, S:42) [loss_dt = 0.3038, loss_qp = 0.4828, total loss = -7.6694, acc = 0.8333, lr = 6.309571e-07] (11.5 samples/sec; 10.448 sec/batch)
(E:23, S:43) [loss_dt = 0.4111, loss_qp = 0.4501, total loss = -7.5365, acc = 0.7917, lr = 6.309571e-07] (11.5 samples/sec; 10.452 sec/batch)
(E:23, S:44) [loss_dt = 0.4739, loss_qp = 0.5814, total loss = -7.6075, acc = 0.8000, lr = 6.309571e-07] (12.1 samples/sec; 9.920 sec/batch)
(E:23, S:45) [loss_dt = 0.4518, loss_qp = 0.5946, total loss = -7.6935, acc = 0.8000, lr = 6.309571e-07] (13.4 samples/sec; 8.963 sec/batch)
(E:23, S:46) [loss_dt = 0.4338, loss_qp = 0.4864, total loss = -7.6104, acc = 0.8083, lr = 6.309571e-07] (14.8 samples/sec; 8.101 sec/batch)
(E:23, S:47) [loss_dt = 0.4744, loss_qp = 0.4991, total loss = -7.5505, acc = 0.8083, lr = 6.309571e-07] (16.4 samples/sec; 7.326 sec/batch)
(E:23, S:48) [loss_dt = 0.3793, loss_qp = 0.3909, total loss = -7.3438, acc = 0.8167, lr = 6.309571e-07] (18.1 samples/sec; 6.630 sec/batch)
(E:23, S:49) [loss_dt = 0.5582, loss_qp = 0.4792, total loss = -7.2724, acc = 0.7500, lr = 6.309571e-07] (20.0 samples/sec; 6.006 sec/batch)
(E:23, S:50) [loss_dt = 0.4942, loss_qp = 0.5486, total loss = -7.3186, acc = 0.8167, lr = 6.309571e-07] (22.0 samples/sec; 5.442 sec/batch)
(E:23, S:51) [loss_dt = 0.4401, loss_qp = 0.5442, total loss = -7.3589, acc = 0.8333, lr = 6.309571e-07] (24.3 samples/sec; 4.936 sec/batch)
PLCC: 0.4643, SROCC: 0.4173, Acc: 0.7538
(E:24, S:0) [loss_dt = 0.3387, loss_qp = 0.5003, total loss = -7.3397, acc = 0.8167, lr = 5.011872e-07] (6.3 samples/sec; 18.946 sec/batch)
(E:24, S:1) [loss_dt = 0.5352, loss_qp = 0.5063, total loss = -7.3117, acc = 0.7833, lr = 5.011872e-07] (7.0 samples/sec; 17.098 sec/batch)
(E:24, S:2) [loss_dt = 0.3665, loss_qp = 0.5314, total loss = -7.3409, acc = 0.8500, lr = 5.011872e-07] (7.8 samples/sec; 15.433 sec/batch)
(E:24, S:3) [loss_dt = 0.5262, loss_qp = 0.4796, total loss = -7.2735, acc = 0.7917, lr = 5.011872e-07] (8.6 samples/sec; 13.930 sec/batch)
(E:24, S:4) [loss_dt = 0.3480, loss_qp = 0.5534, total loss = -7.3415, acc = 0.8333, lr = 5.011872e-07] (9.5 samples/sec; 12.575 sec/batch)
(E:24, S:5) [loss_dt = 0.4173, loss_qp = 0.5724, total loss = -7.4241, acc = 0.7917, lr = 5.011872e-07] (10.0 samples/sec; 12.024 sec/batch)
(E:24, S:6) [loss_dt = 0.4783, loss_qp = 0.5044, total loss = -7.3905, acc = 0.7750, lr = 5.011872e-07] (10.1 samples/sec; 11.869 sec/batch)
(E:24, S:7) [loss_dt = 0.3948, loss_qp = 0.5879, total loss = -7.4938, acc = 0.8250, lr = 5.011872e-07] (10.2 samples/sec; 11.775 sec/batch)
(E:24, S:8) [loss_dt = 0.4009, loss_qp = 0.4480, total loss = -7.3763, acc = 0.8583, lr = 5.011872e-07] (10.3 samples/sec; 11.642 sec/batch)
(E:24, S:9) [loss_dt = 0.4454, loss_qp = 0.5019, total loss = -7.3469, acc = 0.8000, lr = 5.011872e-07] (10.5 samples/sec; 11.482 sec/batch)
(E:24, S:10) [loss_dt = 0.5812, loss_qp = 0.4978, total loss = -7.3008, acc = 0.8000, lr = 5.011872e-07] (10.6 samples/sec; 11.369 sec/batch)
(E:24, S:11) [loss_dt = 0.4121, loss_qp = 0.4162, total loss = -7.1539, acc = 0.8167, lr = 5.011872e-07] (10.7 samples/sec; 11.263 sec/batch)
(E:24, S:12) [loss_dt = 0.3594, loss_qp = 0.4908, total loss = -7.1388, acc = 0.8500, lr = 5.011872e-07] (10.7 samples/sec; 11.189 sec/batch)
(E:24, S:13) [loss_dt = 0.4004, loss_qp = 0.4583, total loss = -7.0724, acc = 0.8333, lr = 5.011872e-07] (10.8 samples/sec; 11.119 sec/batch)
(E:24, S:14) [loss_dt = 0.3962, loss_qp = 0.5182, total loss = -7.1028, acc = 0.8167, lr = 5.011872e-07] (10.8 samples/sec; 11.061 sec/batch)
(E:24, S:15) [loss_dt = 0.4012, loss_qp = 0.5380, total loss = -7.1594, acc = 0.8167, lr = 5.011872e-07] (10.9 samples/sec; 11.001 sec/batch)
(E:24, S:16) [loss_dt = 0.4517, loss_qp = 0.5173, total loss = -7.1742, acc = 0.8167, lr = 5.011872e-07] (10.9 samples/sec; 10.981 sec/batch)
(E:24, S:17) [loss_dt = 0.4705, loss_qp = 0.6253, total loss = -7.3477, acc = 0.8083, lr = 5.011872e-07] (11.0 samples/sec; 10.922 sec/batch)
(E:24, S:18) [loss_dt = 0.5370, loss_qp = 0.5966, total loss = -7.4542, acc = 0.7833, lr = 5.011872e-07] (11.0 samples/sec; 10.894 sec/batch)
(E:24, S:19) [loss_dt = 0.4993, loss_qp = 0.5599, total loss = -7.4987, acc = 0.7500, lr = 5.011872e-07] (11.1 samples/sec; 10.836 sec/batch)
(E:24, S:20) [loss_dt = 0.4926, loss_qp = 0.5884, total loss = -7.5822, acc = 0.8000, lr = 5.011872e-07] (11.1 samples/sec; 10.797 sec/batch)
(E:24, S:21) [loss_dt = 0.5469, loss_qp = 0.5238, total loss = -7.5550, acc = 0.7833, lr = 5.011872e-07] (11.2 samples/sec; 10.738 sec/batch)
(E:24, S:22) [loss_dt = 0.3864, loss_qp = 0.4317, total loss = -7.4084, acc = 0.7917, lr = 5.011872e-07] (11.2 samples/sec; 10.682 sec/batch)
(E:24, S:23) [loss_dt = 0.3642, loss_qp = 0.5379, total loss = -7.4381, acc = 0.8917, lr = 5.011872e-07] (11.3 samples/sec; 10.643 sec/batch)
(E:24, S:24) [loss_dt = 0.4153, loss_qp = 0.5073, total loss = -7.4137, acc = 0.8167, lr = 5.011872e-07] (11.3 samples/sec; 10.630 sec/batch)
(E:24, S:25) [loss_dt = 0.2988, loss_qp = 0.5189, total loss = -7.4207, acc = 0.8667, lr = 5.011872e-07] (11.3 samples/sec; 10.604 sec/batch)
(E:24, S:26) [loss_dt = 0.5718, loss_qp = 0.6011, total loss = -7.5232, acc = 0.7500, lr = 5.011872e-07] (11.3 samples/sec; 10.605 sec/batch)
(E:24, S:27) [loss_dt = 0.3896, loss_qp = 0.5360, total loss = -7.5359, acc = 0.8333, lr = 5.011872e-07] (11.3 samples/sec; 10.576 sec/batch)
(E:24, S:28) [loss_dt = 0.3756, loss_qp = 0.5530, total loss = -7.5742, acc = 0.8750, lr = 5.011872e-07] (11.4 samples/sec; 10.539 sec/batch)
(E:24, S:29) [loss_dt = 0.6198, loss_qp = 0.6477, total loss = -7.7264, acc = 0.7583, lr = 5.011872e-07] (11.4 samples/sec; 10.566 sec/batch)
(E:24, S:30) [loss_dt = 0.4671, loss_qp = 0.5466, total loss = -7.7270, acc = 0.7917, lr = 5.011872e-07] (11.4 samples/sec; 10.545 sec/batch)
(E:24, S:31) [loss_dt = 0.4710, loss_qp = 0.4091, total loss = -7.5208, acc = 0.7750, lr = 5.011872e-07] (11.3 samples/sec; 10.598 sec/batch)
(E:24, S:32) [loss_dt = 0.4592, loss_qp = 0.4882, total loss = -7.4551, acc = 0.7833, lr = 5.011872e-07] (11.4 samples/sec; 10.509 sec/batch)
(E:24, S:33) [loss_dt = 0.4396, loss_qp = 0.5184, total loss = -7.4432, acc = 0.8250, lr = 5.011872e-07] (11.4 samples/sec; 10.493 sec/batch)
(E:24, S:34) [loss_dt = 0.4015, loss_qp = 0.5694, total loss = -7.5128, acc = 0.8667, lr = 5.011872e-07] (11.4 samples/sec; 10.510 sec/batch)
(E:24, S:35) [loss_dt = 0.3407, loss_qp = 0.5776, total loss = -7.5938, acc = 0.8500, lr = 5.011872e-07] (11.4 samples/sec; 10.506 sec/batch)
(E:24, S:36) [loss_dt = 0.3409, loss_qp = 0.4886, total loss = -7.5333, acc = 0.8750, lr = 5.011872e-07] (11.4 samples/sec; 10.571 sec/batch)
(E:24, S:37) [loss_dt = 0.3851, loss_qp = 0.5729, total loss = -7.6008, acc = 0.8333, lr = 5.011872e-07] (11.3 samples/sec; 10.610 sec/batch)
(E:24, S:38) [loss_dt = 0.3752, loss_qp = 0.4367, total loss = -7.4582, acc = 0.8500, lr = 5.011872e-07] (11.3 samples/sec; 10.631 sec/batch)
(E:24, S:39) [loss_dt = 0.4848, loss_qp = 0.4864, total loss = -7.3935, acc = 0.7917, lr = 5.011872e-07] (11.2 samples/sec; 10.668 sec/batch)
(E:24, S:40) [loss_dt = 0.3183, loss_qp = 0.6040, total loss = -7.5283, acc = 0.8750, lr = 5.011872e-07] (11.2 samples/sec; 10.670 sec/batch)
(E:24, S:41) [loss_dt = 0.4804, loss_qp = 0.5119, total loss = -7.4952, acc = 0.7917, lr = 5.011872e-07] (11.3 samples/sec; 10.653 sec/batch)
(E:24, S:42) [loss_dt = 0.3378, loss_qp = 0.4499, total loss = -7.3868, acc = 0.8667, lr = 5.011872e-07] (11.3 samples/sec; 10.652 sec/batch)
(E:24, S:43) [loss_dt = 0.4629, loss_qp = 0.5028, total loss = -7.3560, acc = 0.7833, lr = 5.011872e-07] (11.3 samples/sec; 10.607 sec/batch)
(E:24, S:44) [loss_dt = 0.5383, loss_qp = 0.4644, total loss = -7.2631, acc = 0.7667, lr = 5.011872e-07] (11.9 samples/sec; 10.080 sec/batch)
(E:24, S:45) [loss_dt = 0.3986, loss_qp = 0.5320, total loss = -7.2950, acc = 0.8417, lr = 5.011872e-07] (13.2 samples/sec; 9.107 sec/batch)
(E:24, S:46) [loss_dt = 0.4418, loss_qp = 0.5082, total loss = -7.2835, acc = 0.7917, lr = 5.011872e-07] (14.6 samples/sec; 8.230 sec/batch)
(E:24, S:47) [loss_dt = 0.4444, loss_qp = 0.3589, total loss = -7.0490, acc = 0.8167, lr = 5.011872e-07] (16.1 samples/sec; 7.446 sec/batch)
(E:24, S:48) [loss_dt = 0.3515, loss_qp = 0.4921, total loss = -7.0472, acc = 0.8417, lr = 5.011872e-07] (17.8 samples/sec; 6.744 sec/batch)
(E:24, S:49) [loss_dt = 0.5346, loss_qp = 0.5729, total loss = -7.1483, acc = 0.7417, lr = 5.011872e-07] (19.6 samples/sec; 6.115 sec/batch)
(E:24, S:50) [loss_dt = 0.3569, loss_qp = 0.5609, total loss = -7.2392, acc = 0.8667, lr = 5.011872e-07] (21.6 samples/sec; 5.543 sec/batch)
(E:24, S:51) [loss_dt = 0.4031, loss_qp = 0.5041, total loss = -7.2311, acc = 0.8167, lr = 5.011872e-07] (23.9 samples/sec; 5.027 sec/batch)
PLCC: 0.4578, SROCC: 0.4219, Acc: 0.7603
(E:25, S:0) [loss_dt = 0.5135, loss_qp = 0.4530, total loss = -7.1360, acc = 0.8083, lr = 3.981071e-07] (6.4 samples/sec; 18.778 sec/batch)
(E:25, S:1) [loss_dt = 0.3603, loss_qp = 0.5575, total loss = -7.2227, acc = 0.7833, lr = 3.981071e-07] (7.1 samples/sec; 16.948 sec/batch)
(E:25, S:2) [loss_dt = 0.4255, loss_qp = 0.5460, total loss = -7.2768, acc = 0.8000, lr = 3.981071e-07] (7.8 samples/sec; 15.300 sec/batch)
(E:25, S:3) [loss_dt = 0.4447, loss_qp = 0.6116, total loss = -7.4220, acc = 0.8250, lr = 3.981071e-07] (8.7 samples/sec; 13.808 sec/batch)
(E:25, S:4) [loss_dt = 0.4607, loss_qp = 0.5635, total loss = -7.4791, acc = 0.7833, lr = 3.981071e-07] (9.6 samples/sec; 12.467 sec/batch)
(E:25, S:5) [loss_dt = 0.4016, loss_qp = 0.6239, total loss = -7.6269, acc = 0.7667, lr = 3.981071e-07] (10.0 samples/sec; 11.991 sec/batch)
(E:25, S:6) [loss_dt = 0.3871, loss_qp = 0.5227, total loss = -7.6096, acc = 0.8417, lr = 3.981071e-07] (10.1 samples/sec; 11.873 sec/batch)
(E:25, S:7) [loss_dt = 0.3458, loss_qp = 0.5545, total loss = -7.6458, acc = 0.8417, lr = 3.981071e-07] (10.2 samples/sec; 11.709 sec/batch)
(E:25, S:8) [loss_dt = 0.5184, loss_qp = 0.5683, total loss = -7.6818, acc = 0.7750, lr = 3.981071e-07] (10.4 samples/sec; 11.583 sec/batch)
(E:25, S:9) [loss_dt = 0.5137, loss_qp = 0.5382, total loss = -7.6695, acc = 0.7917, lr = 3.981071e-07] (10.5 samples/sec; 11.453 sec/batch)
(E:25, S:10) [loss_dt = 0.3633, loss_qp = 0.5723, total loss = -7.7247, acc = 0.8583, lr = 3.981071e-07] (10.6 samples/sec; 11.317 sec/batch)
(E:25, S:11) [loss_dt = 0.3096, loss_qp = 0.4243, total loss = -7.5577, acc = 0.8667, lr = 3.981071e-07] (10.7 samples/sec; 11.250 sec/batch)
(E:25, S:12) [loss_dt = 0.4679, loss_qp = 0.5582, total loss = -7.5924, acc = 0.8250, lr = 3.981071e-07] (10.7 samples/sec; 11.189 sec/batch)
(E:25, S:13) [loss_dt = 0.5072, loss_qp = 0.5720, total loss = -7.6404, acc = 0.7667, lr = 3.981071e-07] (10.8 samples/sec; 11.131 sec/batch)
(E:25, S:14) [loss_dt = 0.4277, loss_qp = 0.5399, total loss = -7.6435, acc = 0.7750, lr = 3.981071e-07] (10.8 samples/sec; 11.105 sec/batch)
(E:25, S:15) [loss_dt = 0.4471, loss_qp = 0.4867, total loss = -7.5645, acc = 0.8083, lr = 3.981071e-07] (10.8 samples/sec; 11.073 sec/batch)
(E:25, S:16) [loss_dt = 0.4441, loss_qp = 0.5382, total loss = -7.5708, acc = 0.8083, lr = 3.981071e-07] (10.9 samples/sec; 11.024 sec/batch)
(E:25, S:17) [loss_dt = 0.3550, loss_qp = 0.5612, total loss = -7.6200, acc = 0.8583, lr = 3.981071e-07] (11.0 samples/sec; 10.942 sec/batch)
(E:25, S:18) [loss_dt = 0.3926, loss_qp = 0.4610, total loss = -7.5103, acc = 0.8750, lr = 3.981071e-07] (11.0 samples/sec; 10.916 sec/batch)
(E:25, S:19) [loss_dt = 0.4031, loss_qp = 0.4158, total loss = -7.3426, acc = 0.8417, lr = 3.981071e-07] (11.0 samples/sec; 10.881 sec/batch)
(E:25, S:20) [loss_dt = 0.3350, loss_qp = 0.5610, total loss = -7.4163, acc = 0.8417, lr = 3.981071e-07] (11.1 samples/sec; 10.829 sec/batch)
(E:25, S:21) [loss_dt = 0.4991, loss_qp = 0.3887, total loss = -7.2079, acc = 0.8000, lr = 3.981071e-07] (11.1 samples/sec; 10.796 sec/batch)
(E:25, S:22) [loss_dt = 0.4801, loss_qp = 0.4968, total loss = -7.1843, acc = 0.7833, lr = 3.981071e-07] (11.2 samples/sec; 10.757 sec/batch)
(E:25, S:23) [loss_dt = 0.3711, loss_qp = 0.5056, total loss = -7.1872, acc = 0.8583, lr = 3.981071e-07] (11.2 samples/sec; 10.716 sec/batch)
(E:25, S:24) [loss_dt = 0.3280, loss_qp = 0.5331, total loss = -7.2353, acc = 0.8417, lr = 3.981071e-07] (11.2 samples/sec; 10.702 sec/batch)
(E:25, S:25) [loss_dt = 0.4704, loss_qp = 0.5061, total loss = -7.2239, acc = 0.8083, lr = 3.981071e-07] (11.3 samples/sec; 10.645 sec/batch)
(E:25, S:26) [loss_dt = 0.5420, loss_qp = 0.5177, total loss = -7.2238, acc = 0.7833, lr = 3.981071e-07] (11.3 samples/sec; 10.650 sec/batch)
(E:25, S:27) [loss_dt = 0.4616, loss_qp = 0.5888, total loss = -7.3384, acc = 0.7833, lr = 3.981071e-07] (11.3 samples/sec; 10.621 sec/batch)
(E:25, S:28) [loss_dt = 0.3507, loss_qp = 0.6098, total loss = -7.4843, acc = 0.8333, lr = 3.981071e-07] (11.3 samples/sec; 10.619 sec/batch)
(E:25, S:29) [loss_dt = 0.4805, loss_qp = 0.4450, total loss = -7.3553, acc = 0.8083, lr = 3.981071e-07] (11.3 samples/sec; 10.628 sec/batch)
(E:25, S:30) [loss_dt = 0.4640, loss_qp = 0.5242, total loss = -7.3596, acc = 0.8333, lr = 3.981071e-07] (11.3 samples/sec; 10.620 sec/batch)
(E:25, S:31) [loss_dt = 0.4419, loss_qp = 0.5872, total loss = -7.4603, acc = 0.7750, lr = 3.981071e-07] (11.3 samples/sec; 10.610 sec/batch)
(E:25, S:32) [loss_dt = 0.2666, loss_qp = 0.4557, total loss = -7.3712, acc = 0.8500, lr = 3.981071e-07] (11.4 samples/sec; 10.549 sec/batch)
(E:25, S:33) [loss_dt = 0.4047, loss_qp = 0.5859, total loss = -7.4724, acc = 0.8167, lr = 3.981071e-07] (11.4 samples/sec; 10.561 sec/batch)
(E:25, S:34) [loss_dt = 0.4361, loss_qp = 0.5028, total loss = -7.4357, acc = 0.8000, lr = 3.981071e-07] (11.4 samples/sec; 10.536 sec/batch)
(E:25, S:35) [loss_dt = 0.4311, loss_qp = 0.5428, total loss = -7.4632, acc = 0.7917, lr = 3.981071e-07] (11.4 samples/sec; 10.500 sec/batch)
(E:25, S:36) [loss_dt = 0.3822, loss_qp = 0.6344, total loss = -7.6303, acc = 0.8083, lr = 3.981071e-07] (11.4 samples/sec; 10.509 sec/batch)
(E:25, S:37) [loss_dt = 0.3489, loss_qp = 0.6169, total loss = -7.7577, acc = 0.8417, lr = 3.981071e-07] (11.5 samples/sec; 10.479 sec/batch)
(E:25, S:38) [loss_dt = 0.4637, loss_qp = 0.5322, total loss = -7.7339, acc = 0.8250, lr = 3.981071e-07] (11.5 samples/sec; 10.440 sec/batch)
(E:25, S:39) [loss_dt = 0.5730, loss_qp = 0.5086, total loss = -7.6661, acc = 0.7833, lr = 3.981071e-07] (11.5 samples/sec; 10.451 sec/batch)
(E:25, S:40) [loss_dt = 0.3457, loss_qp = 0.5386, total loss = -7.6728, acc = 0.8417, lr = 3.981071e-07] (11.5 samples/sec; 10.452 sec/batch)
(E:25, S:41) [loss_dt = 0.3536, loss_qp = 0.4743, total loss = -7.5817, acc = 0.8917, lr = 3.981071e-07] (11.5 samples/sec; 10.471 sec/batch)
(E:25, S:42) [loss_dt = 0.3696, loss_qp = 0.4888, total loss = -7.5198, acc = 0.8250, lr = 3.981071e-07] (11.5 samples/sec; 10.427 sec/batch)
(E:25, S:43) [loss_dt = 0.3750, loss_qp = 0.5558, total loss = -7.5640, acc = 0.8500, lr = 3.981071e-07] (11.5 samples/sec; 10.445 sec/batch)
(E:25, S:44) [loss_dt = 0.3906, loss_qp = 0.4284, total loss = -7.4111, acc = 0.7833, lr = 3.981071e-07] (12.1 samples/sec; 9.944 sec/batch)
(E:25, S:45) [loss_dt = 0.3591, loss_qp = 0.4788, total loss = -7.3522, acc = 0.8167, lr = 3.981071e-07] (13.3 samples/sec; 8.991 sec/batch)
(E:25, S:46) [loss_dt = 0.5044, loss_qp = 0.6097, total loss = -7.4811, acc = 0.7917, lr = 3.981071e-07] (14.8 samples/sec; 8.130 sec/batch)
(E:25, S:47) [loss_dt = 0.4395, loss_qp = 0.5613, total loss = -7.5310, acc = 0.7833, lr = 3.981071e-07] (16.3 samples/sec; 7.357 sec/batch)
(E:25, S:48) [loss_dt = 0.5193, loss_qp = 0.4863, total loss = -7.4555, acc = 0.7750, lr = 3.981071e-07] (18.0 samples/sec; 6.659 sec/batch)
(E:25, S:49) [loss_dt = 0.3481, loss_qp = 0.6152, total loss = -7.5980, acc = 0.8333, lr = 3.981071e-07] (19.9 samples/sec; 6.030 sec/batch)
(E:25, S:50) [loss_dt = 0.5324, loss_qp = 0.5772, total loss = -7.6508, acc = 0.7917, lr = 3.981071e-07] (21.9 samples/sec; 5.467 sec/batch)
(E:25, S:51) [loss_dt = 0.4538, loss_qp = 0.5347, total loss = -7.6424, acc = 0.8000, lr = 3.981071e-07] (24.2 samples/sec; 4.964 sec/batch)
PLCC: 0.4515, SROCC: 0.4124, Acc: 0.7660
(E:26, S:0) [loss_dt = 0.3341, loss_qp = 0.4745, total loss = -7.5564, acc = 0.8583, lr = 3.162278e-07] (6.3 samples/sec; 18.967 sec/batch)
(E:26, S:1) [loss_dt = 0.4691, loss_qp = 0.5124, total loss = -7.5225, acc = 0.8000, lr = 3.162278e-07] (7.0 samples/sec; 17.120 sec/batch)
(E:26, S:2) [loss_dt = 0.5062, loss_qp = 0.5766, total loss = -7.5846, acc = 0.8000, lr = 3.162278e-07] (7.8 samples/sec; 15.445 sec/batch)
(E:26, S:3) [loss_dt = 0.3868, loss_qp = 0.5078, total loss = -7.5491, acc = 0.7917, lr = 3.162278e-07] (8.6 samples/sec; 13.934 sec/batch)
(E:26, S:4) [loss_dt = 0.4971, loss_qp = 0.5724, total loss = -7.6031, acc = 0.7917, lr = 3.162278e-07] (9.5 samples/sec; 12.577 sec/batch)
(E:26, S:5) [loss_dt = 0.5117, loss_qp = 0.5107, total loss = -7.5577, acc = 0.8000, lr = 3.162278e-07] (9.8 samples/sec; 12.206 sec/batch)
(E:26, S:6) [loss_dt = 0.4204, loss_qp = 0.5321, total loss = -7.5579, acc = 0.8167, lr = 3.162278e-07] (10.0 samples/sec; 12.024 sec/batch)
(E:26, S:7) [loss_dt = 0.4504, loss_qp = 0.3445, total loss = -7.2739, acc = 0.8083, lr = 3.162278e-07] (10.1 samples/sec; 11.891 sec/batch)
(E:26, S:8) [loss_dt = 0.3918, loss_qp = 0.4552, total loss = -7.1901, acc = 0.8250, lr = 3.162278e-07] (10.3 samples/sec; 11.653 sec/batch)
(E:26, S:9) [loss_dt = 0.3626, loss_qp = 0.5018, total loss = -7.1875, acc = 0.8417, lr = 3.162278e-07] (10.4 samples/sec; 11.515 sec/batch)
(E:26, S:10) [loss_dt = 0.4192, loss_qp = 0.5125, total loss = -7.1956, acc = 0.8000, lr = 3.162278e-07] (10.5 samples/sec; 11.407 sec/batch)
(E:26, S:11) [loss_dt = 0.4127, loss_qp = 0.5503, total loss = -7.2603, acc = 0.7917, lr = 3.162278e-07] (10.6 samples/sec; 11.321 sec/batch)
(E:26, S:12) [loss_dt = 0.3960, loss_qp = 0.5700, total loss = -7.3496, acc = 0.8333, lr = 3.162278e-07] (10.7 samples/sec; 11.222 sec/batch)
(E:26, S:13) [loss_dt = 0.4732, loss_qp = 0.5125, total loss = -7.3362, acc = 0.7750, lr = 3.162278e-07] (10.8 samples/sec; 11.141 sec/batch)
(E:26, S:14) [loss_dt = 0.4305, loss_qp = 0.5383, total loss = -7.3670, acc = 0.8083, lr = 3.162278e-07] (10.8 samples/sec; 11.077 sec/batch)
(E:26, S:15) [loss_dt = 0.5227, loss_qp = 0.5838, total loss = -7.4537, acc = 0.7917, lr = 3.162278e-07] (10.9 samples/sec; 10.990 sec/batch)
(E:26, S:16) [loss_dt = 0.4558, loss_qp = 0.5846, total loss = -7.5396, acc = 0.7583, lr = 3.162278e-07] (11.0 samples/sec; 10.951 sec/batch)
(E:26, S:17) [loss_dt = 0.4269, loss_qp = 0.5912, total loss = -7.6297, acc = 0.7750, lr = 3.162278e-07] (11.0 samples/sec; 10.878 sec/batch)
(E:26, S:18) [loss_dt = 0.3810, loss_qp = 0.5203, total loss = -7.6091, acc = 0.8667, lr = 3.162278e-07] (11.1 samples/sec; 10.852 sec/batch)
(E:26, S:19) [loss_dt = 0.4386, loss_qp = 0.5474, total loss = -7.6254, acc = 0.8083, lr = 3.162278e-07] (11.1 samples/sec; 10.855 sec/batch)
(E:26, S:20) [loss_dt = 0.5058, loss_qp = 0.5937, total loss = -7.7028, acc = 0.7500, lr = 3.162278e-07] (11.1 samples/sec; 10.770 sec/batch)
(E:26, S:21) [loss_dt = 0.4207, loss_qp = 0.4880, total loss = -7.6224, acc = 0.8333, lr = 3.162278e-07] (11.2 samples/sec; 10.754 sec/batch)
(E:26, S:22) [loss_dt = 0.3201, loss_qp = 0.4554, total loss = -7.5112, acc = 0.8583, lr = 3.162278e-07] (11.2 samples/sec; 10.672 sec/batch)
(E:26, S:23) [loss_dt = 0.5598, loss_qp = 0.5302, total loss = -7.4995, acc = 0.7583, lr = 3.162278e-07] (11.2 samples/sec; 10.690 sec/batch)
(E:26, S:24) [loss_dt = 0.2992, loss_qp = 0.5031, total loss = -7.4742, acc = 0.8500, lr = 3.162278e-07] (11.3 samples/sec; 10.593 sec/batch)
(E:26, S:25) [loss_dt = 0.4341, loss_qp = 0.5218, total loss = -7.4661, acc = 0.8583, lr = 3.162278e-07] (11.4 samples/sec; 10.567 sec/batch)
(E:26, S:26) [loss_dt = 0.4050, loss_qp = 0.5081, total loss = -7.4411, acc = 0.8500, lr = 3.162278e-07] (11.4 samples/sec; 10.510 sec/batch)
(E:26, S:27) [loss_dt = 0.4102, loss_qp = 0.5603, total loss = -7.4965, acc = 0.8083, lr = 3.162278e-07] (11.4 samples/sec; 10.509 sec/batch)
(E:26, S:28) [loss_dt = 0.2740, loss_qp = 0.4372, total loss = -7.3753, acc = 0.8417, lr = 3.162278e-07] (11.4 samples/sec; 10.571 sec/batch)
(E:26, S:29) [loss_dt = 0.4707, loss_qp = 0.5504, total loss = -7.4163, acc = 0.8250, lr = 3.162278e-07] (11.4 samples/sec; 10.540 sec/batch)
(E:26, S:30) [loss_dt = 0.4696, loss_qp = 0.5423, total loss = -7.4412, acc = 0.7667, lr = 3.162278e-07] (11.4 samples/sec; 10.548 sec/batch)
(E:26, S:31) [loss_dt = 0.5546, loss_qp = 0.4331, total loss = -7.2912, acc = 0.7667, lr = 3.162278e-07] (11.4 samples/sec; 10.540 sec/batch)
(E:26, S:32) [loss_dt = 0.3105, loss_qp = 0.5200, total loss = -7.3111, acc = 0.8417, lr = 3.162278e-07] (11.4 samples/sec; 10.548 sec/batch)
(E:26, S:33) [loss_dt = 0.5794, loss_qp = 0.5013, total loss = -7.2740, acc = 0.7833, lr = 3.162278e-07] (11.4 samples/sec; 10.537 sec/batch)
(E:26, S:34) [loss_dt = 0.4396, loss_qp = 0.5184, total loss = -7.2802, acc = 0.8250, lr = 3.162278e-07] (11.4 samples/sec; 10.502 sec/batch)
(E:26, S:35) [loss_dt = 0.4271, loss_qp = 0.3641, total loss = -7.0557, acc = 0.7833, lr = 3.162278e-07] (11.4 samples/sec; 10.500 sec/batch)
(E:26, S:36) [loss_dt = 0.4889, loss_qp = 0.5156, total loss = -7.0746, acc = 0.8000, lr = 3.162278e-07] (11.5 samples/sec; 10.439 sec/batch)
(E:26, S:37) [loss_dt = 0.4420, loss_qp = 0.5277, total loss = -7.1145, acc = 0.7833, lr = 3.162278e-07] (11.5 samples/sec; 10.411 sec/batch)
(E:26, S:38) [loss_dt = 0.5113, loss_qp = 0.6362, total loss = -7.3062, acc = 0.8417, lr = 3.162278e-07] (11.6 samples/sec; 10.364 sec/batch)
(E:26, S:39) [loss_dt = 0.4264, loss_qp = 0.6161, total loss = -7.4571, acc = 0.8000, lr = 3.162278e-07] (11.6 samples/sec; 10.336 sec/batch)
(E:26, S:40) [loss_dt = 0.3731, loss_qp = 0.6671, total loss = -7.6747, acc = 0.8500, lr = 3.162278e-07] (11.6 samples/sec; 10.346 sec/batch)
(E:26, S:41) [loss_dt = 0.4571, loss_qp = 0.6034, total loss = -7.7666, acc = 0.7833, lr = 3.162278e-07] (11.6 samples/sec; 10.310 sec/batch)
(E:26, S:42) [loss_dt = 0.2838, loss_qp = 0.5875, total loss = -7.8429, acc = 0.8833, lr = 3.162278e-07] (11.7 samples/sec; 10.295 sec/batch)
(E:26, S:43) [loss_dt = 0.3365, loss_qp = 0.4609, total loss = -7.7163, acc = 0.8500, lr = 3.162278e-07] (11.7 samples/sec; 10.293 sec/batch)
(E:26, S:44) [loss_dt = 0.5145, loss_qp = 0.5540, total loss = -7.7241, acc = 0.7917, lr = 3.162278e-07] (12.3 samples/sec; 9.791 sec/batch)
(E:26, S:45) [loss_dt = 0.4911, loss_qp = 0.5707, total loss = -7.7586, acc = 0.8000, lr = 3.162278e-07] (13.6 samples/sec; 8.850 sec/batch)
(E:26, S:46) [loss_dt = 0.5175, loss_qp = 0.4449, total loss = -7.5984, acc = 0.7750, lr = 3.162278e-07] (15.0 samples/sec; 8.005 sec/batch)
(E:26, S:47) [loss_dt = 0.3318, loss_qp = 0.5197, total loss = -7.5849, acc = 0.8333, lr = 3.162278e-07] (16.6 samples/sec; 7.241 sec/batch)
(E:26, S:48) [loss_dt = 0.4712, loss_qp = 0.5737, total loss = -7.6399, acc = 0.8000, lr = 3.162278e-07] (18.3 samples/sec; 6.552 sec/batch)
(E:26, S:49) [loss_dt = 0.3861, loss_qp = 0.4854, total loss = -7.5654, acc = 0.8500, lr = 3.162278e-07] (20.2 samples/sec; 5.931 sec/batch)
(E:26, S:50) [loss_dt = 0.3377, loss_qp = 0.5150, total loss = -7.5476, acc = 0.8583, lr = 3.162278e-07] (22.3 samples/sec; 5.376 sec/batch)
(E:26, S:51) [loss_dt = 0.2506, loss_qp = 0.5540, total loss = -7.5987, acc = 0.9083, lr = 3.162278e-07] (24.6 samples/sec; 4.878 sec/batch)
PLCC: 0.4531, SROCC: 0.4244, Acc: 0.7705
(E:27, S:0) [loss_dt = 0.5165, loss_qp = 0.5185, total loss = -7.5649, acc = 0.8000, lr = 2.511887e-07] (6.8 samples/sec; 17.523 sec/batch)
(E:27, S:1) [loss_dt = 0.4988, loss_qp = 0.4425, total loss = -7.4223, acc = 0.7667, lr = 2.511887e-07] (7.6 samples/sec; 15.807 sec/batch)
(E:27, S:2) [loss_dt = 0.4000, loss_qp = 0.5349, total loss = -7.4424, acc = 0.8500, lr = 2.511887e-07] (8.4 samples/sec; 14.263 sec/batch)
(E:27, S:3) [loss_dt = 0.2828, loss_qp = 0.6111, total loss = -7.5866, acc = 0.8667, lr = 2.511887e-07] (9.3 samples/sec; 12.875 sec/batch)
(E:27, S:4) [loss_dt = 0.3352, loss_qp = 0.5016, total loss = -7.5468, acc = 0.8500, lr = 2.511887e-07] (10.3 samples/sec; 11.622 sec/batch)
(E:27, S:5) [loss_dt = 0.3981, loss_qp = 0.5554, total loss = -7.5854, acc = 0.8083, lr = 2.511887e-07] (10.9 samples/sec; 11.051 sec/batch)
(E:27, S:6) [loss_dt = 0.3566, loss_qp = 0.4976, total loss = -7.5375, acc = 0.8583, lr = 2.511887e-07] (11.0 samples/sec; 10.897 sec/batch)
(E:27, S:7) [loss_dt = 0.3372, loss_qp = 0.5208, total loss = -7.5312, acc = 0.8500, lr = 2.511887e-07] (11.2 samples/sec; 10.751 sec/batch)
(E:27, S:8) [loss_dt = 0.3552, loss_qp = 0.5352, total loss = -7.5453, acc = 0.8250, lr = 2.511887e-07] (11.3 samples/sec; 10.619 sec/batch)
(E:27, S:9) [loss_dt = 0.4879, loss_qp = 0.5068, total loss = -7.5021, acc = 0.7917, lr = 2.511887e-07] (11.4 samples/sec; 10.502 sec/batch)
(E:27, S:10) [loss_dt = 0.4484, loss_qp = 0.5549, total loss = -7.5395, acc = 0.8250, lr = 2.511887e-07] (11.5 samples/sec; 10.400 sec/batch)
(E:27, S:11) [loss_dt = 0.4497, loss_qp = 0.6039, total loss = -7.6464, acc = 0.7917, lr = 2.511887e-07] (11.6 samples/sec; 10.306 sec/batch)
(E:27, S:12) [loss_dt = 0.4208, loss_qp = 0.5112, total loss = -7.6066, acc = 0.8000, lr = 2.511887e-07] (11.8 samples/sec; 10.208 sec/batch)
(E:27, S:13) [loss_dt = 0.4755, loss_qp = 0.3906, total loss = -7.3843, acc = 0.8333, lr = 2.511887e-07] (11.8 samples/sec; 10.129 sec/batch)
(E:27, S:14) [loss_dt = 0.3922, loss_qp = 0.5402, total loss = -7.4169, acc = 0.8417, lr = 2.511887e-07] (11.9 samples/sec; 10.070 sec/batch)
(E:27, S:15) [loss_dt = 0.4469, loss_qp = 0.5046, total loss = -7.3874, acc = 0.7667, lr = 2.511887e-07] (12.0 samples/sec; 10.009 sec/batch)
(E:27, S:16) [loss_dt = 0.6937, loss_qp = 0.5427, total loss = -7.3934, acc = 0.7250, lr = 2.511887e-07] (12.0 samples/sec; 9.964 sec/batch)
(E:27, S:17) [loss_dt = 0.3983, loss_qp = 0.6796, total loss = -7.6337, acc = 0.8417, lr = 2.511887e-07] (12.1 samples/sec; 9.901 sec/batch)
(E:27, S:18) [loss_dt = 0.4683, loss_qp = 0.5753, total loss = -7.6865, acc = 0.8167, lr = 2.511887e-07] (12.2 samples/sec; 9.858 sec/batch)
(E:27, S:19) [loss_dt = 0.5378, loss_qp = 0.4668, total loss = -7.5643, acc = 0.7917, lr = 2.511887e-07] (12.2 samples/sec; 9.823 sec/batch)
(E:27, S:20) [loss_dt = 0.3464, loss_qp = 0.4211, total loss = -7.4049, acc = 0.8500, lr = 2.511887e-07] (12.2 samples/sec; 9.803 sec/batch)
(E:27, S:21) [loss_dt = 0.4625, loss_qp = 0.4186, total loss = -7.2460, acc = 0.7833, lr = 2.511887e-07] (12.3 samples/sec; 9.759 sec/batch)
(E:27, S:22) [loss_dt = 0.3786, loss_qp = 0.5956, total loss = -7.3770, acc = 0.8167, lr = 2.511887e-07] (12.3 samples/sec; 9.737 sec/batch)
(E:27, S:23) [loss_dt = 0.4003, loss_qp = 0.4519, total loss = -7.2770, acc = 0.8167, lr = 2.511887e-07] (12.4 samples/sec; 9.694 sec/batch)
(E:27, S:24) [loss_dt = 0.5242, loss_qp = 0.6190, total loss = -7.4253, acc = 0.7833, lr = 2.511887e-07] (12.4 samples/sec; 9.660 sec/batch)
(E:27, S:25) [loss_dt = 0.5027, loss_qp = 0.5168, total loss = -7.4077, acc = 0.8250, lr = 2.511887e-07] (12.4 samples/sec; 9.657 sec/batch)
(E:27, S:26) [loss_dt = 0.3639, loss_qp = 0.4738, total loss = -7.3413, acc = 0.8250, lr = 2.511887e-07] (12.5 samples/sec; 9.610 sec/batch)
(E:27, S:27) [loss_dt = 0.4082, loss_qp = 0.5119, total loss = -7.3342, acc = 0.8167, lr = 2.511887e-07] (12.5 samples/sec; 9.589 sec/batch)
(E:27, S:28) [loss_dt = 0.4835, loss_qp = 0.5660, total loss = -7.4015, acc = 0.7500, lr = 2.511887e-07] (12.5 samples/sec; 9.586 sec/batch)
(E:27, S:29) [loss_dt = 0.4378, loss_qp = 0.5810, total loss = -7.4891, acc = 0.8250, lr = 2.511887e-07] (12.5 samples/sec; 9.567 sec/batch)
(E:27, S:30) [loss_dt = 0.4225, loss_qp = 0.4105, total loss = -7.3136, acc = 0.8000, lr = 2.511887e-07] (12.6 samples/sec; 9.542 sec/batch)
(E:27, S:31) [loss_dt = 0.5271, loss_qp = 0.5231, total loss = -7.3142, acc = 0.7833, lr = 2.511887e-07] (12.6 samples/sec; 9.522 sec/batch)
(E:27, S:32) [loss_dt = 0.3420, loss_qp = 0.4841, total loss = -7.2747, acc = 0.8833, lr = 2.511887e-07] (12.6 samples/sec; 9.501 sec/batch)
(E:27, S:33) [loss_dt = 0.3605, loss_qp = 0.4543, total loss = -7.1927, acc = 0.8583, lr = 2.511887e-07] (12.6 samples/sec; 9.516 sec/batch)
(E:27, S:34) [loss_dt = 0.3797, loss_qp = 0.4891, total loss = -7.1691, acc = 0.8417, lr = 2.511887e-07] (12.6 samples/sec; 9.508 sec/batch)
(E:27, S:35) [loss_dt = 0.4200, loss_qp = 0.4935, total loss = -7.1505, acc = 0.8250, lr = 2.511887e-07] (12.6 samples/sec; 9.494 sec/batch)
(E:27, S:36) [loss_dt = 0.3871, loss_qp = 0.5074, total loss = -7.1578, acc = 0.8500, lr = 2.511887e-07] (12.7 samples/sec; 9.481 sec/batch)
(E:27, S:37) [loss_dt = 0.4933, loss_qp = 0.5608, total loss = -7.2340, acc = 0.7833, lr = 2.511887e-07] (12.7 samples/sec; 9.472 sec/batch)
(E:27, S:38) [loss_dt = 0.4886, loss_qp = 0.5873, total loss = -7.3426, acc = 0.7833, lr = 2.511887e-07] (12.7 samples/sec; 9.460 sec/batch)
(E:27, S:39) [loss_dt = 0.4239, loss_qp = 0.4554, total loss = -7.2490, acc = 0.8083, lr = 2.511887e-07] (12.7 samples/sec; 9.453 sec/batch)
(E:27, S:40) [loss_dt = 0.2525, loss_qp = 0.5080, total loss = -7.2609, acc = 0.8917, lr = 2.511887e-07] (12.7 samples/sec; 9.465 sec/batch)
(E:27, S:41) [loss_dt = 0.5149, loss_qp = 0.6185, total loss = -7.4111, acc = 0.8083, lr = 2.511887e-07] (12.7 samples/sec; 9.453 sec/batch)
(E:27, S:42) [loss_dt = 0.4192, loss_qp = 0.4909, total loss = -7.3644, acc = 0.7667, lr = 2.511887e-07] (12.7 samples/sec; 9.432 sec/batch)
(E:27, S:43) [loss_dt = 0.2926, loss_qp = 0.4248, total loss = -7.2359, acc = 0.8667, lr = 2.511887e-07] (12.7 samples/sec; 9.429 sec/batch)
(E:27, S:44) [loss_dt = 0.4127, loss_qp = 0.5795, total loss = -7.3403, acc = 0.8083, lr = 2.511887e-07] (13.4 samples/sec; 8.963 sec/batch)
(E:27, S:45) [loss_dt = 0.3626, loss_qp = 0.4935, total loss = -7.3102, acc = 0.8167, lr = 2.511887e-07] (14.8 samples/sec; 8.100 sec/batch)
(E:27, S:46) [loss_dt = 0.3763, loss_qp = 0.5676, total loss = -7.3928, acc = 0.8333, lr = 2.511887e-07] (16.4 samples/sec; 7.322 sec/batch)
(E:27, S:47) [loss_dt = 0.4626, loss_qp = 0.5803, total loss = -7.4777, acc = 0.8000, lr = 2.511887e-07] (18.1 samples/sec; 6.620 sec/batch)
(E:27, S:48) [loss_dt = 0.4990, loss_qp = 0.5412, total loss = -7.4918, acc = 0.8000, lr = 2.511887e-07] (20.0 samples/sec; 5.992 sec/batch)
(E:27, S:49) [loss_dt = 0.4155, loss_qp = 0.4812, total loss = -7.4229, acc = 0.8583, lr = 2.511887e-07] (22.1 samples/sec; 5.426 sec/batch)
(E:27, S:50) [loss_dt = 0.4601, loss_qp = 0.5616, total loss = -7.4770, acc = 0.8250, lr = 2.511887e-07] (24.4 samples/sec; 4.917 sec/batch)
(E:27, S:51) [loss_dt = 0.4652, loss_qp = 0.5562, total loss = -7.5171, acc = 0.7500, lr = 2.511887e-07] (26.9 samples/sec; 4.460 sec/batch)
PLCC: 0.4382, SROCC: 0.4067, Acc: 0.7673
(E:28, S:0) [loss_dt = 0.4008, loss_qp = 0.5065, total loss = -7.4850, acc = 0.8167, lr = 1.995262e-07] (7.1 samples/sec; 16.998 sec/batch)
(E:28, S:1) [loss_dt = 0.5253, loss_qp = 0.5556, total loss = -7.5175, acc = 0.8083, lr = 1.995262e-07] (7.8 samples/sec; 15.341 sec/batch)
(E:28, S:2) [loss_dt = 0.3732, loss_qp = 0.5108, total loss = -7.4947, acc = 0.8083, lr = 1.995262e-07] (8.7 samples/sec; 13.853 sec/batch)
(E:28, S:3) [loss_dt = 0.4140, loss_qp = 0.5217, total loss = -7.4863, acc = 0.8083, lr = 1.995262e-07] (9.6 samples/sec; 12.504 sec/batch)
(E:28, S:4) [loss_dt = 0.3658, loss_qp = 0.5189, total loss = -7.4794, acc = 0.8583, lr = 1.995262e-07] (10.6 samples/sec; 11.290 sec/batch)
(E:28, S:5) [loss_dt = 0.3850, loss_qp = 0.5927, total loss = -7.5820, acc = 0.8000, lr = 1.995262e-07] (11.0 samples/sec; 10.922 sec/batch)
(E:28, S:6) [loss_dt = 0.5813, loss_qp = 0.5005, total loss = -7.5164, acc = 0.7167, lr = 1.995262e-07] (11.1 samples/sec; 10.766 sec/batch)
(E:28, S:7) [loss_dt = 0.5343, loss_qp = 0.4940, total loss = -7.4524, acc = 0.7833, lr = 1.995262e-07] (11.3 samples/sec; 10.645 sec/batch)
(E:28, S:8) [loss_dt = 0.3990, loss_qp = 0.6410, total loss = -7.6287, acc = 0.8500, lr = 1.995262e-07] (11.4 samples/sec; 10.505 sec/batch)
(E:28, S:9) [loss_dt = 0.3365, loss_qp = 0.4835, total loss = -7.5575, acc = 0.8333, lr = 1.995262e-07] (11.5 samples/sec; 10.404 sec/batch)
(E:28, S:10) [loss_dt = 0.3808, loss_qp = 0.5442, total loss = -7.5799, acc = 0.8750, lr = 1.995262e-07] (11.6 samples/sec; 10.307 sec/batch)
(E:28, S:11) [loss_dt = 0.5524, loss_qp = 0.6490, total loss = -7.7402, acc = 0.7750, lr = 1.995262e-07] (11.7 samples/sec; 10.224 sec/batch)
(E:28, S:12) [loss_dt = 0.5020, loss_qp = 0.5733, total loss = -7.7759, acc = 0.8000, lr = 1.995262e-07] (11.8 samples/sec; 10.134 sec/batch)
(E:28, S:13) [loss_dt = 0.4992, loss_qp = 0.5202, total loss = -7.7288, acc = 0.8083, lr = 1.995262e-07] (11.9 samples/sec; 10.064 sec/batch)
(E:28, S:14) [loss_dt = 0.4108, loss_qp = 0.6531, total loss = -7.8945, acc = 0.8333, lr = 1.995262e-07] (12.0 samples/sec; 10.013 sec/batch)
(E:28, S:15) [loss_dt = 0.5051, loss_qp = 0.5626, total loss = -7.8984, acc = 0.7583, lr = 1.995262e-07] (12.1 samples/sec; 9.952 sec/batch)
(E:28, S:16) [loss_dt = 0.5640, loss_qp = 0.5208, total loss = -7.8334, acc = 0.7750, lr = 1.995262e-07] (12.1 samples/sec; 9.897 sec/batch)
(E:28, S:17) [loss_dt = 0.4117, loss_qp = 0.5294, total loss = -7.8029, acc = 0.8250, lr = 1.995262e-07] (12.2 samples/sec; 9.839 sec/batch)
(E:28, S:18) [loss_dt = 0.4212, loss_qp = 0.4553, total loss = -7.6635, acc = 0.8417, lr = 1.995262e-07] (12.2 samples/sec; 9.799 sec/batch)
(E:28, S:19) [loss_dt = 0.5121, loss_qp = 0.4723, total loss = -7.5544, acc = 0.7750, lr = 1.995262e-07] (12.3 samples/sec; 9.775 sec/batch)
(E:28, S:20) [loss_dt = 0.4089, loss_qp = 0.6001, total loss = -7.6582, acc = 0.8250, lr = 1.995262e-07] (12.3 samples/sec; 9.738 sec/batch)
(E:28, S:21) [loss_dt = 0.4828, loss_qp = 0.5461, total loss = -7.6633, acc = 0.7667, lr = 1.995262e-07] (12.4 samples/sec; 9.692 sec/batch)
(E:28, S:22) [loss_dt = 0.4964, loss_qp = 0.4303, total loss = -7.4927, acc = 0.8000, lr = 1.995262e-07] (12.4 samples/sec; 9.652 sec/batch)
(E:28, S:23) [loss_dt = 0.4121, loss_qp = 0.4766, total loss = -7.4171, acc = 0.8167, lr = 1.995262e-07] (12.5 samples/sec; 9.616 sec/batch)
(E:28, S:24) [loss_dt = 0.3831, loss_qp = 0.5472, total loss = -7.4579, acc = 0.8667, lr = 1.995262e-07] (12.5 samples/sec; 9.597 sec/batch)
(E:28, S:25) [loss_dt = 0.4672, loss_qp = 0.5058, total loss = -7.4241, acc = 0.8083, lr = 1.995262e-07] (12.5 samples/sec; 9.578 sec/batch)
(E:28, S:26) [loss_dt = 0.4312, loss_qp = 0.5122, total loss = -7.4069, acc = 0.8333, lr = 1.995262e-07] (12.6 samples/sec; 9.554 sec/batch)
(E:28, S:27) [loss_dt = 0.3849, loss_qp = 0.5194, total loss = -7.4069, acc = 0.8250, lr = 1.995262e-07] (12.6 samples/sec; 9.538 sec/batch)
(E:28, S:28) [loss_dt = 0.5828, loss_qp = 0.6111, total loss = -7.5246, acc = 0.7667, lr = 1.995262e-07] (12.6 samples/sec; 9.525 sec/batch)
(E:28, S:29) [loss_dt = 0.5352, loss_qp = 0.5341, total loss = -7.5198, acc = 0.7667, lr = 1.995262e-07] (12.6 samples/sec; 9.505 sec/batch)
(E:28, S:30) [loss_dt = 0.3610, loss_qp = 0.3817, total loss = -7.3043, acc = 0.8750, lr = 1.995262e-07] (12.7 samples/sec; 9.484 sec/batch)
(E:28, S:31) [loss_dt = 0.4489, loss_qp = 0.4800, total loss = -7.2490, acc = 0.8000, lr = 1.995262e-07] (12.7 samples/sec; 9.484 sec/batch)
(E:28, S:32) [loss_dt = 0.4259, loss_qp = 0.5382, total loss = -7.2889, acc = 0.8083, lr = 1.995262e-07] (12.7 samples/sec; 9.469 sec/batch)
(E:28, S:33) [loss_dt = 0.4041, loss_qp = 0.4713, total loss = -7.2265, acc = 0.8583, lr = 1.995262e-07] (12.7 samples/sec; 9.460 sec/batch)
(E:28, S:34) [loss_dt = 0.4950, loss_qp = 0.6340, total loss = -7.4053, acc = 0.8083, lr = 1.995262e-07] (12.7 samples/sec; 9.455 sec/batch)
(E:28, S:35) [loss_dt = 0.2868, loss_qp = 0.4287, total loss = -7.2791, acc = 0.8500, lr = 1.995262e-07] (12.7 samples/sec; 9.454 sec/batch)
(E:28, S:36) [loss_dt = 0.3943, loss_qp = 0.5303, total loss = -7.3072, acc = 0.7833, lr = 1.995262e-07] (12.7 samples/sec; 9.441 sec/batch)
(E:28, S:37) [loss_dt = 0.3874, loss_qp = 0.6318, total loss = -7.4855, acc = 0.8333, lr = 1.995262e-07] (12.7 samples/sec; 9.455 sec/batch)
(E:28, S:38) [loss_dt = 0.5884, loss_qp = 0.5063, total loss = -7.4376, acc = 0.7833, lr = 1.995262e-07] (12.7 samples/sec; 9.440 sec/batch)
(E:28, S:39) [loss_dt = 0.3357, loss_qp = 0.4289, total loss = -7.3036, acc = 0.8583, lr = 1.995262e-07] (12.7 samples/sec; 9.431 sec/batch)
(E:28, S:40) [loss_dt = 0.4325, loss_qp = 0.4795, total loss = -7.2493, acc = 0.8167, lr = 1.995262e-07] (12.7 samples/sec; 9.430 sec/batch)
(E:28, S:41) [loss_dt = 0.4000, loss_qp = 0.5546, total loss = -7.3163, acc = 0.8083, lr = 1.995262e-07] (12.7 samples/sec; 9.421 sec/batch)
(E:28, S:42) [loss_dt = 0.3461, loss_qp = 0.5372, total loss = -7.3558, acc = 0.8500, lr = 1.995262e-07] (12.7 samples/sec; 9.427 sec/batch)
(E:28, S:43) [loss_dt = 0.3597, loss_qp = 0.5265, total loss = -7.3740, acc = 0.8667, lr = 1.995262e-07] (12.7 samples/sec; 9.431 sec/batch)
(E:28, S:44) [loss_dt = 0.4545, loss_qp = 0.6051, total loss = -7.4989, acc = 0.8000, lr = 1.995262e-07] (13.4 samples/sec; 8.966 sec/batch)
(E:28, S:45) [loss_dt = 0.4886, loss_qp = 0.5538, total loss = -7.5308, acc = 0.8083, lr = 1.995262e-07] (14.8 samples/sec; 8.105 sec/batch)
(E:28, S:46) [loss_dt = 0.4888, loss_qp = 0.5380, total loss = -7.5359, acc = 0.8083, lr = 1.995262e-07] (16.4 samples/sec; 7.329 sec/batch)
(E:28, S:47) [loss_dt = 0.3784, loss_qp = 0.5396, total loss = -7.5539, acc = 0.8500, lr = 1.995262e-07] (18.1 samples/sec; 6.633 sec/batch)
(E:28, S:48) [loss_dt = 0.4199, loss_qp = 0.5462, total loss = -7.5758, acc = 0.8417, lr = 1.995262e-07] (20.0 samples/sec; 6.007 sec/batch)
(E:28, S:49) [loss_dt = 0.3022, loss_qp = 0.5379, total loss = -7.5949, acc = 0.8333, lr = 1.995262e-07] (22.1 samples/sec; 5.438 sec/batch)
(E:28, S:50) [loss_dt = 0.3211, loss_qp = 0.4483, total loss = -7.4757, acc = 0.8750, lr = 1.995262e-07] (24.4 samples/sec; 4.926 sec/batch)
(E:28, S:51) [loss_dt = 0.3958, loss_qp = 0.4437, total loss = -7.3541, acc = 0.8250, lr = 1.995262e-07] (26.8 samples/sec; 4.471 sec/batch)
PLCC: 0.4412, SROCC: 0.4050, Acc: 0.7712
(E:29, S:0) [loss_dt = 0.4448, loss_qp = 0.4702, total loss = -7.2795, acc = 0.8000, lr = 1.584894e-07] (7.0 samples/sec; 17.119 sec/batch)
(E:29, S:1) [loss_dt = 0.4104, loss_qp = 0.4574, total loss = -7.1966, acc = 0.8250, lr = 1.584894e-07] (7.8 samples/sec; 15.450 sec/batch)
(E:29, S:2) [loss_dt = 0.4314, loss_qp = 0.4798, total loss = -7.1535, acc = 0.8083, lr = 1.584894e-07] (8.6 samples/sec; 13.950 sec/batch)
(E:29, S:3) [loss_dt = 0.4844, loss_qp = 0.4500, total loss = -7.0646, acc = 0.8083, lr = 1.584894e-07] (9.5 samples/sec; 12.589 sec/batch)
(E:29, S:4) [loss_dt = 0.3994, loss_qp = 0.5268, total loss = -7.1085, acc = 0.8333, lr = 1.584894e-07] (10.6 samples/sec; 11.363 sec/batch)
(E:29, S:5) [loss_dt = 0.3659, loss_qp = 0.6449, total loss = -7.3284, acc = 0.8417, lr = 1.584894e-07] (11.0 samples/sec; 10.915 sec/batch)
(E:29, S:6) [loss_dt = 0.3938, loss_qp = 0.5904, total loss = -7.4418, acc = 0.8750, lr = 1.584894e-07] (11.1 samples/sec; 10.763 sec/batch)
(E:29, S:7) [loss_dt = 0.4012, loss_qp = 0.5546, total loss = -7.4894, acc = 0.8417, lr = 1.584894e-07] (11.3 samples/sec; 10.618 sec/batch)
(E:29, S:8) [loss_dt = 0.3621, loss_qp = 0.5333, total loss = -7.5042, acc = 0.8417, lr = 1.584894e-07] (11.4 samples/sec; 10.492 sec/batch)
(E:29, S:9) [loss_dt = 0.4543, loss_qp = 0.4572, total loss = -7.3942, acc = 0.8083, lr = 1.584894e-07] (11.6 samples/sec; 10.374 sec/batch)
(E:29, S:10) [loss_dt = 0.4589, loss_qp = 0.5326, total loss = -7.4079, acc = 0.7833, lr = 1.584894e-07] (11.7 samples/sec; 10.290 sec/batch)
(E:29, S:11) [loss_dt = 0.4551, loss_qp = 0.5796, total loss = -7.4909, acc = 0.8083, lr = 1.584894e-07] (11.8 samples/sec; 10.194 sec/batch)
(E:29, S:12) [loss_dt = 0.5055, loss_qp = 0.6293, total loss = -7.6352, acc = 0.8000, lr = 1.584894e-07] (11.9 samples/sec; 10.109 sec/batch)
(E:29, S:13) [loss_dt = 0.4016, loss_qp = 0.5902, total loss = -7.7167, acc = 0.8000, lr = 1.584894e-07] (12.0 samples/sec; 10.037 sec/batch)
(E:29, S:14) [loss_dt = 0.3574, loss_qp = 0.5493, total loss = -7.7332, acc = 0.8583, lr = 1.584894e-07] (12.0 samples/sec; 9.989 sec/batch)
(E:29, S:15) [loss_dt = 0.4421, loss_qp = 0.5564, total loss = -7.7503, acc = 0.8333, lr = 1.584894e-07] (12.1 samples/sec; 9.938 sec/batch)
(E:29, S:16) [loss_dt = 0.3779, loss_qp = 0.4230, total loss = -7.5720, acc = 0.8500, lr = 1.584894e-07] (12.1 samples/sec; 9.908 sec/batch)
(E:29, S:17) [loss_dt = 0.4870, loss_qp = 0.5071, total loss = -7.5268, acc = 0.7917, lr = 1.584894e-07] (12.2 samples/sec; 9.853 sec/batch)
(E:29, S:18) [loss_dt = 0.3733, loss_qp = 0.5704, total loss = -7.5924, acc = 0.7917, lr = 1.584894e-07] (12.2 samples/sec; 9.807 sec/batch)
(E:29, S:19) [loss_dt = 0.3130, loss_qp = 0.5106, total loss = -7.5678, acc = 0.8917, lr = 1.584894e-07] (12.3 samples/sec; 9.751 sec/batch)
(E:29, S:20) [loss_dt = 0.5346, loss_qp = 0.5124, total loss = -7.5261, acc = 0.7583, lr = 1.584894e-07] (12.3 samples/sec; 9.728 sec/batch)
(E:29, S:21) [loss_dt = 0.4633, loss_qp = 0.4677, total loss = -7.4287, acc = 0.8083, lr = 1.584894e-07] (12.4 samples/sec; 9.680 sec/batch)
(E:29, S:22) [loss_dt = 0.3670, loss_qp = 0.5737, total loss = -7.5097, acc = 0.8333, lr = 1.584894e-07] (12.4 samples/sec; 9.646 sec/batch)
(E:29, S:23) [loss_dt = 0.3308, loss_qp = 0.6397, total loss = -7.6852, acc = 0.8833, lr = 1.584894e-07] (12.5 samples/sec; 9.613 sec/batch)
(E:29, S:24) [loss_dt = 0.4892, loss_qp = 0.4188, total loss = -7.4960, acc = 0.7417, lr = 1.584894e-07] (12.5 samples/sec; 9.588 sec/batch)
(E:29, S:25) [loss_dt = 0.4658, loss_qp = 0.5535, total loss = -7.5302, acc = 0.8667, lr = 1.584894e-07] (12.6 samples/sec; 9.558 sec/batch)
(E:29, S:26) [loss_dt = 0.3591, loss_qp = 0.5086, total loss = -7.5042, acc = 0.8583, lr = 1.584894e-07] (12.6 samples/sec; 9.532 sec/batch)
(E:29, S:27) [loss_dt = 0.4216, loss_qp = 0.4826, total loss = -7.4355, acc = 0.7833, lr = 1.584894e-07] (12.6 samples/sec; 9.528 sec/batch)
(E:29, S:28) [loss_dt = 0.4266, loss_qp = 0.5165, total loss = -7.4240, acc = 0.8417, lr = 1.584894e-07] (12.6 samples/sec; 9.517 sec/batch)
(E:29, S:29) [loss_dt = 0.5747, loss_qp = 0.5735, total loss = -7.4844, acc = 0.7500, lr = 1.584894e-07] (12.6 samples/sec; 9.503 sec/batch)
(E:29, S:30) [loss_dt = 0.3350, loss_qp = 0.6165, total loss = -7.6272, acc = 0.8583, lr = 1.584894e-07] (12.6 samples/sec; 9.496 sec/batch)
(E:29, S:31) [loss_dt = 0.3150, loss_qp = 0.5257, total loss = -7.6215, acc = 0.8583, lr = 1.584894e-07] (12.7 samples/sec; 9.482 sec/batch)
(E:29, S:32) [loss_dt = 0.3693, loss_qp = 0.4734, total loss = -7.5325, acc = 0.8417, lr = 1.584894e-07] (12.7 samples/sec; 9.462 sec/batch)
(E:29, S:33) [loss_dt = 0.4235, loss_qp = 0.5782, total loss = -7.6042, acc = 0.7833, lr = 1.584894e-07] (12.7 samples/sec; 9.452 sec/batch)
(E:29, S:34) [loss_dt = 0.4463, loss_qp = 0.5608, total loss = -7.6404, acc = 0.8167, lr = 1.584894e-07] (12.7 samples/sec; 9.457 sec/batch)
(E:29, S:35) [loss_dt = 0.4539, loss_qp = 0.5837, total loss = -7.7066, acc = 0.7833, lr = 1.584894e-07] (12.7 samples/sec; 9.445 sec/batch)
(E:29, S:36) [loss_dt = 0.3948, loss_qp = 0.5890, total loss = -7.7799, acc = 0.8333, lr = 1.584894e-07] (12.7 samples/sec; 9.429 sec/batch)
(E:29, S:37) [loss_dt = 0.4558, loss_qp = 0.4861, total loss = -7.6856, acc = 0.8250, lr = 1.584894e-07] (12.7 samples/sec; 9.429 sec/batch)
(E:29, S:38) [loss_dt = 0.6055, loss_qp = 0.6263, total loss = -7.7960, acc = 0.7833, lr = 1.584894e-07] (12.7 samples/sec; 9.415 sec/batch)
(E:29, S:39) [loss_dt = 0.5138, loss_qp = 0.5918, total loss = -7.8527, acc = 0.7917, lr = 1.584894e-07] (12.8 samples/sec; 9.410 sec/batch)
(E:29, S:40) [loss_dt = 0.3559, loss_qp = 0.5503, total loss = -7.8572, acc = 0.8500, lr = 1.584894e-07] (12.8 samples/sec; 9.406 sec/batch)
(E:29, S:41) [loss_dt = 0.3456, loss_qp = 0.5848, total loss = -7.9141, acc = 0.8417, lr = 1.584894e-07] (12.8 samples/sec; 9.400 sec/batch)
(E:29, S:42) [loss_dt = 0.4292, loss_qp = 0.4425, total loss = -7.7434, acc = 0.7917, lr = 1.584894e-07] (12.8 samples/sec; 9.389 sec/batch)
(E:29, S:43) [loss_dt = 0.3259, loss_qp = 0.4542, total loss = -7.6178, acc = 0.8667, lr = 1.584894e-07] (12.8 samples/sec; 9.388 sec/batch)
(E:29, S:44) [loss_dt = 0.4494, loss_qp = 0.4867, total loss = -7.5412, acc = 0.8083, lr = 1.584894e-07] (13.4 samples/sec; 8.928 sec/batch)
(E:29, S:45) [loss_dt = 0.4121, loss_qp = 0.5882, total loss = -7.6281, acc = 0.8083, lr = 1.584894e-07] (14.9 samples/sec; 8.067 sec/batch)
(E:29, S:46) [loss_dt = 0.4865, loss_qp = 0.6110, total loss = -7.7332, acc = 0.8417, lr = 1.584894e-07] (16.5 samples/sec; 7.292 sec/batch)
(E:29, S:47) [loss_dt = 0.2867, loss_qp = 0.6054, total loss = -7.8393, acc = 0.8583, lr = 1.584894e-07] (18.2 samples/sec; 6.593 sec/batch)
(E:29, S:48) [loss_dt = 0.4167, loss_qp = 0.5778, total loss = -7.8804, acc = 0.8583, lr = 1.584894e-07] (20.1 samples/sec; 5.970 sec/batch)
(E:29, S:49) [loss_dt = 0.4165, loss_qp = 0.6090, total loss = -7.9643, acc = 0.8500, lr = 1.584894e-07] (22.2 samples/sec; 5.406 sec/batch)
(E:29, S:50) [loss_dt = 0.4441, loss_qp = 0.4188, total loss = -7.7517, acc = 0.8333, lr = 1.584894e-07] (24.5 samples/sec; 4.903 sec/batch)
(E:29, S:51) [loss_dt = 0.4362, loss_qp = 0.4812, total loss = -7.6546, acc = 0.8000, lr = 1.584894e-07] (27.0 samples/sec; 4.449 sec/batch)
PLCC: 0.4477, SROCC: 0.4007, Acc: 0.7551
(E:30, S:0) [loss_dt = 0.3610, loss_qp = 0.5108, total loss = -7.6192, acc = 0.8500, lr = 1.258925e-07] (7.1 samples/sec; 16.942 sec/batch)
(E:30, S:1) [loss_dt = 0.4408, loss_qp = 0.5552, total loss = -7.6460, acc = 0.7833, lr = 1.258925e-07] (7.9 samples/sec; 15.284 sec/batch)
(E:30, S:2) [loss_dt = 0.5167, loss_qp = 0.5013, total loss = -7.5817, acc = 0.7667, lr = 1.258925e-07] (8.7 samples/sec; 13.787 sec/batch)
(E:30, S:3) [loss_dt = 0.5182, loss_qp = 0.5953, total loss = -7.6646, acc = 0.7833, lr = 1.258925e-07] (9.6 samples/sec; 12.440 sec/batch)
(E:30, S:4) [loss_dt = 0.4941, loss_qp = 0.4553, total loss = -7.5316, acc = 0.7500, lr = 1.258925e-07] (10.7 samples/sec; 11.235 sec/batch)
(E:30, S:5) [loss_dt = 0.3075, loss_qp = 0.5418, total loss = -7.5604, acc = 0.9000, lr = 1.258925e-07] (11.0 samples/sec; 10.867 sec/batch)
(E:30, S:6) [loss_dt = 0.5217, loss_qp = 0.5468, total loss = -7.5723, acc = 0.7667, lr = 1.258925e-07] (11.2 samples/sec; 10.711 sec/batch)
(E:30, S:7) [loss_dt = 0.3592, loss_qp = 0.5529, total loss = -7.6086, acc = 0.8417, lr = 1.258925e-07] (11.3 samples/sec; 10.581 sec/batch)
(E:30, S:8) [loss_dt = 0.3678, loss_qp = 0.6574, total loss = -7.7970, acc = 0.8000, lr = 1.258925e-07] (11.5 samples/sec; 10.459 sec/batch)
(E:30, S:9) [loss_dt = 0.5576, loss_qp = 0.5077, total loss = -7.7231, acc = 0.7750, lr = 1.258925e-07] (11.6 samples/sec; 10.346 sec/batch)
(E:30, S:10) [loss_dt = 0.4732, loss_qp = 0.5136, total loss = -7.6738, acc = 0.7750, lr = 1.258925e-07] (11.7 samples/sec; 10.242 sec/batch)
(E:30, S:11) [loss_dt = 0.4881, loss_qp = 0.6468, total loss = -7.8278, acc = 0.7667, lr = 1.258925e-07] (11.8 samples/sec; 10.143 sec/batch)
(E:30, S:12) [loss_dt = 0.3371, loss_qp = 0.4390, total loss = -7.6698, acc = 0.8750, lr = 1.258925e-07] (11.9 samples/sec; 10.057 sec/batch)
(E:30, S:13) [loss_dt = 0.4893, loss_qp = 0.5341, total loss = -7.6551, acc = 0.7833, lr = 1.258925e-07] (12.0 samples/sec; 9.983 sec/batch)
(E:30, S:14) [loss_dt = 0.5172, loss_qp = 0.5264, total loss = -7.6274, acc = 0.7583, lr = 1.258925e-07] (12.1 samples/sec; 9.923 sec/batch)
(E:30, S:15) [loss_dt = 0.5173, loss_qp = 0.5275, total loss = -7.6041, acc = 0.8167, lr = 1.258925e-07] (12.2 samples/sec; 9.864 sec/batch)
(E:30, S:16) [loss_dt = 0.3256, loss_qp = 0.4245, total loss = -7.4479, acc = 0.8500, lr = 1.258925e-07] (12.2 samples/sec; 9.826 sec/batch)
(E:30, S:17) [loss_dt = 0.5171, loss_qp = 0.4537, total loss = -7.3319, acc = 0.7750, lr = 1.258925e-07] (12.3 samples/sec; 9.766 sec/batch)
(E:30, S:18) [loss_dt = 0.3971, loss_qp = 0.5241, total loss = -7.3452, acc = 0.8333, lr = 1.258925e-07] (12.3 samples/sec; 9.728 sec/batch)
(E:30, S:19) [loss_dt = 0.4810, loss_qp = 0.5640, total loss = -7.4086, acc = 0.8000, lr = 1.258925e-07] (12.4 samples/sec; 9.684 sec/batch)
(E:30, S:20) [loss_dt = 0.4811, loss_qp = 0.6170, total loss = -7.5451, acc = 0.8167, lr = 1.258925e-07] (12.4 samples/sec; 9.654 sec/batch)
(E:30, S:21) [loss_dt = 0.5008, loss_qp = 0.5464, total loss = -7.5602, acc = 0.7917, lr = 1.258925e-07] (12.5 samples/sec; 9.625 sec/batch)
(E:30, S:22) [loss_dt = 0.4844, loss_qp = 0.4812, total loss = -7.4776, acc = 0.8083, lr = 1.258925e-07] (12.5 samples/sec; 9.587 sec/batch)
(E:30, S:23) [loss_dt = 0.5249, loss_qp = 0.5577, total loss = -7.5138, acc = 0.7750, lr = 1.258925e-07] (12.6 samples/sec; 9.551 sec/batch)
(E:30, S:24) [loss_dt = 0.4211, loss_qp = 0.5105, total loss = -7.4860, acc = 0.8250, lr = 1.258925e-07] (12.6 samples/sec; 9.533 sec/batch)
(E:30, S:25) [loss_dt = 0.4033, loss_qp = 0.5746, total loss = -7.5590, acc = 0.7917, lr = 1.258925e-07] (12.6 samples/sec; 9.496 sec/batch)
(E:30, S:26) [loss_dt = 0.4416, loss_qp = 0.5899, total loss = -7.6438, acc = 0.8333, lr = 1.258925e-07] (12.7 samples/sec; 9.471 sec/batch)
(E:30, S:27) [loss_dt = 0.3315, loss_qp = 0.5339, total loss = -7.6470, acc = 0.8583, lr = 1.258925e-07] (12.7 samples/sec; 9.458 sec/batch)
(E:30, S:28) [loss_dt = 0.2608, loss_qp = 0.5426, total loss = -7.6701, acc = 0.8917, lr = 1.258925e-07] (12.7 samples/sec; 9.453 sec/batch)
(E:30, S:29) [loss_dt = 0.4072, loss_qp = 0.5517, total loss = -7.6899, acc = 0.8333, lr = 1.258925e-07] (12.7 samples/sec; 9.460 sec/batch)
(E:30, S:30) [loss_dt = 0.4588, loss_qp = 0.5331, total loss = -7.6746, acc = 0.8250, lr = 1.258925e-07] (12.7 samples/sec; 9.444 sec/batch)
(E:30, S:31) [loss_dt = 0.4667, loss_qp = 0.5525, total loss = -7.6892, acc = 0.7833, lr = 1.258925e-07] (12.7 samples/sec; 9.427 sec/batch)
(E:30, S:32) [loss_dt = 0.4919, loss_qp = 0.5982, total loss = -7.7684, acc = 0.7583, lr = 1.258925e-07] (12.8 samples/sec; 9.408 sec/batch)
(E:30, S:33) [loss_dt = 0.3748, loss_qp = 0.5980, total loss = -7.8511, acc = 0.8417, lr = 1.258925e-07] (12.8 samples/sec; 9.404 sec/batch)
(E:30, S:34) [loss_dt = 0.3854, loss_qp = 0.5242, total loss = -7.8137, acc = 0.8167, lr = 1.258925e-07] (12.8 samples/sec; 9.405 sec/batch)
(E:30, S:35) [loss_dt = 0.3709, loss_qp = 0.3929, total loss = -7.5846, acc = 0.8417, lr = 1.258925e-07] (12.8 samples/sec; 9.403 sec/batch)
(E:30, S:36) [loss_dt = 0.4784, loss_qp = 0.6503, total loss = -7.7538, acc = 0.7917, lr = 1.258925e-07] (12.8 samples/sec; 9.389 sec/batch)
(E:30, S:37) [loss_dt = 0.4228, loss_qp = 0.4747, total loss = -7.6482, acc = 0.8583, lr = 1.258925e-07] (12.8 samples/sec; 9.389 sec/batch)
(E:30, S:38) [loss_dt = 0.4098, loss_qp = 0.5742, total loss = -7.7036, acc = 0.8083, lr = 1.258925e-07] (12.8 samples/sec; 9.373 sec/batch)
(E:30, S:39) [loss_dt = 0.4806, loss_qp = 0.6053, total loss = -7.7931, acc = 0.7917, lr = 1.258925e-07] (12.8 samples/sec; 9.382 sec/batch)
(E:30, S:40) [loss_dt = 0.5128, loss_qp = 0.5287, total loss = -7.7556, acc = 0.8083, lr = 1.258925e-07] (12.8 samples/sec; 9.381 sec/batch)
(E:30, S:41) [loss_dt = 0.4103, loss_qp = 0.4278, total loss = -7.5807, acc = 0.8333, lr = 1.258925e-07] (12.8 samples/sec; 9.369 sec/batch)
(E:30, S:42) [loss_dt = 0.5711, loss_qp = 0.4873, total loss = -7.4965, acc = 0.7583, lr = 1.258925e-07] (12.8 samples/sec; 9.361 sec/batch)
(E:30, S:43) [loss_dt = 0.4208, loss_qp = 0.4872, total loss = -7.4356, acc = 0.8000, lr = 1.258925e-07] (12.8 samples/sec; 9.365 sec/batch)
(E:30, S:44) [loss_dt = 0.3941, loss_qp = 0.4935, total loss = -7.3929, acc = 0.8500, lr = 1.258925e-07] (13.5 samples/sec; 8.905 sec/batch)
(E:30, S:45) [loss_dt = 0.3242, loss_qp = 0.5659, total loss = -7.4701, acc = 0.8833, lr = 1.258925e-07] (14.9 samples/sec; 8.048 sec/batch)
(E:30, S:46) [loss_dt = 0.3630, loss_qp = 0.5005, total loss = -7.4376, acc = 0.8417, lr = 1.258925e-07] (16.5 samples/sec; 7.275 sec/batch)
(E:30, S:47) [loss_dt = 0.4771, loss_qp = 0.5743, total loss = -7.5075, acc = 0.8083, lr = 1.258925e-07] (18.2 samples/sec; 6.580 sec/batch)
(E:30, S:48) [loss_dt = 0.4068, loss_qp = 0.5702, total loss = -7.5713, acc = 0.8250, lr = 1.258925e-07] (20.1 samples/sec; 5.957 sec/batch)
(E:30, S:49) [loss_dt = 0.5160, loss_qp = 0.4994, total loss = -7.5116, acc = 0.7583, lr = 1.258925e-07] (22.3 samples/sec; 5.393 sec/batch)
(E:30, S:50) [loss_dt = 0.4462, loss_qp = 0.4994, total loss = -7.4650, acc = 0.7833, lr = 1.258925e-07] (24.6 samples/sec; 4.885 sec/batch)
(E:30, S:51) [loss_dt = 0.3195, loss_qp = 0.4775, total loss = -7.4027, acc = 0.9000, lr = 1.258925e-07] (27.1 samples/sec; 4.429 sec/batch)
PLCC: 0.4654, SROCC: 0.4252, Acc: 0.7551
(E:31, S:0) [loss_dt = 0.3996, loss_qp = 0.5373, total loss = -7.4284, acc = 0.7917, lr = 1.000000e-07] (7.1 samples/sec; 17.007 sec/batch)
(E:31, S:1) [loss_dt = 0.4469, loss_qp = 0.6079, total loss = -7.5527, acc = 0.8167, lr = 1.000000e-07] (7.8 samples/sec; 15.353 sec/batch)
(E:31, S:2) [loss_dt = 0.4372, loss_qp = 0.5091, total loss = -7.5173, acc = 0.8083, lr = 1.000000e-07] (8.7 samples/sec; 13.864 sec/batch)
(E:31, S:3) [loss_dt = 0.4397, loss_qp = 0.5342, total loss = -7.5229, acc = 0.7750, lr = 1.000000e-07] (9.6 samples/sec; 12.525 sec/batch)
(E:31, S:4) [loss_dt = 0.4607, loss_qp = 0.5674, total loss = -7.5756, acc = 0.7750, lr = 1.000000e-07] (10.6 samples/sec; 11.306 sec/batch)
(E:31, S:5) [loss_dt = 0.4135, loss_qp = 0.4764, total loss = -7.4914, acc = 0.8250, lr = 1.000000e-07] (11.1 samples/sec; 10.837 sec/batch)
(E:31, S:6) [loss_dt = 0.3081, loss_qp = 0.4223, total loss = -7.3448, acc = 0.8500, lr = 1.000000e-07] (11.2 samples/sec; 10.694 sec/batch)
(E:31, S:7) [loss_dt = 0.5057, loss_qp = 0.5719, total loss = -7.4177, acc = 0.8167, lr = 1.000000e-07] (11.4 samples/sec; 10.555 sec/batch)
(E:31, S:8) [loss_dt = 0.4657, loss_qp = 0.4778, total loss = -7.3461, acc = 0.8250, lr = 1.000000e-07] (11.5 samples/sec; 10.419 sec/batch)
(E:31, S:9) [loss_dt = 0.3995, loss_qp = 0.5283, total loss = -7.3639, acc = 0.8083, lr = 1.000000e-07] (11.6 samples/sec; 10.333 sec/batch)
(E:31, S:10) [loss_dt = 0.4357, loss_qp = 0.5086, total loss = -7.3468, acc = 0.8000, lr = 1.000000e-07] (11.7 samples/sec; 10.221 sec/batch)
(E:31, S:11) [loss_dt = 0.4150, loss_qp = 0.5274, total loss = -7.3617, acc = 0.8250, lr = 1.000000e-07] (11.8 samples/sec; 10.140 sec/batch)
(E:31, S:12) [loss_dt = 0.3614, loss_qp = 0.5972, total loss = -7.4852, acc = 0.8417, lr = 1.000000e-07] (11.9 samples/sec; 10.046 sec/batch)
(E:31, S:13) [loss_dt = 0.4739, loss_qp = 0.5118, total loss = -7.4569, acc = 0.8250, lr = 1.000000e-07] (12.0 samples/sec; 9.983 sec/batch)
(E:31, S:14) [loss_dt = 0.4646, loss_qp = 0.4157, total loss = -7.2883, acc = 0.7917, lr = 1.000000e-07] (12.1 samples/sec; 9.936 sec/batch)
(E:31, S:15) [loss_dt = 0.4880, loss_qp = 0.5440, total loss = -7.3267, acc = 0.8083, lr = 1.000000e-07] (12.2 samples/sec; 9.869 sec/batch)
(E:31, S:16) [loss_dt = 0.4052, loss_qp = 0.6104, total loss = -7.4692, acc = 0.8667, lr = 1.000000e-07] (12.2 samples/sec; 9.818 sec/batch)
(E:31, S:17) [loss_dt = 0.4964, loss_qp = 0.5556, total loss = -7.5060, acc = 0.7667, lr = 1.000000e-07] (12.3 samples/sec; 9.761 sec/batch)
(E:31, S:18) [loss_dt = 0.4816, loss_qp = 0.5352, total loss = -7.5101, acc = 0.8000, lr = 1.000000e-07] (12.3 samples/sec; 9.727 sec/batch)
(E:31, S:19) [loss_dt = 0.2832, loss_qp = 0.6105, total loss = -7.6465, acc = 0.8667, lr = 1.000000e-07] (12.4 samples/sec; 9.684 sec/batch)
(E:31, S:20) [loss_dt = 0.4309, loss_qp = 0.6282, total loss = -7.7811, acc = 0.8083, lr = 1.000000e-07] (12.4 samples/sec; 9.651 sec/batch)
(E:31, S:21) [loss_dt = 0.5316, loss_qp = 0.6200, total loss = -7.8798, acc = 0.8083, lr = 1.000000e-07] (12.5 samples/sec; 9.632 sec/batch)
(E:31, S:22) [loss_dt = 0.4775, loss_qp = 0.4865, total loss = -7.7737, acc = 0.7583, lr = 1.000000e-07] (12.5 samples/sec; 9.594 sec/batch)
(E:31, S:23) [loss_dt = 0.5331, loss_qp = 0.5589, total loss = -7.7814, acc = 0.7333, lr = 1.000000e-07] (12.5 samples/sec; 9.588 sec/batch)
(E:31, S:24) [loss_dt = 0.3921, loss_qp = 0.5402, total loss = -7.7743, acc = 0.8500, lr = 1.000000e-07] (12.5 samples/sec; 9.584 sec/batch)
(E:31, S:25) [loss_dt = 0.4775, loss_qp = 0.4747, total loss = -7.6612, acc = 0.8083, lr = 1.000000e-07] (12.5 samples/sec; 9.565 sec/batch)
(E:31, S:26) [loss_dt = 0.3458, loss_qp = 0.4888, total loss = -7.5937, acc = 0.8667, lr = 1.000000e-07] (12.6 samples/sec; 9.544 sec/batch)
(E:31, S:27) [loss_dt = 0.4172, loss_qp = 0.4115, total loss = -7.4098, acc = 0.8083, lr = 1.000000e-07] (12.6 samples/sec; 9.531 sec/batch)
(E:31, S:28) [loss_dt = 0.5403, loss_qp = 0.6539, total loss = -7.5957, acc = 0.7583, lr = 1.000000e-07] (12.6 samples/sec; 9.524 sec/batch)
(E:31, S:29) [loss_dt = 0.4465, loss_qp = 0.5573, total loss = -7.6274, acc = 0.7750, lr = 1.000000e-07] (12.6 samples/sec; 9.512 sec/batch)
(E:31, S:30) [loss_dt = 0.4138, loss_qp = 0.5139, total loss = -7.5941, acc = 0.8250, lr = 1.000000e-07] (12.6 samples/sec; 9.489 sec/batch)
(E:31, S:31) [loss_dt = 0.2443, loss_qp = 0.5528, total loss = -7.6394, acc = 0.8833, lr = 1.000000e-07] (12.7 samples/sec; 9.485 sec/batch)
(E:31, S:32) [loss_dt = 0.4530, loss_qp = 0.5577, total loss = -7.6667, acc = 0.8333, lr = 1.000000e-07] (12.7 samples/sec; 9.468 sec/batch)
(E:31, S:33) [loss_dt = 0.4225, loss_qp = 0.4659, total loss = -7.5567, acc = 0.8333, lr = 1.000000e-07] (12.7 samples/sec; 9.455 sec/batch)
(E:31, S:34) [loss_dt = 0.5106, loss_qp = 0.5687, total loss = -7.6030, acc = 0.7833, lr = 1.000000e-07] (12.7 samples/sec; 9.456 sec/batch)
(E:31, S:35) [loss_dt = 0.3804, loss_qp = 0.5178, total loss = -7.5814, acc = 0.8583, lr = 1.000000e-07] (12.7 samples/sec; 9.446 sec/batch)
(E:31, S:36) [loss_dt = 0.3152, loss_qp = 0.5123, total loss = -7.5602, acc = 0.8667, lr = 1.000000e-07] (12.7 samples/sec; 9.444 sec/batch)
(E:31, S:37) [loss_dt = 0.4182, loss_qp = 0.5570, total loss = -7.5978, acc = 0.8250, lr = 1.000000e-07] (12.7 samples/sec; 9.436 sec/batch)
(E:31, S:38) [loss_dt = 0.3895, loss_qp = 0.4858, total loss = -7.5278, acc = 0.8167, lr = 1.000000e-07] (12.7 samples/sec; 9.418 sec/batch)
(E:31, S:39) [loss_dt = 0.3505, loss_qp = 0.6417, total loss = -7.7025, acc = 0.8417, lr = 1.000000e-07] (12.7 samples/sec; 9.440 sec/batch)
(E:31, S:40) [loss_dt = 0.2955, loss_qp = 0.4406, total loss = -7.5636, acc = 0.8750, lr = 1.000000e-07] (12.7 samples/sec; 9.436 sec/batch)
(E:31, S:41) [loss_dt = 0.3659, loss_qp = 0.4048, total loss = -7.3778, acc = 0.8333, lr = 1.000000e-07] (12.7 samples/sec; 9.465 sec/batch)
(E:31, S:42) [loss_dt = 0.3504, loss_qp = 0.5050, total loss = -7.3625, acc = 0.8500, lr = 1.000000e-07] (12.7 samples/sec; 9.450 sec/batch)
(E:31, S:43) [loss_dt = 0.3045, loss_qp = 0.5013, total loss = -7.3477, acc = 0.8500, lr = 1.000000e-07] (12.7 samples/sec; 9.436 sec/batch)
(E:31, S:44) [loss_dt = 0.3775, loss_qp = 0.6184, total loss = -7.5027, acc = 0.8500, lr = 1.000000e-07] (13.4 samples/sec; 8.975 sec/batch)
(E:31, S:45) [loss_dt = 0.3229, loss_qp = 0.4922, total loss = -7.4584, acc = 0.8833, lr = 1.000000e-07] (14.8 samples/sec; 8.109 sec/batch)
(E:31, S:46) [loss_dt = 0.3319, loss_qp = 0.4406, total loss = -7.3403, acc = 0.8750, lr = 1.000000e-07] (16.4 samples/sec; 7.330 sec/batch)
(E:31, S:47) [loss_dt = 0.4089, loss_qp = 0.5201, total loss = -7.3455, acc = 0.8333, lr = 1.000000e-07] (18.1 samples/sec; 6.632 sec/batch)
(E:31, S:48) [loss_dt = 0.4952, loss_qp = 0.5813, total loss = -7.4333, acc = 0.7667, lr = 1.000000e-07] (20.0 samples/sec; 6.002 sec/batch)
(E:31, S:49) [loss_dt = 0.4577, loss_qp = 0.6000, total loss = -7.5443, acc = 0.8417, lr = 1.000000e-07] (22.1 samples/sec; 5.432 sec/batch)
(E:31, S:50) [loss_dt = 0.5125, loss_qp = 0.5431, total loss = -7.5532, acc = 0.7917, lr = 1.000000e-07] (24.4 samples/sec; 4.925 sec/batch)
(E:31, S:51) [loss_dt = 0.3899, loss_qp = 0.4897, total loss = -7.4935, acc = 0.8417, lr = 1.000000e-07] (26.9 samples/sec; 4.465 sec/batch)
PLCC: 0.4656, SROCC: 0.4260, Acc: 0.7590
(E:32, S:0) [loss_dt = 0.5067, loss_qp = 0.5036, total loss = -7.4489, acc = 0.7750, lr = 7.943286e-08] (7.1 samples/sec; 17.009 sec/batch)
(E:32, S:1) [loss_dt = 0.3888, loss_qp = 0.5927, total loss = -7.5542, acc = 0.8333, lr = 7.943286e-08] (7.8 samples/sec; 15.349 sec/batch)
(E:32, S:2) [loss_dt = 0.3763, loss_qp = 0.5189, total loss = -7.5395, acc = 0.8333, lr = 7.943286e-08] (8.7 samples/sec; 13.860 sec/batch)
(E:32, S:3) [loss_dt = 0.4204, loss_qp = 0.5798, total loss = -7.6132, acc = 0.8167, lr = 7.943286e-08] (9.6 samples/sec; 12.521 sec/batch)
(E:32, S:4) [loss_dt = 0.3978, loss_qp = 0.4012, total loss = -7.4139, acc = 0.8000, lr = 7.943286e-08] (10.6 samples/sec; 11.305 sec/batch)
(E:32, S:5) [loss_dt = 0.3915, loss_qp = 0.5773, total loss = -7.4993, acc = 0.8333, lr = 7.943286e-08] (11.0 samples/sec; 10.892 sec/batch)
(E:32, S:6) [loss_dt = 0.3943, loss_qp = 0.5710, total loss = -7.5664, acc = 0.8167, lr = 7.943286e-08] (11.2 samples/sec; 10.748 sec/batch)
(E:32, S:7) [loss_dt = 0.4359, loss_qp = 0.5485, total loss = -7.5889, acc = 0.8167, lr = 7.943286e-08] (11.3 samples/sec; 10.627 sec/batch)
(E:32, S:8) [loss_dt = 0.4495, loss_qp = 0.5248, total loss = -7.5722, acc = 0.8000, lr = 7.943286e-08] (11.4 samples/sec; 10.489 sec/batch)
(E:32, S:9) [loss_dt = 0.5066, loss_qp = 0.6069, total loss = -7.6746, acc = 0.7750, lr = 7.943286e-08] (11.5 samples/sec; 10.394 sec/batch)
(E:32, S:10) [loss_dt = 0.3775, loss_qp = 0.6121, total loss = -7.7875, acc = 0.8667, lr = 7.943286e-08] (11.7 samples/sec; 10.292 sec/batch)
(E:32, S:11) [loss_dt = 0.5739, loss_qp = 0.4920, total loss = -7.6893, acc = 0.7500, lr = 7.943286e-08] (11.8 samples/sec; 10.193 sec/batch)
(E:32, S:12) [loss_dt = 0.5348, loss_qp = 0.6591, total loss = -7.8556, acc = 0.7833, lr = 7.943286e-08] (11.9 samples/sec; 10.101 sec/batch)
(E:32, S:13) [loss_dt = 0.4129, loss_qp = 0.5331, total loss = -7.8284, acc = 0.8333, lr = 7.943286e-08] (12.0 samples/sec; 10.029 sec/batch)
(E:32, S:14) [loss_dt = 0.3657, loss_qp = 0.4666, total loss = -7.7089, acc = 0.8167, lr = 7.943286e-08] (12.0 samples/sec; 9.971 sec/batch)
(E:32, S:15) [loss_dt = 0.4519, loss_qp = 0.4157, total loss = -7.5164, acc = 0.8083, lr = 7.943286e-08] (12.1 samples/sec; 9.916 sec/batch)
(E:32, S:16) [loss_dt = 0.4906, loss_qp = 0.5721, total loss = -7.5739, acc = 0.8333, lr = 7.943286e-08] (12.2 samples/sec; 9.870 sec/batch)
(E:32, S:17) [loss_dt = 0.5130, loss_qp = 0.4748, total loss = -7.4775, acc = 0.7833, lr = 7.943286e-08] (12.2 samples/sec; 9.833 sec/batch)
(E:32, S:18) [loss_dt = 0.3821, loss_qp = 0.4652, total loss = -7.3893, acc = 0.8500, lr = 7.943286e-08] (12.3 samples/sec; 9.785 sec/batch)
(E:32, S:19) [loss_dt = 0.4295, loss_qp = 0.6220, total loss = -7.5404, acc = 0.8000, lr = 7.943286e-08] (12.3 samples/sec; 9.741 sec/batch)
(E:32, S:20) [loss_dt = 0.4404, loss_qp = 0.5252, total loss = -7.5301, acc = 0.8083, lr = 7.943286e-08] (12.4 samples/sec; 9.709 sec/batch)
(E:32, S:21) [loss_dt = 0.3012, loss_qp = 0.5344, total loss = -7.5485, acc = 0.8250, lr = 7.943286e-08] (12.4 samples/sec; 9.679 sec/batch)
(E:32, S:22) [loss_dt = 0.5680, loss_qp = 0.5870, total loss = -7.6174, acc = 0.7500, lr = 7.943286e-08] (12.4 samples/sec; 9.650 sec/batch)
(E:32, S:23) [loss_dt = 0.5436, loss_qp = 0.6243, total loss = -7.7378, acc = 0.7500, lr = 7.943286e-08] (12.5 samples/sec; 9.619 sec/batch)
(E:32, S:24) [loss_dt = 0.3785, loss_qp = 0.6115, total loss = -7.8435, acc = 0.8667, lr = 7.943286e-08] (12.5 samples/sec; 9.608 sec/batch)
(E:32, S:25) [loss_dt = 0.3323, loss_qp = 0.4259, total loss = -7.6647, acc = 0.8333, lr = 7.943286e-08] (12.5 samples/sec; 9.575 sec/batch)
(E:32, S:26) [loss_dt = 0.5425, loss_qp = 0.4553, total loss = -7.5269, acc = 0.8083, lr = 7.943286e-08] (12.6 samples/sec; 9.551 sec/batch)
(E:32, S:27) [loss_dt = 0.3992, loss_qp = 0.5415, total loss = -7.5466, acc = 0.8167, lr = 7.943286e-08] (12.6 samples/sec; 9.535 sec/batch)
(E:32, S:28) [loss_dt = 0.3489, loss_qp = 0.5329, total loss = -7.5564, acc = 0.8583, lr = 7.943286e-08] (12.6 samples/sec; 9.525 sec/batch)
(E:32, S:29) [loss_dt = 0.4273, loss_qp = 0.4593, total loss = -7.4471, acc = 0.8083, lr = 7.943286e-08] (12.6 samples/sec; 9.513 sec/batch)
(E:32, S:30) [loss_dt = 0.4188, loss_qp = 0.6206, total loss = -7.5913, acc = 0.8000, lr = 7.943286e-08] (12.6 samples/sec; 9.496 sec/batch)
(E:32, S:31) [loss_dt = 0.3056, loss_qp = 0.5490, total loss = -7.6252, acc = 0.8417, lr = 7.943286e-08] (12.7 samples/sec; 9.475 sec/batch)
(E:32, S:32) [loss_dt = 0.5181, loss_qp = 0.5203, total loss = -7.5914, acc = 0.7917, lr = 7.943286e-08] (12.7 samples/sec; 9.455 sec/batch)
(E:32, S:33) [loss_dt = 0.3254, loss_qp = 0.5550, total loss = -7.6322, acc = 0.8583, lr = 7.943286e-08] (12.7 samples/sec; 9.446 sec/batch)
(E:32, S:34) [loss_dt = 0.4002, loss_qp = 0.4547, total loss = -7.5109, acc = 0.7917, lr = 7.943286e-08] (12.7 samples/sec; 9.444 sec/batch)
(E:32, S:35) [loss_dt = 0.4754, loss_qp = 0.6081, total loss = -7.6245, acc = 0.7750, lr = 7.943286e-08] (12.7 samples/sec; 9.439 sec/batch)
(E:32, S:36) [loss_dt = 0.4676, loss_qp = 0.5925, total loss = -7.7040, acc = 0.8333, lr = 7.943286e-08] (12.7 samples/sec; 9.433 sec/batch)
(E:32, S:37) [loss_dt = 0.3394, loss_qp = 0.5345, total loss = -7.7015, acc = 0.8250, lr = 7.943286e-08] (12.7 samples/sec; 9.443 sec/batch)
(E:32, S:38) [loss_dt = 0.4276, loss_qp = 0.5520, total loss = -7.7165, acc = 0.8000, lr = 7.943286e-08] (12.7 samples/sec; 9.426 sec/batch)
(E:32, S:39) [loss_dt = 0.3420, loss_qp = 0.5807, total loss = -7.7817, acc = 0.8833, lr = 7.943286e-08] (12.7 samples/sec; 9.421 sec/batch)
(E:32, S:40) [loss_dt = 0.3749, loss_qp = 0.5860, total loss = -7.8450, acc = 0.8667, lr = 7.943286e-08] (12.7 samples/sec; 9.416 sec/batch)
(E:32, S:41) [loss_dt = 0.3338, loss_qp = 0.5755, total loss = -7.8903, acc = 0.8250, lr = 7.943286e-08] (12.8 samples/sec; 9.409 sec/batch)
(E:32, S:42) [loss_dt = 0.4594, loss_qp = 0.4291, total loss = -7.6990, acc = 0.7917, lr = 7.943286e-08] (12.7 samples/sec; 9.416 sec/batch)
(E:32, S:43) [loss_dt = 0.5149, loss_qp = 0.5486, total loss = -7.7005, acc = 0.8000, lr = 7.943286e-08] (12.7 samples/sec; 9.413 sec/batch)
(E:32, S:44) [loss_dt = 0.3508, loss_qp = 0.5310, total loss = -7.6919, acc = 0.8750, lr = 7.943286e-08] (13.4 samples/sec; 8.945 sec/batch)
(E:32, S:45) [loss_dt = 0.4324, loss_qp = 0.4529, total loss = -7.5587, acc = 0.8250, lr = 7.943286e-08] (14.8 samples/sec; 8.086 sec/batch)
(E:32, S:46) [loss_dt = 0.4262, loss_qp = 0.5740, total loss = -7.6212, acc = 0.8083, lr = 7.943286e-08] (16.4 samples/sec; 7.311 sec/batch)
(E:32, S:47) [loss_dt = 0.5782, loss_qp = 0.5555, total loss = -7.6346, acc = 0.7667, lr = 7.943286e-08] (18.1 samples/sec; 6.616 sec/batch)
(E:32, S:48) [loss_dt = 0.4736, loss_qp = 0.5476, total loss = -7.6451, acc = 0.8250, lr = 7.943286e-08] (20.0 samples/sec; 5.989 sec/batch)
(E:32, S:49) [loss_dt = 0.4009, loss_qp = 0.5679, total loss = -7.6923, acc = 0.8667, lr = 7.943286e-08] (22.1 samples/sec; 5.424 sec/batch)
(E:32, S:50) [loss_dt = 0.5194, loss_qp = 0.4207, total loss = -7.5023, acc = 0.7500, lr = 7.943286e-08] (24.4 samples/sec; 4.915 sec/batch)
(E:32, S:51) [loss_dt = 0.4434, loss_qp = 0.4756, total loss = -7.4211, acc = 0.7833, lr = 7.943286e-08] (26.9 samples/sec; 4.459 sec/batch)
PLCC: 0.4645, SROCC: 0.4163, Acc: 0.7635
(E:33, S:0) [loss_dt = 0.4334, loss_qp = 0.5524, total loss = -7.4642, acc = 0.8000, lr = 6.309571e-08] (7.1 samples/sec; 17.018 sec/batch)
(E:33, S:1) [loss_dt = 0.4330, loss_qp = 0.5558, total loss = -7.5082, acc = 0.8250, lr = 6.309571e-08] (7.8 samples/sec; 15.364 sec/batch)
(E:33, S:2) [loss_dt = 0.3660, loss_qp = 0.5254, total loss = -7.5089, acc = 0.8167, lr = 6.309571e-08] (8.7 samples/sec; 13.862 sec/batch)
(E:33, S:3) [loss_dt = 0.4062, loss_qp = 0.4653, total loss = -7.4153, acc = 0.7833, lr = 6.309571e-08] (9.6 samples/sec; 12.510 sec/batch)
(E:33, S:4) [loss_dt = 0.5260, loss_qp = 0.5219, total loss = -7.4040, acc = 0.8000, lr = 6.309571e-08] (10.6 samples/sec; 11.293 sec/batch)
(E:33, S:5) [loss_dt = 0.5050, loss_qp = 0.6002, total loss = -7.5134, acc = 0.8083, lr = 6.309571e-08] (11.1 samples/sec; 10.846 sec/batch)
(E:33, S:6) [loss_dt = 0.3969, loss_qp = 0.5527, total loss = -7.5514, acc = 0.8333, lr = 6.309571e-08] (11.2 samples/sec; 10.705 sec/batch)
(E:33, S:7) [loss_dt = 0.4874, loss_qp = 0.5939, total loss = -7.6384, acc = 0.7500, lr = 6.309571e-08] (11.4 samples/sec; 10.567 sec/batch)
(E:33, S:8) [loss_dt = 0.4125, loss_qp = 0.4735, total loss = -7.5436, acc = 0.8083, lr = 6.309571e-08] (11.5 samples/sec; 10.439 sec/batch)
(E:33, S:9) [loss_dt = 0.3767, loss_qp = 0.4964, total loss = -7.4962, acc = 0.8833, lr = 6.309571e-08] (11.6 samples/sec; 10.328 sec/batch)
(E:33, S:10) [loss_dt = 0.5934, loss_qp = 0.5589, total loss = -7.5255, acc = 0.7417, lr = 6.309571e-08] (11.7 samples/sec; 10.242 sec/batch)
(E:33, S:11) [loss_dt = 0.3920, loss_qp = 0.5485, total loss = -7.5566, acc = 0.8167, lr = 6.309571e-08] (11.8 samples/sec; 10.150 sec/batch)
(E:33, S:12) [loss_dt = 0.5232, loss_qp = 0.4692, total loss = -7.4524, acc = 0.7750, lr = 6.309571e-08] (11.9 samples/sec; 10.070 sec/batch)
(E:33, S:13) [loss_dt = 0.3153, loss_qp = 0.5721, total loss = -7.5337, acc = 0.8500, lr = 6.309571e-08] (12.0 samples/sec; 10.007 sec/batch)
(E:33, S:14) [loss_dt = 0.3851, loss_qp = 0.4737, total loss = -7.4523, acc = 0.8167, lr = 6.309571e-08] (12.0 samples/sec; 9.960 sec/batch)
(E:33, S:15) [loss_dt = 0.4564, loss_qp = 0.4906, total loss = -7.3973, acc = 0.8000, lr = 6.309571e-08] (12.1 samples/sec; 9.905 sec/batch)
(E:33, S:16) [loss_dt = 0.5000, loss_qp = 0.5642, total loss = -7.4538, acc = 0.7833, lr = 6.309571e-08] (12.2 samples/sec; 9.851 sec/batch)
(E:33, S:17) [loss_dt = 0.4126, loss_qp = 0.5369, total loss = -7.4726, acc = 0.8500, lr = 6.309571e-08] (12.2 samples/sec; 9.797 sec/batch)
(E:33, S:18) [loss_dt = 0.5260, loss_qp = 0.5205, total loss = -7.4535, acc = 0.7417, lr = 6.309571e-08] (12.3 samples/sec; 9.761 sec/batch)
(E:33, S:19) [loss_dt = 0.4575, loss_qp = 0.6069, total loss = -7.5728, acc = 0.7917, lr = 6.309571e-08] (12.4 samples/sec; 9.715 sec/batch)
(E:33, S:20) [loss_dt = 0.4432, loss_qp = 0.6152, total loss = -7.6940, acc = 0.8167, lr = 6.309571e-08] (12.4 samples/sec; 9.678 sec/batch)
(E:33, S:21) [loss_dt = 0.4446, loss_qp = 0.5677, total loss = -7.7317, acc = 0.8000, lr = 6.309571e-08] (12.5 samples/sec; 9.637 sec/batch)
(E:33, S:22) [loss_dt = 0.4155, loss_qp = 0.5607, total loss = -7.7581, acc = 0.8000, lr = 6.309571e-08] (12.5 samples/sec; 9.595 sec/batch)
(E:33, S:23) [loss_dt = 0.4209, loss_qp = 0.5473, total loss = -7.7611, acc = 0.8333, lr = 6.309571e-08] (12.5 samples/sec; 9.615 sec/batch)
(E:33, S:24) [loss_dt = 0.4877, loss_qp = 0.5394, total loss = -7.7453, acc = 0.8167, lr = 6.309571e-08] (12.5 samples/sec; 9.589 sec/batch)
(E:33, S:25) [loss_dt = 0.5016, loss_qp = 0.5411, total loss = -7.7323, acc = 0.7833, lr = 6.309571e-08] (12.5 samples/sec; 9.571 sec/batch)
(E:33, S:26) [loss_dt = 0.4461, loss_qp = 0.5454, total loss = -7.7326, acc = 0.8167, lr = 6.309571e-08] (12.6 samples/sec; 9.547 sec/batch)
(E:33, S:27) [loss_dt = 0.3826, loss_qp = 0.4737, total loss = -7.6316, acc = 0.8083, lr = 6.309571e-08] (12.6 samples/sec; 9.531 sec/batch)
(E:33, S:28) [loss_dt = 0.4637, loss_qp = 0.5472, total loss = -7.6429, acc = 0.7833, lr = 6.309571e-08] (12.6 samples/sec; 9.523 sec/batch)
(E:33, S:29) [loss_dt = 0.4195, loss_qp = 0.4480, total loss = -7.5087, acc = 0.8083, lr = 6.309571e-08] (12.6 samples/sec; 9.503 sec/batch)
(E:33, S:30) [loss_dt = 0.4789, loss_qp = 0.5101, total loss = -7.4750, acc = 0.7833, lr = 6.309571e-08] (12.7 samples/sec; 9.482 sec/batch)
(E:33, S:31) [loss_dt = 0.2976, loss_qp = 0.5668, total loss = -7.5479, acc = 0.8833, lr = 6.309571e-08] (12.7 samples/sec; 9.474 sec/batch)
(E:33, S:32) [loss_dt = 0.4865, loss_qp = 0.5463, total loss = -7.5640, acc = 0.7833, lr = 6.309571e-08] (12.7 samples/sec; 9.460 sec/batch)
(E:33, S:33) [loss_dt = 0.2834, loss_qp = 0.3988, total loss = -7.3775, acc = 0.8667, lr = 6.309571e-08] (12.7 samples/sec; 9.455 sec/batch)
(E:33, S:34) [loss_dt = 0.3933, loss_qp = 0.6774, total loss = -7.6165, acc = 0.8417, lr = 6.309571e-08] (12.7 samples/sec; 9.453 sec/batch)
(E:33, S:35) [loss_dt = 0.4241, loss_qp = 0.5391, total loss = -7.6211, acc = 0.8500, lr = 6.309571e-08] (12.7 samples/sec; 9.446 sec/batch)
(E:33, S:36) [loss_dt = 0.4503, loss_qp = 0.4392, total loss = -7.4727, acc = 0.8083, lr = 6.309571e-08] (12.7 samples/sec; 9.430 sec/batch)
(E:33, S:37) [loss_dt = 0.3847, loss_qp = 0.5912, total loss = -7.5738, acc = 0.8500, lr = 6.309571e-08] (12.7 samples/sec; 9.431 sec/batch)
(E:33, S:38) [loss_dt = 0.3244, loss_qp = 0.5080, total loss = -7.5460, acc = 0.8333, lr = 6.309571e-08] (12.7 samples/sec; 9.412 sec/batch)
(E:33, S:39) [loss_dt = 0.4232, loss_qp = 0.5666, total loss = -7.5989, acc = 0.8167, lr = 6.309571e-08] (12.7 samples/sec; 9.417 sec/batch)
(E:33, S:40) [loss_dt = 0.3732, loss_qp = 0.5707, total loss = -7.6578, acc = 0.8583, lr = 6.309571e-08] (12.7 samples/sec; 9.422 sec/batch)
(E:33, S:41) [loss_dt = 0.4337, loss_qp = 0.5293, total loss = -7.6426, acc = 0.7917, lr = 6.309571e-08] (12.7 samples/sec; 9.415 sec/batch)
(E:33, S:42) [loss_dt = 0.3420, loss_qp = 0.4730, total loss = -7.5536, acc = 0.8750, lr = 6.309571e-08] (12.7 samples/sec; 9.421 sec/batch)
(E:33, S:43) [loss_dt = 0.3183, loss_qp = 0.3047, total loss = -7.2235, acc = 0.8583, lr = 6.309571e-08] (12.7 samples/sec; 9.420 sec/batch)
(E:33, S:44) [loss_dt = 0.4821, loss_qp = 0.6039, total loss = -7.3588, acc = 0.7833, lr = 6.309571e-08] (13.4 samples/sec; 8.951 sec/batch)
(E:33, S:45) [loss_dt = 0.4100, loss_qp = 0.4757, total loss = -7.2955, acc = 0.8333, lr = 6.309571e-08] (14.8 samples/sec; 8.092 sec/batch)
(E:33, S:46) [loss_dt = 0.3638, loss_qp = 0.3918, total loss = -7.1173, acc = 0.8417, lr = 6.309571e-08] (16.4 samples/sec; 7.322 sec/batch)
(E:33, S:47) [loss_dt = 0.4586, loss_qp = 0.4771, total loss = -7.0753, acc = 0.7833, lr = 6.309571e-08] (18.1 samples/sec; 6.623 sec/batch)
(E:33, S:48) [loss_dt = 0.3732, loss_qp = 0.5259, total loss = -7.1193, acc = 0.8583, lr = 6.309571e-08] (20.0 samples/sec; 5.995 sec/batch)
(E:33, S:49) [loss_dt = 0.3460, loss_qp = 0.6068, total loss = -7.2829, acc = 0.8750, lr = 6.309571e-08] (22.1 samples/sec; 5.434 sec/batch)
(E:33, S:50) [loss_dt = 0.4644, loss_qp = 0.5295, total loss = -7.3024, acc = 0.8083, lr = 6.309571e-08] (24.4 samples/sec; 4.923 sec/batch)
(E:33, S:51) [loss_dt = 0.3865, loss_qp = 0.5142, total loss = -7.3047, acc = 0.8083, lr = 6.309571e-08] (26.9 samples/sec; 4.463 sec/batch)
PLCC: 0.4655, SROCC: 0.4315, Acc: 0.7571
(E:34, S:0) [loss_dt = 0.4202, loss_qp = 0.5539, total loss = -7.3630, acc = 0.8500, lr = 5.011873e-08] (7.0 samples/sec; 17.066 sec/batch)
(E:34, S:1) [loss_dt = 0.4530, loss_qp = 0.4581, total loss = -7.2685, acc = 0.8000, lr = 5.011873e-08] (7.8 samples/sec; 15.423 sec/batch)
(E:34, S:2) [loss_dt = 0.4061, loss_qp = 0.4650, total loss = -7.1986, acc = 0.7917, lr = 5.011873e-08] (8.6 samples/sec; 13.917 sec/batch)
(E:34, S:3) [loss_dt = 0.4740, loss_qp = 0.5357, total loss = -7.2348, acc = 0.7667, lr = 5.011873e-08] (9.6 samples/sec; 12.564 sec/batch)
(E:34, S:4) [loss_dt = 0.3543, loss_qp = 0.5630, total loss = -7.3204, acc = 0.8500, lr = 5.011873e-08] (10.6 samples/sec; 11.345 sec/batch)
(E:34, S:5) [loss_dt = 0.5356, loss_qp = 0.5352, total loss = -7.3376, acc = 0.7833, lr = 5.011873e-08] (11.0 samples/sec; 10.927 sec/batch)
(E:34, S:6) [loss_dt = 0.4087, loss_qp = 0.5168, total loss = -7.3382, acc = 0.8417, lr = 5.011873e-08] (11.1 samples/sec; 10.784 sec/batch)
(E:34, S:7) [loss_dt = 0.4469, loss_qp = 0.5097, total loss = -7.3243, acc = 0.7917, lr = 5.011873e-08] (11.3 samples/sec; 10.644 sec/batch)
(E:34, S:8) [loss_dt = 0.4026, loss_qp = 0.4918, total loss = -7.2893, acc = 0.8083, lr = 5.011873e-08] (11.4 samples/sec; 10.513 sec/batch)
(E:34, S:9) [loss_dt = 0.3673, loss_qp = 0.5620, total loss = -7.3666, acc = 0.8583, lr = 5.011873e-08] (11.5 samples/sec; 10.407 sec/batch)
(E:34, S:10) [loss_dt = 0.5385, loss_qp = 0.3640, total loss = -7.1221, acc = 0.7917, lr = 5.011873e-08] (11.6 samples/sec; 10.305 sec/batch)
(E:34, S:11) [loss_dt = 0.3939, loss_qp = 0.5556, total loss = -7.2039, acc = 0.8250, lr = 5.011873e-08] (11.8 samples/sec; 10.204 sec/batch)
(E:34, S:12) [loss_dt = 0.3320, loss_qp = 0.5391, total loss = -7.2589, acc = 0.8583, lr = 5.011873e-08] (11.9 samples/sec; 10.121 sec/batch)
(E:34, S:13) [loss_dt = 0.4539, loss_qp = 0.5771, total loss = -7.3532, acc = 0.8333, lr = 5.011873e-08] (11.9 samples/sec; 10.072 sec/batch)
(E:34, S:14) [loss_dt = 0.4788, loss_qp = 0.5942, total loss = -7.4614, acc = 0.8000, lr = 5.011873e-08] (12.0 samples/sec; 10.017 sec/batch)
(E:34, S:15) [loss_dt = 0.4245, loss_qp = 0.6169, total loss = -7.5982, acc = 0.8250, lr = 5.011873e-08] (12.1 samples/sec; 9.948 sec/batch)
(E:34, S:16) [loss_dt = 0.4474, loss_qp = 0.5475, total loss = -7.6148, acc = 0.8000, lr = 5.011873e-08] (12.1 samples/sec; 9.896 sec/batch)
(E:34, S:17) [loss_dt = 0.4940, loss_qp = 0.5399, total loss = -7.6137, acc = 0.7667, lr = 5.011873e-08] (12.2 samples/sec; 9.833 sec/batch)
(E:34, S:18) [loss_dt = 0.4470, loss_qp = 0.5778, total loss = -7.6744, acc = 0.8083, lr = 5.011873e-08] (12.3 samples/sec; 9.784 sec/batch)
(E:34, S:19) [loss_dt = 0.5498, loss_qp = 0.5319, total loss = -7.6498, acc = 0.7750, lr = 5.011873e-08] (12.3 samples/sec; 9.767 sec/batch)
(E:34, S:20) [loss_dt = 0.6078, loss_qp = 0.6075, total loss = -7.7353, acc = 0.7417, lr = 5.011873e-08] (12.3 samples/sec; 9.723 sec/batch)
(E:34, S:21) [loss_dt = 0.5157, loss_qp = 0.5886, total loss = -7.7930, acc = 0.7833, lr = 5.011873e-08] (12.4 samples/sec; 9.691 sec/batch)
(E:34, S:22) [loss_dt = 0.3994, loss_qp = 0.5420, total loss = -7.7867, acc = 0.7750, lr = 5.011873e-08] (12.4 samples/sec; 9.653 sec/batch)
(E:34, S:23) [loss_dt = 0.3384, loss_qp = 0.5391, total loss = -7.7829, acc = 0.8500, lr = 5.011873e-08] (12.5 samples/sec; 9.619 sec/batch)
(E:34, S:24) [loss_dt = 0.3521, loss_qp = 0.6250, total loss = -7.9069, acc = 0.8833, lr = 5.011873e-08] (12.5 samples/sec; 9.604 sec/batch)
(E:34, S:25) [loss_dt = 0.3650, loss_qp = 0.5246, total loss = -7.8666, acc = 0.8333, lr = 5.011873e-08] (12.5 samples/sec; 9.572 sec/batch)
(E:34, S:26) [loss_dt = 0.4405, loss_qp = 0.5072, total loss = -7.7967, acc = 0.8000, lr = 5.011873e-08] (12.6 samples/sec; 9.550 sec/batch)
(E:34, S:27) [loss_dt = 0.4223, loss_qp = 0.6685, total loss = -7.9776, acc = 0.8333, lr = 5.011873e-08] (12.6 samples/sec; 9.532 sec/batch)
(E:34, S:28) [loss_dt = 0.5204, loss_qp = 0.5931, total loss = -8.0175, acc = 0.7583, lr = 5.011873e-08] (12.6 samples/sec; 9.516 sec/batch)
(E:34, S:29) [loss_dt = 0.4659, loss_qp = 0.4686, total loss = -7.8721, acc = 0.7667, lr = 5.011873e-08] (12.6 samples/sec; 9.493 sec/batch)
(E:34, S:30) [loss_dt = 0.3544, loss_qp = 0.5272, total loss = -7.8403, acc = 0.8917, lr = 5.011873e-08] (12.7 samples/sec; 9.478 sec/batch)
(E:34, S:31) [loss_dt = 0.3861, loss_qp = 0.5224, total loss = -7.8012, acc = 0.8417, lr = 5.011873e-08] (12.7 samples/sec; 9.460 sec/batch)
(E:34, S:32) [loss_dt = 0.3492, loss_qp = 0.5142, total loss = -7.7575, acc = 0.8583, lr = 5.011873e-08] (12.7 samples/sec; 9.440 sec/batch)
(E:34, S:33) [loss_dt = 0.3312, loss_qp = 0.5092, total loss = -7.7125, acc = 0.8667, lr = 5.011873e-08] (12.7 samples/sec; 9.484 sec/batch)
(E:34, S:34) [loss_dt = 0.4214, loss_qp = 0.4940, total loss = -7.6401, acc = 0.8250, lr = 5.011873e-08] (12.7 samples/sec; 9.472 sec/batch)
(E:34, S:35) [loss_dt = 0.2727, loss_qp = 0.5495, total loss = -7.6731, acc = 0.8917, lr = 5.011873e-08] (12.7 samples/sec; 9.459 sec/batch)
(E:34, S:36) [loss_dt = 0.3923, loss_qp = 0.5307, total loss = -7.6625, acc = 0.8000, lr = 5.011873e-08] (12.7 samples/sec; 9.451 sec/batch)
(E:34, S:37) [loss_dt = 0.4430, loss_qp = 0.3829, total loss = -7.4264, acc = 0.8000, lr = 5.011873e-08] (12.7 samples/sec; 9.482 sec/batch)
(E:34, S:38) [loss_dt = 0.4546, loss_qp = 0.5844, total loss = -7.5150, acc = 0.7667, lr = 5.011873e-08] (12.7 samples/sec; 9.484 sec/batch)
(E:34, S:39) [loss_dt = 0.4769, loss_qp = 0.5212, total loss = -7.4975, acc = 0.7917, lr = 5.011873e-08] (12.6 samples/sec; 9.492 sec/batch)
(E:34, S:40) [loss_dt = 0.4064, loss_qp = 0.5763, total loss = -7.5715, acc = 0.8500, lr = 5.011873e-08] (12.7 samples/sec; 9.480 sec/batch)
(E:34, S:41) [loss_dt = 0.5038, loss_qp = 0.4735, total loss = -7.4742, acc = 0.7750, lr = 5.011873e-08] (12.7 samples/sec; 9.469 sec/batch)
(E:34, S:42) [loss_dt = 0.3536, loss_qp = 0.4635, total loss = -7.3866, acc = 0.8500, lr = 5.011873e-08] (12.7 samples/sec; 9.450 sec/batch)
(E:34, S:43) [loss_dt = 0.4393, loss_qp = 0.4978, total loss = -7.3507, acc = 0.8500, lr = 5.011873e-08] (12.7 samples/sec; 9.484 sec/batch)
(E:34, S:44) [loss_dt = 0.4481, loss_qp = 0.5122, total loss = -7.3391, acc = 0.7917, lr = 5.011873e-08] (13.3 samples/sec; 9.007 sec/batch)
(E:34, S:45) [loss_dt = 0.4727, loss_qp = 0.5371, total loss = -7.3635, acc = 0.8000, lr = 5.011873e-08] (14.7 samples/sec; 8.137 sec/batch)
(E:34, S:46) [loss_dt = 0.5144, loss_qp = 0.6145, total loss = -7.4974, acc = 0.7667, lr = 5.011873e-08] (16.3 samples/sec; 7.358 sec/batch)
(E:34, S:47) [loss_dt = 0.4754, loss_qp = 0.5071, total loss = -7.4607, acc = 0.8000, lr = 5.011873e-08] (18.0 samples/sec; 6.660 sec/batch)
(E:34, S:48) [loss_dt = 0.3142, loss_qp = 0.4218, total loss = -7.3159, acc = 0.8750, lr = 5.011873e-08] (19.9 samples/sec; 6.028 sec/batch)
(E:34, S:49) [loss_dt = 0.3518, loss_qp = 0.5160, total loss = -7.3232, acc = 0.8583, lr = 5.011873e-08] (22.0 samples/sec; 5.463 sec/batch)
(E:34, S:50) [loss_dt = 0.2814, loss_qp = 0.5512, total loss = -7.3895, acc = 0.8833, lr = 5.011873e-08] (24.2 samples/sec; 4.950 sec/batch)
(E:34, S:51) [loss_dt = 0.5216, loss_qp = 0.4631, total loss = -7.2930, acc = 0.7750, lr = 5.011873e-08] (26.8 samples/sec; 4.486 sec/batch)
PLCC: 0.4530, SROCC: 0.4092, Acc: 0.7641
(E:35, S:0) [loss_dt = 0.4464, loss_qp = 0.4819, total loss = -7.2419, acc = 0.8500, lr = 3.981071e-08] (7.0 samples/sec; 17.048 sec/batch)
(E:35, S:1) [loss_dt = 0.3629, loss_qp = 0.6053, total loss = -7.3893, acc = 0.8333, lr = 3.981071e-08] (7.8 samples/sec; 15.388 sec/batch)
(E:35, S:2) [loss_dt = 0.4256, loss_qp = 0.3993, total loss = -7.2068, acc = 0.8083, lr = 3.981071e-08] (8.6 samples/sec; 13.888 sec/batch)
(E:35, S:3) [loss_dt = 0.4922, loss_qp = 0.4563, total loss = -7.1213, acc = 0.8000, lr = 3.981071e-08] (9.6 samples/sec; 12.537 sec/batch)
(E:35, S:4) [loss_dt = 0.2267, loss_qp = 0.6074, total loss = -7.2976, acc = 0.8833, lr = 3.981071e-08] (10.6 samples/sec; 11.320 sec/batch)
(E:35, S:5) [loss_dt = 0.5782, loss_qp = 0.5292, total loss = -7.3039, acc = 0.7500, lr = 3.981071e-08] (11.0 samples/sec; 10.861 sec/batch)
(E:35, S:6) [loss_dt = 0.4429, loss_qp = 0.5383, total loss = -7.3367, acc = 0.7833, lr = 3.981071e-08] (11.2 samples/sec; 10.724 sec/batch)
(E:35, S:7) [loss_dt = 0.4231, loss_qp = 0.5790, total loss = -7.4291, acc = 0.8000, lr = 3.981071e-08] (11.3 samples/sec; 10.595 sec/batch)
(E:35, S:8) [loss_dt = 0.3934, loss_qp = 0.5449, total loss = -7.4642, acc = 0.8417, lr = 3.981071e-08] (11.5 samples/sec; 10.472 sec/batch)
(E:35, S:9) [loss_dt = 0.4510, loss_qp = 0.5624, total loss = -7.5163, acc = 0.8167, lr = 3.981071e-08] (11.6 samples/sec; 10.367 sec/batch)
(E:35, S:10) [loss_dt = 0.4019, loss_qp = 0.4000, total loss = -7.3245, acc = 0.8167, lr = 3.981071e-08] (11.7 samples/sec; 10.261 sec/batch)
(E:35, S:11) [loss_dt = 0.4811, loss_qp = 0.6094, total loss = -7.4580, acc = 0.8083, lr = 3.981071e-08] (11.8 samples/sec; 10.184 sec/batch)
(E:35, S:12) [loss_dt = 0.3906, loss_qp = 0.4802, total loss = -7.3935, acc = 0.8333, lr = 3.981071e-08] (11.9 samples/sec; 10.092 sec/batch)
(E:35, S:13) [loss_dt = 0.4298, loss_qp = 0.4229, total loss = -7.2456, acc = 0.7917, lr = 3.981071e-08] (12.0 samples/sec; 10.021 sec/batch)
(E:35, S:14) [loss_dt = 0.4922, loss_qp = 0.5124, total loss = -7.2404, acc = 0.7750, lr = 3.981071e-08] (12.0 samples/sec; 9.962 sec/batch)
(E:35, S:15) [loss_dt = 0.4535, loss_qp = 0.5798, total loss = -7.3407, acc = 0.8167, lr = 3.981071e-08] (12.1 samples/sec; 9.894 sec/batch)
(E:35, S:16) [loss_dt = 0.3066, loss_qp = 0.4948, total loss = -7.3182, acc = 0.9000, lr = 3.981071e-08] (12.2 samples/sec; 9.860 sec/batch)
(E:35, S:17) [loss_dt = 0.3277, loss_qp = 0.5236, total loss = -7.3390, acc = 0.8250, lr = 3.981071e-08] (12.2 samples/sec; 9.833 sec/batch)
(E:35, S:18) [loss_dt = 0.4349, loss_qp = 0.6077, total loss = -7.4731, acc = 0.8750, lr = 3.981071e-08] (12.3 samples/sec; 9.784 sec/batch)
(E:35, S:19) [loss_dt = 0.4918, loss_qp = 0.5805, total loss = -7.5474, acc = 0.7750, lr = 3.981071e-08] (12.3 samples/sec; 9.736 sec/batch)
(E:35, S:20) [loss_dt = 0.4510, loss_qp = 0.5332, total loss = -7.5473, acc = 0.8000, lr = 3.981071e-08] (12.4 samples/sec; 9.709 sec/batch)
(E:35, S:21) [loss_dt = 0.3947, loss_qp = 0.4621, total loss = -7.4463, acc = 0.8333, lr = 3.981071e-08] (12.4 samples/sec; 9.692 sec/batch)
(E:35, S:22) [loss_dt = 0.3741, loss_qp = 0.4807, total loss = -7.3853, acc = 0.8000, lr = 3.981071e-08] (12.4 samples/sec; 9.650 sec/batch)
(E:35, S:23) [loss_dt = 0.6112, loss_qp = 0.5057, total loss = -7.3443, acc = 0.7583, lr = 3.981071e-08] (12.5 samples/sec; 9.613 sec/batch)
(E:35, S:24) [loss_dt = 0.3447, loss_qp = 0.5284, total loss = -7.3679, acc = 0.8250, lr = 3.981071e-08] (12.5 samples/sec; 9.611 sec/batch)
(E:35, S:25) [loss_dt = 0.4588, loss_qp = 0.5599, total loss = -7.4251, acc = 0.8000, lr = 3.981071e-08] (12.5 samples/sec; 9.595 sec/batch)
(E:35, S:26) [loss_dt = 0.5022, loss_qp = 0.5659, total loss = -7.4813, acc = 0.7750, lr = 3.981071e-08] (12.5 samples/sec; 9.568 sec/batch)
(E:35, S:27) [loss_dt = 0.5187, loss_qp = 0.5785, total loss = -7.5490, acc = 0.8000, lr = 3.981071e-08] (12.6 samples/sec; 9.546 sec/batch)
(E:35, S:28) [loss_dt = 0.3932, loss_qp = 0.5498, total loss = -7.5795, acc = 0.8500, lr = 3.981071e-08] (12.6 samples/sec; 9.523 sec/batch)
(E:35, S:29) [loss_dt = 0.3187, loss_qp = 0.5509, total loss = -7.6159, acc = 0.8417, lr = 3.981071e-08] (12.6 samples/sec; 9.501 sec/batch)
(E:35, S:30) [loss_dt = 0.3516, loss_qp = 0.4034, total loss = -7.4243, acc = 0.8750, lr = 3.981071e-08] (12.7 samples/sec; 9.473 sec/batch)
(E:35, S:31) [loss_dt = 0.3746, loss_qp = 0.4970, total loss = -7.3899, acc = 0.8333, lr = 3.981071e-08] (12.7 samples/sec; 9.455 sec/batch)
(E:35, S:32) [loss_dt = 0.3879, loss_qp = 0.5794, total loss = -7.4811, acc = 0.8333, lr = 3.981071e-08] (12.7 samples/sec; 9.441 sec/batch)
(E:35, S:33) [loss_dt = 0.4432, loss_qp = 0.3736, total loss = -7.2491, acc = 0.8250, lr = 3.981071e-08] (12.7 samples/sec; 9.432 sec/batch)
(E:35, S:34) [loss_dt = 0.4905, loss_qp = 0.5791, total loss = -7.3438, acc = 0.8250, lr = 3.981071e-08] (12.7 samples/sec; 9.436 sec/batch)
(E:35, S:35) [loss_dt = 0.3527, loss_qp = 0.5258, total loss = -7.3628, acc = 0.8583, lr = 3.981071e-08] (12.7 samples/sec; 9.420 sec/batch)
(E:35, S:36) [loss_dt = 0.3948, loss_qp = 0.5733, total loss = -7.4471, acc = 0.8167, lr = 3.981071e-08] (12.8 samples/sec; 9.407 sec/batch)
(E:35, S:37) [loss_dt = 0.4619, loss_qp = 0.5200, total loss = -7.4361, acc = 0.8167, lr = 3.981071e-08] (12.8 samples/sec; 9.400 sec/batch)
(E:35, S:38) [loss_dt = 0.3445, loss_qp = 0.4221, total loss = -7.2912, acc = 0.8583, lr = 3.981071e-08] (12.8 samples/sec; 9.387 sec/batch)
(E:35, S:39) [loss_dt = 0.5412, loss_qp = 0.5075, total loss = -7.2691, acc = 0.7833, lr = 3.981071e-08] (12.8 samples/sec; 9.384 sec/batch)
(E:35, S:40) [loss_dt = 0.3772, loss_qp = 0.5356, total loss = -7.3079, acc = 0.8167, lr = 3.981071e-08] (12.8 samples/sec; 9.391 sec/batch)
(E:35, S:41) [loss_dt = 0.3215, loss_qp = 0.4167, total loss = -7.1700, acc = 0.8750, lr = 3.981071e-08] (12.8 samples/sec; 9.383 sec/batch)
(E:35, S:42) [loss_dt = 0.4503, loss_qp = 0.4957, total loss = -7.1515, acc = 0.7833, lr = 3.981071e-08] (12.8 samples/sec; 9.369 sec/batch)
(E:35, S:43) [loss_dt = 0.3344, loss_qp = 0.5786, total loss = -7.2708, acc = 0.8500, lr = 3.981071e-08] (12.8 samples/sec; 9.365 sec/batch)
(E:35, S:44) [loss_dt = 0.3227, loss_qp = 0.5322, total loss = -7.3098, acc = 0.8167, lr = 3.981071e-08] (13.5 samples/sec; 8.903 sec/batch)
(E:35, S:45) [loss_dt = 0.3589, loss_qp = 0.4260, total loss = -7.1819, acc = 0.8167, lr = 3.981071e-08] (14.9 samples/sec; 8.047 sec/batch)
(E:35, S:46) [loss_dt = 0.4372, loss_qp = 0.4138, total loss = -7.0407, acc = 0.8083, lr = 3.981071e-08] (16.5 samples/sec; 7.275 sec/batch)
(E:35, S:47) [loss_dt = 0.3963, loss_qp = 0.4913, total loss = -7.0341, acc = 0.8417, lr = 3.981071e-08] (18.2 samples/sec; 6.582 sec/batch)
(E:35, S:48) [loss_dt = 0.3735, loss_qp = 0.4694, total loss = -6.9974, acc = 0.8500, lr = 3.981071e-08] (20.1 samples/sec; 5.960 sec/batch)
(E:35, S:49) [loss_dt = 0.5024, loss_qp = 0.4680, total loss = -6.9494, acc = 0.8167, lr = 3.981071e-08] (22.2 samples/sec; 5.397 sec/batch)
(E:35, S:50) [loss_dt = 0.5658, loss_qp = 0.5868, total loss = -7.0781, acc = 0.7750, lr = 3.981071e-08] (24.5 samples/sec; 4.894 sec/batch)
(E:35, S:51) [loss_dt = 0.4919, loss_qp = 0.5560, total loss = -7.1551, acc = 0.8500, lr = 3.981071e-08] (27.0 samples/sec; 4.441 sec/batch)
PLCC: 0.4671, SROCC: 0.4247, Acc: 0.7660
(E:36, S:0) [loss_dt = 0.4076, loss_qp = 0.4328, total loss = -7.0481, acc = 0.8167, lr = 3.162277e-08] (7.0 samples/sec; 17.088 sec/batch)
(E:36, S:1) [loss_dt = 0.5751, loss_qp = 0.5518, total loss = -7.1134, acc = 0.7833, lr = 3.162277e-08] (7.8 samples/sec; 15.426 sec/batch)
(E:36, S:2) [loss_dt = 0.4853, loss_qp = 0.5457, total loss = -7.1721, acc = 0.7667, lr = 3.162277e-08] (8.6 samples/sec; 13.929 sec/batch)
(E:36, S:3) [loss_dt = 0.3297, loss_qp = 0.4571, total loss = -7.1076, acc = 0.8250, lr = 3.162277e-08] (9.5 samples/sec; 12.582 sec/batch)
(E:36, S:4) [loss_dt = 0.4770, loss_qp = 0.5961, total loss = -7.2432, acc = 0.7917, lr = 3.162277e-08] (10.6 samples/sec; 11.358 sec/batch)
(E:36, S:5) [loss_dt = 0.4804, loss_qp = 0.5023, total loss = -7.2242, acc = 0.8417, lr = 3.162277e-08] (11.1 samples/sec; 10.854 sec/batch)
(E:36, S:6) [loss_dt = 0.5411, loss_qp = 0.6917, total loss = -7.4852, acc = 0.7917, lr = 3.162277e-08] (11.2 samples/sec; 10.725 sec/batch)
(E:36, S:7) [loss_dt = 0.4138, loss_qp = 0.5943, total loss = -7.5868, acc = 0.8250, lr = 3.162277e-08] (11.3 samples/sec; 10.595 sec/batch)
(E:36, S:8) [loss_dt = 0.4334, loss_qp = 0.5509, total loss = -7.6112, acc = 0.8500, lr = 3.162277e-08] (11.5 samples/sec; 10.465 sec/batch)
(E:36, S:9) [loss_dt = 0.3827, loss_qp = 0.5012, total loss = -7.5636, acc = 0.7833, lr = 3.162277e-08] (11.6 samples/sec; 10.354 sec/batch)
(E:36, S:10) [loss_dt = 0.3545, loss_qp = 0.4208, total loss = -7.4029, acc = 0.8417, lr = 3.162277e-08] (11.7 samples/sec; 10.264 sec/batch)
(E:36, S:11) [loss_dt = 0.3924, loss_qp = 0.4567, total loss = -7.3085, acc = 0.8000, lr = 3.162277e-08] (11.8 samples/sec; 10.173 sec/batch)
(E:36, S:12) [loss_dt = 0.4459, loss_qp = 0.5618, total loss = -7.3757, acc = 0.7750, lr = 3.162277e-08] (11.9 samples/sec; 10.086 sec/batch)
(E:36, S:13) [loss_dt = 0.4781, loss_qp = 0.4617, total loss = -7.2830, acc = 0.8333, lr = 3.162277e-08] (12.0 samples/sec; 10.030 sec/batch)
(E:36, S:14) [loss_dt = 0.4941, loss_qp = 0.5752, total loss = -7.3680, acc = 0.7667, lr = 3.162277e-08] (12.0 samples/sec; 9.968 sec/batch)
(E:36, S:15) [loss_dt = 0.4184, loss_qp = 0.4712, total loss = -7.2962, acc = 0.8167, lr = 3.162277e-08] (12.1 samples/sec; 9.912 sec/batch)
(E:36, S:16) [loss_dt = 0.4756, loss_qp = 0.6055, total loss = -7.4272, acc = 0.8333, lr = 3.162277e-08] (12.2 samples/sec; 9.867 sec/batch)
(E:36, S:17) [loss_dt = 0.3714, loss_qp = 0.6333, total loss = -7.5973, acc = 0.8333, lr = 3.162277e-08] (12.2 samples/sec; 9.829 sec/batch)
(E:36, S:18) [loss_dt = 0.4565, loss_qp = 0.4612, total loss = -7.4837, acc = 0.7917, lr = 3.162277e-08] (12.3 samples/sec; 9.788 sec/batch)
(E:36, S:19) [loss_dt = 0.4451, loss_qp = 0.5878, total loss = -7.5725, acc = 0.8167, lr = 3.162277e-08] (12.3 samples/sec; 9.740 sec/batch)
(E:36, S:20) [loss_dt = 0.3338, loss_qp = 0.4313, total loss = -7.4288, acc = 0.8750, lr = 3.162277e-08] (12.4 samples/sec; 9.700 sec/batch)
(E:36, S:21) [loss_dt = 0.4157, loss_qp = 0.5346, total loss = -7.4463, acc = 0.8000, lr = 3.162277e-08] (12.4 samples/sec; 9.664 sec/batch)
(E:36, S:22) [loss_dt = 0.4311, loss_qp = 0.5040, total loss = -7.4145, acc = 0.7750, lr = 3.162277e-08] (12.4 samples/sec; 9.645 sec/batch)
(E:36, S:23) [loss_dt = 0.4933, loss_qp = 0.6090, total loss = -7.5372, acc = 0.8000, lr = 3.162277e-08] (12.5 samples/sec; 9.618 sec/batch)
(E:36, S:24) [loss_dt = 0.3597, loss_qp = 0.5728, total loss = -7.6067, acc = 0.8583, lr = 3.162277e-08] (12.5 samples/sec; 9.599 sec/batch)
(E:36, S:25) [loss_dt = 0.4014, loss_qp = 0.6046, total loss = -7.7129, acc = 0.8000, lr = 3.162277e-08] (12.5 samples/sec; 9.570 sec/batch)
(E:36, S:26) [loss_dt = 0.5235, loss_qp = 0.5877, total loss = -7.7708, acc = 0.7750, lr = 3.162277e-08] (12.6 samples/sec; 9.540 sec/batch)
(E:36, S:27) [loss_dt = 0.4162, loss_qp = 0.4821, total loss = -7.6753, acc = 0.8333, lr = 3.162277e-08] (12.6 samples/sec; 9.530 sec/batch)
(E:36, S:28) [loss_dt = 0.4184, loss_qp = 0.5518, total loss = -7.6936, acc = 0.8333, lr = 3.162277e-08] (12.6 samples/sec; 9.518 sec/batch)
(E:36, S:29) [loss_dt = 0.4342, loss_qp = 0.4243, total loss = -7.5173, acc = 0.7833, lr = 3.162277e-08] (12.6 samples/sec; 9.502 sec/batch)
(E:36, S:30) [loss_dt = 0.4699, loss_qp = 0.4578, total loss = -7.4053, acc = 0.7917, lr = 3.162277e-08] (12.6 samples/sec; 9.489 sec/batch)
(E:36, S:31) [loss_dt = 0.3782, loss_qp = 0.5512, total loss = -7.4537, acc = 0.7917, lr = 3.162277e-08] (12.6 samples/sec; 9.495 sec/batch)
(E:36, S:32) [loss_dt = 0.3260, loss_qp = 0.5041, total loss = -7.4318, acc = 0.8333, lr = 3.162277e-08] (12.7 samples/sec; 9.478 sec/batch)
(E:36, S:33) [loss_dt = 0.3606, loss_qp = 0.5438, total loss = -7.4682, acc = 0.8667, lr = 3.162277e-08] (12.7 samples/sec; 9.470 sec/batch)
(E:36, S:34) [loss_dt = 0.3949, loss_qp = 0.4497, total loss = -7.3565, acc = 0.8333, lr = 3.162277e-08] (12.7 samples/sec; 9.480 sec/batch)
(E:36, S:35) [loss_dt = 0.4387, loss_qp = 0.5618, total loss = -7.4197, acc = 0.7833, lr = 3.162277e-08] (12.7 samples/sec; 9.475 sec/batch)
(E:36, S:36) [loss_dt = 0.4757, loss_qp = 0.5406, total loss = -7.4410, acc = 0.8000, lr = 3.162277e-08] (12.7 samples/sec; 9.464 sec/batch)
(E:36, S:37) [loss_dt = 0.3924, loss_qp = 0.4937, total loss = -7.3982, acc = 0.8417, lr = 3.162277e-08] (12.7 samples/sec; 9.459 sec/batch)
(E:36, S:38) [loss_dt = 0.3866, loss_qp = 0.4860, total loss = -7.3487, acc = 0.8000, lr = 3.162277e-08] (12.7 samples/sec; 9.432 sec/batch)
(E:36, S:39) [loss_dt = 0.3820, loss_qp = 0.5684, total loss = -7.4283, acc = 0.8250, lr = 3.162277e-08] (12.7 samples/sec; 9.444 sec/batch)
(E:36, S:40) [loss_dt = 0.4949, loss_qp = 0.5170, total loss = -7.4114, acc = 0.7833, lr = 3.162277e-08] (12.7 samples/sec; 9.440 sec/batch)
(E:36, S:41) [loss_dt = 0.3477, loss_qp = 0.5775, total loss = -7.5018, acc = 0.7917, lr = 3.162277e-08] (12.7 samples/sec; 9.470 sec/batch)
(E:36, S:42) [loss_dt = 0.4280, loss_qp = 0.6210, total loss = -7.6404, acc = 0.8083, lr = 3.162277e-08] (12.7 samples/sec; 9.447 sec/batch)
(E:36, S:43) [loss_dt = 0.5044, loss_qp = 0.5009, total loss = -7.5772, acc = 0.8000, lr = 3.162277e-08] (12.7 samples/sec; 9.452 sec/batch)
(E:36, S:44) [loss_dt = 0.3960, loss_qp = 0.5124, total loss = -7.5485, acc = 0.8250, lr = 3.162277e-08] (13.4 samples/sec; 8.984 sec/batch)
(E:36, S:45) [loss_dt = 0.4242, loss_qp = 0.5483, total loss = -7.5737, acc = 0.8167, lr = 3.162277e-08] (14.8 samples/sec; 8.119 sec/batch)
(E:36, S:46) [loss_dt = 0.3610, loss_qp = 0.4884, total loss = -7.5128, acc = 0.8417, lr = 3.162277e-08] (16.4 samples/sec; 7.339 sec/batch)
(E:36, S:47) [loss_dt = 0.4805, loss_qp = 0.5666, total loss = -7.5633, acc = 0.8250, lr = 3.162277e-08] (18.1 samples/sec; 6.640 sec/batch)
(E:36, S:48) [loss_dt = 0.3182, loss_qp = 0.4641, total loss = -7.4714, acc = 0.8500, lr = 3.162277e-08] (20.0 samples/sec; 6.010 sec/batch)
(E:36, S:49) [loss_dt = 0.4299, loss_qp = 0.6015, total loss = -7.5834, acc = 0.8167, lr = 3.162277e-08] (22.0 samples/sec; 5.442 sec/batch)
(E:36, S:50) [loss_dt = 0.4627, loss_qp = 0.5243, total loss = -7.5653, acc = 0.8250, lr = 3.162277e-08] (24.3 samples/sec; 4.935 sec/batch)
(E:36, S:51) [loss_dt = 0.3562, loss_qp = 0.5496, total loss = -7.5976, acc = 0.8417, lr = 3.162277e-08] (26.8 samples/sec; 4.479 sec/batch)
PLCC: 0.4516, SROCC: 0.4160, Acc: 0.7449
(E:37, S:0) [loss_dt = 0.5973, loss_qp = 0.5558, total loss = -7.6118, acc = 0.7583, lr = 2.511888e-08] (7.0 samples/sec; 17.118 sec/batch)
(E:37, S:1) [loss_dt = 0.4297, loss_qp = 0.4505, total loss = -7.4834, acc = 0.7917, lr = 2.511888e-08] (7.8 samples/sec; 15.451 sec/batch)
(E:37, S:2) [loss_dt = 0.3991, loss_qp = 0.5108, total loss = -7.4613, acc = 0.8167, lr = 2.511888e-08] (8.6 samples/sec; 13.944 sec/batch)
(E:37, S:3) [loss_dt = 0.3704, loss_qp = 0.5816, total loss = -7.5505, acc = 0.8500, lr = 2.511888e-08] (9.5 samples/sec; 12.583 sec/batch)
(E:37, S:4) [loss_dt = 0.3979, loss_qp = 0.4740, total loss = -7.4666, acc = 0.8250, lr = 2.511888e-08] (10.6 samples/sec; 11.358 sec/batch)
(E:37, S:5) [loss_dt = 0.2965, loss_qp = 0.6002, total loss = -7.5907, acc = 0.8833, lr = 2.511888e-08] (11.0 samples/sec; 10.930 sec/batch)
(E:37, S:6) [loss_dt = 0.3581, loss_qp = 0.4852, total loss = -7.5236, acc = 0.8417, lr = 2.511888e-08] (11.1 samples/sec; 10.785 sec/batch)
(E:37, S:7) [loss_dt = 0.4300, loss_qp = 0.5924, total loss = -7.6168, acc = 0.8250, lr = 2.511888e-08] (11.3 samples/sec; 10.641 sec/batch)
(E:37, S:8) [loss_dt = 0.3889, loss_qp = 0.5136, total loss = -7.5866, acc = 0.8500, lr = 2.511888e-08] (11.4 samples/sec; 10.503 sec/batch)
(E:37, S:9) [loss_dt = 0.4648, loss_qp = 0.6040, total loss = -7.6874, acc = 0.8000, lr = 2.511888e-08] (11.5 samples/sec; 10.390 sec/batch)
(E:37, S:10) [loss_dt = 0.3170, loss_qp = 0.5472, total loss = -7.7078, acc = 0.8667, lr = 2.511888e-08] (11.7 samples/sec; 10.296 sec/batch)
(E:37, S:11) [loss_dt = 0.4121, loss_qp = 0.5661, total loss = -7.7449, acc = 0.8583, lr = 2.511888e-08] (11.7 samples/sec; 10.215 sec/batch)
(E:37, S:12) [loss_dt = 0.5288, loss_qp = 0.4479, total loss = -7.5895, acc = 0.7750, lr = 2.511888e-08] (11.8 samples/sec; 10.128 sec/batch)
(E:37, S:13) [loss_dt = 0.4340, loss_qp = 0.6017, total loss = -7.6897, acc = 0.8000, lr = 2.511888e-08] (11.9 samples/sec; 10.047 sec/batch)
(E:37, S:14) [loss_dt = 0.4737, loss_qp = 0.4507, total loss = -7.5494, acc = 0.8083, lr = 2.511888e-08] (12.0 samples/sec; 10.006 sec/batch)
(E:37, S:15) [loss_dt = 0.4940, loss_qp = 0.5735, total loss = -7.6053, acc = 0.8000, lr = 2.511888e-08] (12.1 samples/sec; 9.937 sec/batch)
(E:37, S:16) [loss_dt = 0.5375, loss_qp = 0.5299, total loss = -7.5859, acc = 0.7917, lr = 2.511888e-08] (12.1 samples/sec; 9.892 sec/batch)
(E:37, S:17) [loss_dt = 0.3732, loss_qp = 0.4809, total loss = -7.5113, acc = 0.8333, lr = 2.511888e-08] (12.2 samples/sec; 9.842 sec/batch)
(E:37, S:18) [loss_dt = 0.3947, loss_qp = 0.5113, total loss = -7.4877, acc = 0.8250, lr = 2.511888e-08] (12.2 samples/sec; 9.801 sec/batch)
(E:37, S:19) [loss_dt = 0.5445, loss_qp = 0.5520, total loss = -7.5126, acc = 0.8250, lr = 2.511888e-08] (12.3 samples/sec; 9.749 sec/batch)
(E:37, S:20) [loss_dt = 0.3592, loss_qp = 0.6174, total loss = -7.6514, acc = 0.8333, lr = 2.511888e-08] (12.4 samples/sec; 9.715 sec/batch)
(E:37, S:21) [loss_dt = 0.5763, loss_qp = 0.4474, total loss = -7.4998, acc = 0.7750, lr = 2.511888e-08] (12.4 samples/sec; 9.677 sec/batch)
(E:37, S:22) [loss_dt = 0.5348, loss_qp = 0.4584, total loss = -7.3839, acc = 0.7583, lr = 2.511888e-08] (12.4 samples/sec; 9.660 sec/batch)
(E:37, S:23) [loss_dt = 0.5577, loss_qp = 0.4387, total loss = -7.2478, acc = 0.7917, lr = 2.511888e-08] (12.5 samples/sec; 9.620 sec/batch)
(E:37, S:24) [loss_dt = 0.4884, loss_qp = 0.5198, total loss = -7.2538, acc = 0.8167, lr = 2.511888e-08] (12.5 samples/sec; 9.602 sec/batch)
(E:37, S:25) [loss_dt = 0.4483, loss_qp = 0.5002, total loss = -7.2340, acc = 0.8250, lr = 2.511888e-08] (12.6 samples/sec; 9.559 sec/batch)
(E:37, S:26) [loss_dt = 0.2949, loss_qp = 0.4200, total loss = -7.1110, acc = 0.8917, lr = 2.511888e-08] (12.6 samples/sec; 9.538 sec/batch)
(E:37, S:27) [loss_dt = 0.3997, loss_qp = 0.5099, total loss = -7.1249, acc = 0.7917, lr = 2.511888e-08] (12.6 samples/sec; 9.533 sec/batch)
(E:37, S:28) [loss_dt = 0.4108, loss_qp = 0.6319, total loss = -7.3192, acc = 0.7917, lr = 2.511888e-08] (12.6 samples/sec; 9.526 sec/batch)
(E:37, S:29) [loss_dt = 0.4109, loss_qp = 0.5606, total loss = -7.3870, acc = 0.8250, lr = 2.511888e-08] (12.6 samples/sec; 9.520 sec/batch)
(E:37, S:30) [loss_dt = 0.3793, loss_qp = 0.5175, total loss = -7.3867, acc = 0.8583, lr = 2.511888e-08] (12.6 samples/sec; 9.515 sec/batch)
(E:37, S:31) [loss_dt = 0.3746, loss_qp = 0.4855, total loss = -7.3388, acc = 0.8417, lr = 2.511888e-08] (12.6 samples/sec; 9.490 sec/batch)
(E:37, S:32) [loss_dt = 0.4349, loss_qp = 0.5659, total loss = -7.4103, acc = 0.8000, lr = 2.511888e-08] (12.7 samples/sec; 9.480 sec/batch)
(E:37, S:33) [loss_dt = 0.4239, loss_qp = 0.5894, total loss = -7.5111, acc = 0.7917, lr = 2.511888e-08] (12.7 samples/sec; 9.475 sec/batch)
(E:37, S:34) [loss_dt = 0.4173, loss_qp = 0.5970, total loss = -7.6137, acc = 0.8333, lr = 2.511888e-08] (12.7 samples/sec; 9.470 sec/batch)
(E:37, S:35) [loss_dt = 0.3630, loss_qp = 0.4819, total loss = -7.5390, acc = 0.8667, lr = 2.511888e-08] (12.7 samples/sec; 9.460 sec/batch)
(E:37, S:36) [loss_dt = 0.3696, loss_qp = 0.5093, total loss = -7.5121, acc = 0.8583, lr = 2.511888e-08] (12.7 samples/sec; 9.449 sec/batch)
(E:37, S:37) [loss_dt = 0.4914, loss_qp = 0.5973, total loss = -7.6077, acc = 0.7750, lr = 2.511888e-08] (12.7 samples/sec; 9.453 sec/batch)
(E:37, S:38) [loss_dt = 0.2994, loss_qp = 0.4872, total loss = -7.5478, acc = 0.9083, lr = 2.511888e-08] (12.7 samples/sec; 9.438 sec/batch)
(E:37, S:39) [loss_dt = 0.5193, loss_qp = 0.5731, total loss = -7.6007, acc = 0.7500, lr = 2.511888e-08] (12.7 samples/sec; 9.438 sec/batch)
(E:37, S:40) [loss_dt = 0.5022, loss_qp = 0.4573, total loss = -7.4763, acc = 0.7917, lr = 2.511888e-08] (12.7 samples/sec; 9.442 sec/batch)
(E:37, S:41) [loss_dt = 0.4588, loss_qp = 0.6594, total loss = -7.6719, acc = 0.8083, lr = 2.511888e-08] (12.7 samples/sec; 9.434 sec/batch)
(E:37, S:42) [loss_dt = 0.4242, loss_qp = 0.3864, total loss = -7.4420, acc = 0.8000, lr = 2.511888e-08] (12.7 samples/sec; 9.449 sec/batch)
(E:37, S:43) [loss_dt = 0.4218, loss_qp = 0.4417, total loss = -7.3181, acc = 0.7750, lr = 2.511888e-08] (12.7 samples/sec; 9.440 sec/batch)
(E:37, S:44) [loss_dt = 0.4590, loss_qp = 0.5017, total loss = -7.2929, acc = 0.7667, lr = 2.511888e-08] (13.4 samples/sec; 8.971 sec/batch)
(E:37, S:45) [loss_dt = 0.2630, loss_qp = 0.5226, total loss = -7.3213, acc = 0.8750, lr = 2.511888e-08] (14.8 samples/sec; 8.105 sec/batch)
(E:37, S:46) [loss_dt = 0.4961, loss_qp = 0.4887, total loss = -7.2726, acc = 0.8000, lr = 2.511888e-08] (16.4 samples/sec; 7.327 sec/batch)
(E:37, S:47) [loss_dt = 0.3601, loss_qp = 0.6340, total loss = -7.4604, acc = 0.8833, lr = 2.511888e-08] (18.1 samples/sec; 6.627 sec/batch)
(E:37, S:48) [loss_dt = 0.4510, loss_qp = 0.5070, total loss = -7.4297, acc = 0.8000, lr = 2.511888e-08] (20.0 samples/sec; 5.997 sec/batch)
(E:37, S:49) [loss_dt = 0.5793, loss_qp = 0.5665, total loss = -7.4786, acc = 0.7583, lr = 2.511888e-08] (22.1 samples/sec; 5.430 sec/batch)
(E:37, S:50) [loss_dt = 0.4599, loss_qp = 0.4945, total loss = -7.4264, acc = 0.8000, lr = 2.511888e-08] (24.4 samples/sec; 4.917 sec/batch)
(E:37, S:51) [loss_dt = 0.3243, loss_qp = 0.5245, total loss = -7.4382, acc = 0.8333, lr = 2.511888e-08] (26.9 samples/sec; 4.459 sec/batch)
PLCC: 0.4361, SROCC: 0.3953, Acc: 0.7692
(E:38, S:0) [loss_dt = 0.3613, loss_qp = 0.4686, total loss = -7.3611, acc = 0.8167, lr = 1.995261e-08] (7.0 samples/sec; 17.023 sec/batch)
(E:38, S:1) [loss_dt = 0.3763, loss_qp = 0.4644, total loss = -7.2840, acc = 0.8583, lr = 1.995261e-08] (7.8 samples/sec; 15.365 sec/batch)
(E:38, S:2) [loss_dt = 0.4412, loss_qp = 0.4111, total loss = -7.1281, acc = 0.8167, lr = 1.995261e-08] (8.6 samples/sec; 13.881 sec/batch)
(E:38, S:3) [loss_dt = 0.4244, loss_qp = 0.4845, total loss = -7.0996, acc = 0.8250, lr = 1.995261e-08] (9.6 samples/sec; 12.546 sec/batch)
(E:38, S:4) [loss_dt = 0.3995, loss_qp = 0.5226, total loss = -7.1336, acc = 0.8167, lr = 1.995261e-08] (10.6 samples/sec; 11.327 sec/batch)
(E:38, S:5) [loss_dt = 0.4277, loss_qp = 0.5826, total loss = -7.2514, acc = 0.8000, lr = 1.995261e-08] (11.0 samples/sec; 10.915 sec/batch)
(E:38, S:6) [loss_dt = 0.5071, loss_qp = 0.5856, total loss = -7.3539, acc = 0.7667, lr = 1.995261e-08] (11.1 samples/sec; 10.766 sec/batch)
(E:38, S:7) [loss_dt = 0.4377, loss_qp = 0.4760, total loss = -7.2887, acc = 0.8083, lr = 1.995261e-08] (11.3 samples/sec; 10.630 sec/batch)
(E:38, S:8) [loss_dt = 0.4685, loss_qp = 0.5479, total loss = -7.3349, acc = 0.7917, lr = 1.995261e-08] (11.4 samples/sec; 10.493 sec/batch)
(E:38, S:9) [loss_dt = 0.3447, loss_qp = 0.5870, total loss = -7.4474, acc = 0.8500, lr = 1.995261e-08] (11.6 samples/sec; 10.379 sec/batch)
(E:38, S:10) [loss_dt = 0.5092, loss_qp = 0.4589, total loss = -7.3401, acc = 0.8167, lr = 1.995261e-08] (11.6 samples/sec; 10.306 sec/batch)
(E:38, S:11) [loss_dt = 0.3431, loss_qp = 0.5055, total loss = -7.3301, acc = 0.8333, lr = 1.995261e-08] (11.8 samples/sec; 10.207 sec/batch)
(E:38, S:12) [loss_dt = 0.2950, loss_qp = 0.5254, total loss = -7.3556, acc = 0.8583, lr = 1.995261e-08] (11.9 samples/sec; 10.111 sec/batch)
(E:38, S:13) [loss_dt = 0.4749, loss_qp = 0.5557, total loss = -7.4061, acc = 0.8250, lr = 1.995261e-08] (11.9 samples/sec; 10.044 sec/batch)
(E:38, S:14) [loss_dt = 0.4388, loss_qp = 0.5942, total loss = -7.5129, acc = 0.8167, lr = 1.995261e-08] (12.0 samples/sec; 9.987 sec/batch)
(E:38, S:15) [loss_dt = 0.4331, loss_qp = 0.6315, total loss = -7.6655, acc = 0.8333, lr = 1.995261e-08] (12.1 samples/sec; 9.923 sec/batch)
(E:38, S:16) [loss_dt = 0.4858, loss_qp = 0.5450, total loss = -7.6678, acc = 0.7833, lr = 1.995261e-08] (12.1 samples/sec; 9.884 sec/batch)
(E:38, S:17) [loss_dt = 0.4354, loss_qp = 0.5930, total loss = -7.7470, acc = 0.7833, lr = 1.995261e-08] (12.2 samples/sec; 9.855 sec/batch)
(E:38, S:18) [loss_dt = 0.5835, loss_qp = 0.5556, total loss = -7.7473, acc = 0.8083, lr = 1.995261e-08] (12.2 samples/sec; 9.808 sec/batch)
(E:38, S:19) [loss_dt = 0.4684, loss_qp = 0.4938, total loss = -7.6665, acc = 0.8167, lr = 1.995261e-08] (12.3 samples/sec; 9.765 sec/batch)
(E:38, S:20) [loss_dt = 0.5408, loss_qp = 0.5913, total loss = -7.7326, acc = 0.8333, lr = 1.995261e-08] (12.3 samples/sec; 9.725 sec/batch)
(E:38, S:21) [loss_dt = 0.4599, loss_qp = 0.4630, total loss = -7.6079, acc = 0.8000, lr = 1.995261e-08] (12.4 samples/sec; 9.686 sec/batch)
(E:38, S:22) [loss_dt = 0.5657, loss_qp = 0.4189, total loss = -7.4189, acc = 0.7833, lr = 1.995261e-08] (12.4 samples/sec; 9.648 sec/batch)
(E:38, S:23) [loss_dt = 0.4295, loss_qp = 0.6349, total loss = -7.5863, acc = 0.8417, lr = 1.995261e-08] (12.5 samples/sec; 9.614 sec/batch)
(E:38, S:24) [loss_dt = 0.4309, loss_qp = 0.5469, total loss = -7.6049, acc = 0.8083, lr = 1.995261e-08] (12.5 samples/sec; 9.593 sec/batch)
(E:38, S:25) [loss_dt = 0.3732, loss_qp = 0.5421, total loss = -7.6203, acc = 0.8417, lr = 1.995261e-08] (12.6 samples/sec; 9.560 sec/batch)
(E:38, S:26) [loss_dt = 0.4422, loss_qp = 0.6255, total loss = -7.7523, acc = 0.8000, lr = 1.995261e-08] (12.6 samples/sec; 9.535 sec/batch)
(E:38, S:27) [loss_dt = 0.3092, loss_qp = 0.6003, total loss = -7.8466, acc = 0.8833, lr = 1.995261e-08] (12.6 samples/sec; 9.513 sec/batch)
(E:38, S:28) [loss_dt = 0.4296, loss_qp = 0.5517, total loss = -7.8466, acc = 0.8083, lr = 1.995261e-08] (12.6 samples/sec; 9.506 sec/batch)
(E:38, S:29) [loss_dt = 0.2232, loss_qp = 0.5103, total loss = -7.8050, acc = 0.8750, lr = 1.995261e-08] (12.6 samples/sec; 9.499 sec/batch)
(E:38, S:30) [loss_dt = 0.3196, loss_qp = 0.4931, total loss = -7.7322, acc = 0.8333, lr = 1.995261e-08] (12.7 samples/sec; 9.481 sec/batch)
(E:38, S:31) [loss_dt = 0.4365, loss_qp = 0.5072, total loss = -7.6761, acc = 0.8500, lr = 1.995261e-08] (12.6 samples/sec; 9.508 sec/batch)
(E:38, S:32) [loss_dt = 0.4602, loss_qp = 0.6182, total loss = -7.7898, acc = 0.8083, lr = 1.995261e-08] (12.7 samples/sec; 9.485 sec/batch)
(E:38, S:33) [loss_dt = 0.4523, loss_qp = 0.4422, total loss = -7.6290, acc = 0.8083, lr = 1.995261e-08] (12.7 samples/sec; 9.474 sec/batch)
(E:38, S:34) [loss_dt = 0.4574, loss_qp = 0.5678, total loss = -7.6720, acc = 0.7917, lr = 1.995261e-08] (12.7 samples/sec; 9.472 sec/batch)
(E:38, S:35) [loss_dt = 0.4442, loss_qp = 0.6247, total loss = -7.7974, acc = 0.8083, lr = 1.995261e-08] (12.7 samples/sec; 9.457 sec/batch)
(E:38, S:36) [loss_dt = 0.4280, loss_qp = 0.5871, total loss = -7.8555, acc = 0.8333, lr = 1.995261e-08] (12.7 samples/sec; 9.439 sec/batch)
(E:38, S:37) [loss_dt = 0.3837, loss_qp = 0.3809, total loss = -7.6029, acc = 0.8583, lr = 1.995261e-08] (12.7 samples/sec; 9.431 sec/batch)
(E:38, S:38) [loss_dt = 0.2934, loss_qp = 0.6172, total loss = -7.7391, acc = 0.8333, lr = 1.995261e-08] (12.7 samples/sec; 9.413 sec/batch)
(E:38, S:39) [loss_dt = 0.4281, loss_qp = 0.6057, total loss = -7.8310, acc = 0.8000, lr = 1.995261e-08] (12.8 samples/sec; 9.407 sec/batch)
(E:38, S:40) [loss_dt = 0.5018, loss_qp = 0.5552, total loss = -7.8306, acc = 0.7833, lr = 1.995261e-08] (12.8 samples/sec; 9.402 sec/batch)
(E:38, S:41) [loss_dt = 0.4447, loss_qp = 0.5853, total loss = -7.8811, acc = 0.7917, lr = 1.995261e-08] (12.7 samples/sec; 9.426 sec/batch)
(E:38, S:42) [loss_dt = 0.4020, loss_qp = 0.5456, total loss = -7.8711, acc = 0.8250, lr = 1.995261e-08] (12.7 samples/sec; 9.421 sec/batch)
(E:38, S:43) [loss_dt = 0.4214, loss_qp = 0.3764, total loss = -7.6065, acc = 0.8417, lr = 1.995261e-08] (12.7 samples/sec; 9.413 sec/batch)
(E:38, S:44) [loss_dt = 0.5712, loss_qp = 0.5046, total loss = -7.5456, acc = 0.7833, lr = 1.995261e-08] (13.4 samples/sec; 8.948 sec/batch)
(E:38, S:45) [loss_dt = 0.4440, loss_qp = 0.4774, total loss = -7.4627, acc = 0.8250, lr = 1.995261e-08] (14.8 samples/sec; 8.083 sec/batch)
(E:38, S:46) [loss_dt = 0.4331, loss_qp = 0.5064, total loss = -7.4327, acc = 0.8250, lr = 1.995261e-08] (16.4 samples/sec; 7.308 sec/batch)
(E:38, S:47) [loss_dt = 0.5196, loss_qp = 0.5307, total loss = -7.4336, acc = 0.8000, lr = 1.995261e-08] (18.1 samples/sec; 6.613 sec/batch)
(E:38, S:48) [loss_dt = 0.4881, loss_qp = 0.6242, total loss = -7.5777, acc = 0.7667, lr = 1.995261e-08] (20.1 samples/sec; 5.982 sec/batch)
(E:38, S:49) [loss_dt = 0.4104, loss_qp = 0.4364, total loss = -7.4334, acc = 0.8333, lr = 1.995261e-08] (22.1 samples/sec; 5.421 sec/batch)
(E:38, S:50) [loss_dt = 0.3647, loss_qp = 0.4714, total loss = -7.3607, acc = 0.8417, lr = 1.995261e-08] (24.4 samples/sec; 4.913 sec/batch)
(E:38, S:51) [loss_dt = 0.3842, loss_qp = 0.5482, total loss = -7.4085, acc = 0.7917, lr = 1.995261e-08] (26.9 samples/sec; 4.459 sec/batch)
PLCC: 0.4650, SROCC: 0.4243, Acc: 0.7538
(E:39, S:0) [loss_dt = 0.4749, loss_qp = 0.4485, total loss = -7.2929, acc = 0.7833, lr = 1.584894e-08] (7.0 samples/sec; 17.092 sec/batch)
(E:39, S:1) [loss_dt = 0.3551, loss_qp = 0.5935, total loss = -7.4184, acc = 0.8500, lr = 1.584894e-08] (7.8 samples/sec; 15.424 sec/batch)
(E:39, S:2) [loss_dt = 0.4705, loss_qp = 0.4860, total loss = -7.3586, acc = 0.7833, lr = 1.584894e-08] (8.6 samples/sec; 13.929 sec/batch)
(E:39, S:3) [loss_dt = 0.3671, loss_qp = 0.5348, total loss = -7.3883, acc = 0.8583, lr = 1.584894e-08] (9.5 samples/sec; 12.572 sec/batch)
(E:39, S:4) [loss_dt = 0.3840, loss_qp = 0.5019, total loss = -7.3639, acc = 0.8417, lr = 1.584894e-08] (10.6 samples/sec; 11.350 sec/batch)
(E:39, S:5) [loss_dt = 0.4087, loss_qp = 0.5491, total loss = -7.4103, acc = 0.8250, lr = 1.584894e-08] (11.0 samples/sec; 10.889 sec/batch)
(E:39, S:6) [loss_dt = 0.4828, loss_qp = 0.4913, total loss = -7.3579, acc = 0.8333, lr = 1.584894e-08] (11.2 samples/sec; 10.736 sec/batch)
(E:39, S:7) [loss_dt = 0.3540, loss_qp = 0.5624, total loss = -7.4303, acc = 0.8250, lr = 1.584894e-08] (11.3 samples/sec; 10.598 sec/batch)
(E:39, S:8) [loss_dt = 0.5708, loss_qp = 0.4697, total loss = -7.3348, acc = 0.7583, lr = 1.584894e-08] (11.5 samples/sec; 10.472 sec/batch)
(E:39, S:9) [loss_dt = 0.3933, loss_qp = 0.5623, total loss = -7.4054, acc = 0.8250, lr = 1.584894e-08] (11.6 samples/sec; 10.354 sec/batch)
(E:39, S:10) [loss_dt = 0.4246, loss_qp = 0.4717, total loss = -7.3299, acc = 0.8417, lr = 1.584894e-08] (11.7 samples/sec; 10.259 sec/batch)
(E:39, S:11) [loss_dt = 0.4061, loss_qp = 0.5398, total loss = -7.3660, acc = 0.8000, lr = 1.584894e-08] (11.8 samples/sec; 10.190 sec/batch)
(E:39, S:12) [loss_dt = 0.4443, loss_qp = 0.4939, total loss = -7.3258, acc = 0.7583, lr = 1.584894e-08] (11.9 samples/sec; 10.100 sec/batch)
(E:39, S:13) [loss_dt = 0.4078, loss_qp = 0.5802, total loss = -7.4228, acc = 0.8250, lr = 1.584894e-08] (12.0 samples/sec; 10.033 sec/batch)
(E:39, S:14) [loss_dt = 0.4720, loss_qp = 0.4866, total loss = -7.3633, acc = 0.7750, lr = 1.584894e-08] (12.0 samples/sec; 9.976 sec/batch)
(E:39, S:15) [loss_dt = 0.3813, loss_qp = 0.5295, total loss = -7.3831, acc = 0.8500, lr = 1.584894e-08] (12.1 samples/sec; 9.912 sec/batch)
(E:39, S:16) [loss_dt = 0.4264, loss_qp = 0.5409, total loss = -7.4134, acc = 0.8333, lr = 1.584894e-08] (12.2 samples/sec; 9.874 sec/batch)
(E:39, S:17) [loss_dt = 0.4803, loss_qp = 0.5605, total loss = -7.4648, acc = 0.7833, lr = 1.584894e-08] (12.2 samples/sec; 9.831 sec/batch)
(E:39, S:18) [loss_dt = 0.4820, loss_qp = 0.6025, total loss = -7.5739, acc = 0.8250, lr = 1.584894e-08] (12.2 samples/sec; 9.848 sec/batch)
(E:39, S:19) [loss_dt = 0.3178, loss_qp = 0.5327, total loss = -7.5839, acc = 0.8500, lr = 1.584894e-08] (12.3 samples/sec; 9.789 sec/batch)
(E:39, S:20) [loss_dt = 0.3688, loss_qp = 0.5841, total loss = -7.6647, acc = 0.8250, lr = 1.584894e-08] (12.3 samples/sec; 9.745 sec/batch)
(E:39, S:21) [loss_dt = 0.4159, loss_qp = 0.5575, total loss = -7.6929, acc = 0.8417, lr = 1.584894e-08] (12.4 samples/sec; 9.701 sec/batch)
(E:39, S:22) [loss_dt = 0.4878, loss_qp = 0.5276, total loss = -7.6662, acc = 0.8083, lr = 1.584894e-08] (12.4 samples/sec; 9.661 sec/batch)
(E:39, S:23) [loss_dt = 0.3895, loss_qp = 0.5028, total loss = -7.6148, acc = 0.8333, lr = 1.584894e-08] (12.5 samples/sec; 9.628 sec/batch)
(E:39, S:24) [loss_dt = 0.3591, loss_qp = 0.5918, total loss = -7.7052, acc = 0.8667, lr = 1.584894e-08] (12.5 samples/sec; 9.601 sec/batch)
(E:39, S:25) [loss_dt = 0.4615, loss_qp = 0.4767, total loss = -7.6036, acc = 0.8083, lr = 1.584894e-08] (12.5 samples/sec; 9.569 sec/batch)
(E:39, S:26) [loss_dt = 0.3935, loss_qp = 0.5449, total loss = -7.6213, acc = 0.8167, lr = 1.584894e-08] (12.6 samples/sec; 9.537 sec/batch)
(E:39, S:27) [loss_dt = 0.3560, loss_qp = 0.5450, total loss = -7.6410, acc = 0.8583, lr = 1.584894e-08] (12.6 samples/sec; 9.525 sec/batch)
(E:39, S:28) [loss_dt = 0.3767, loss_qp = 0.4665, total loss = -7.5390, acc = 0.8417, lr = 1.584894e-08] (12.6 samples/sec; 9.520 sec/batch)
(E:39, S:29) [loss_dt = 0.4194, loss_qp = 0.5369, total loss = -7.5485, acc = 0.8250, lr = 1.584894e-08] (12.6 samples/sec; 9.516 sec/batch)
(E:39, S:30) [loss_dt = 0.4972, loss_qp = 0.5578, total loss = -7.5807, acc = 0.7750, lr = 1.584894e-08] (12.6 samples/sec; 9.505 sec/batch)
(E:39, S:31) [loss_dt = 0.4547, loss_qp = 0.5635, total loss = -7.6225, acc = 0.7833, lr = 1.584894e-08] (12.6 samples/sec; 9.486 sec/batch)
(E:39, S:32) [loss_dt = 0.6271, loss_qp = 0.6386, total loss = -7.7555, acc = 0.7750, lr = 1.584894e-08] (12.7 samples/sec; 9.470 sec/batch)
(E:39, S:33) [loss_dt = 0.3847, loss_qp = 0.5044, total loss = -7.6980, acc = 0.8500, lr = 1.584894e-08] (12.7 samples/sec; 9.468 sec/batch)
(E:39, S:34) [loss_dt = 0.3461, loss_qp = 0.5218, total loss = -7.6763, acc = 0.8417, lr = 1.584894e-08] (12.7 samples/sec; 9.464 sec/batch)
(E:39, S:35) [loss_dt = 0.4134, loss_qp = 0.4887, total loss = -7.6003, acc = 0.7917, lr = 1.584894e-08] (12.7 samples/sec; 9.457 sec/batch)
(E:39, S:36) [loss_dt = 0.4074, loss_qp = 0.6474, total loss = -7.7706, acc = 0.8167, lr = 1.584894e-08] (12.7 samples/sec; 9.443 sec/batch)
(E:39, S:37) [loss_dt = 0.4407, loss_qp = 0.3788, total loss = -7.5177, acc = 0.8000, lr = 1.584894e-08] (12.7 samples/sec; 9.448 sec/batch)
(E:39, S:38) [loss_dt = 0.4020, loss_qp = 0.6180, total loss = -7.6528, acc = 0.8333, lr = 1.584894e-08] (12.7 samples/sec; 9.442 sec/batch)
(E:39, S:39) [loss_dt = 0.4413, loss_qp = 0.4701, total loss = -7.5486, acc = 0.7833, lr = 1.584894e-08] (12.7 samples/sec; 9.433 sec/batch)
(E:39, S:40) [loss_dt = 0.5715, loss_qp = 0.5046, total loss = -7.4934, acc = 0.7250, lr = 1.584894e-08] (12.7 samples/sec; 9.432 sec/batch)
(E:39, S:41) [loss_dt = 0.4081, loss_qp = 0.5551, total loss = -7.5359, acc = 0.7833, lr = 1.584894e-08] (12.7 samples/sec; 9.431 sec/batch)
(E:39, S:42) [loss_dt = 0.3879, loss_qp = 0.5018, total loss = -7.4962, acc = 0.8500, lr = 1.584894e-08] (12.7 samples/sec; 9.435 sec/batch)
(E:39, S:43) [loss_dt = 0.3893, loss_qp = 0.5512, total loss = -7.5344, acc = 0.8250, lr = 1.584894e-08] (12.7 samples/sec; 9.428 sec/batch)
(E:39, S:44) [loss_dt = 0.4323, loss_qp = 0.6296, total loss = -7.6822, acc = 0.8250, lr = 1.584894e-08] (13.4 samples/sec; 8.964 sec/batch)
(E:39, S:45) [loss_dt = 0.3431, loss_qp = 0.4767, total loss = -7.5947, acc = 0.8083, lr = 1.584894e-08] (14.8 samples/sec; 8.101 sec/batch)
(E:39, S:46) [loss_dt = 0.3289, loss_qp = 0.5329, total loss = -7.6016, acc = 0.8583, lr = 1.584894e-08] (16.4 samples/sec; 7.326 sec/batch)
(E:39, S:47) [loss_dt = 0.5508, loss_qp = 0.4631, total loss = -7.4810, acc = 0.7500, lr = 1.584894e-08] (18.1 samples/sec; 6.628 sec/batch)
(E:39, S:48) [loss_dt = 0.3705, loss_qp = 0.5796, total loss = -7.5653, acc = 0.8333, lr = 1.584894e-08] (20.0 samples/sec; 6.002 sec/batch)
(E:39, S:49) [loss_dt = 0.6023, loss_qp = 0.5571, total loss = -7.5842, acc = 0.7583, lr = 1.584894e-08] (22.1 samples/sec; 5.434 sec/batch)
(E:39, S:50) [loss_dt = 0.3710, loss_qp = 0.6214, total loss = -7.7207, acc = 0.8750, lr = 1.584894e-08] (24.4 samples/sec; 4.924 sec/batch)
(E:39, S:51) [loss_dt = 0.4856, loss_qp = 0.5371, total loss = -7.7057, acc = 0.8000, lr = 1.584894e-08] (26.9 samples/sec; 4.467 sec/batch)
PLCC: 0.4699, SROCC: 0.4357, Acc: 0.7603
(E:40, S:0) [loss_dt = 0.4344, loss_qp = 0.5401, total loss = -7.7019, acc = 0.8667, lr = 1.258926e-08] (7.0 samples/sec; 17.044 sec/batch)
(E:40, S:1) [loss_dt = 0.4225, loss_qp = 0.5808, total loss = -7.7606, acc = 0.8250, lr = 1.258926e-08] (7.8 samples/sec; 15.386 sec/batch)
(E:40, S:2) [loss_dt = 0.3737, loss_qp = 0.5084, total loss = -7.7099, acc = 0.8083, lr = 1.258926e-08] (8.6 samples/sec; 13.892 sec/batch)
(E:40, S:3) [loss_dt = 0.4165, loss_qp = 0.5091, total loss = -7.6608, acc = 0.7833, lr = 1.258926e-08] (9.6 samples/sec; 12.537 sec/batch)
(E:40, S:4) [loss_dt = 0.4384, loss_qp = 0.6051, total loss = -7.7585, acc = 0.8250, lr = 1.258926e-08] (10.6 samples/sec; 11.319 sec/batch)
(E:40, S:5) [loss_dt = 0.5124, loss_qp = 0.4008, total loss = -7.5326, acc = 0.7833, lr = 1.258926e-08] (11.0 samples/sec; 10.901 sec/batch)
(E:40, S:6) [loss_dt = 0.3853, loss_qp = 0.5892, total loss = -7.6246, acc = 0.8500, lr = 1.258926e-08] (11.1 samples/sec; 10.762 sec/batch)
(E:40, S:7) [loss_dt = 0.4308, loss_qp = 0.4302, total loss = -7.4644, acc = 0.7833, lr = 1.258926e-08] (11.3 samples/sec; 10.621 sec/batch)
(E:40, S:8) [loss_dt = 0.4177, loss_qp = 0.5139, total loss = -7.4470, acc = 0.8083, lr = 1.258926e-08] (11.4 samples/sec; 10.489 sec/batch)
(E:40, S:9) [loss_dt = 0.2530, loss_qp = 0.5487, total loss = -7.5001, acc = 0.8833, lr = 1.258926e-08] (11.5 samples/sec; 10.392 sec/batch)
(E:40, S:10) [loss_dt = 0.4534, loss_qp = 0.4541, total loss = -7.3859, acc = 0.7917, lr = 1.258926e-08] (11.7 samples/sec; 10.295 sec/batch)
(E:40, S:11) [loss_dt = 0.4043, loss_qp = 0.3195, total loss = -7.0861, acc = 0.8333, lr = 1.258926e-08] (11.8 samples/sec; 10.185 sec/batch)
(E:40, S:12) [loss_dt = 0.5559, loss_qp = 0.5496, total loss = -7.1463, acc = 0.7583, lr = 1.258926e-08] (11.9 samples/sec; 10.087 sec/batch)
(E:40, S:13) [loss_dt = 0.5343, loss_qp = 0.5216, total loss = -7.1606, acc = 0.7917, lr = 1.258926e-08] (12.0 samples/sec; 10.008 sec/batch)
(E:40, S:14) [loss_dt = 0.3346, loss_qp = 0.5654, total loss = -7.2592, acc = 0.8583, lr = 1.258926e-08] (12.1 samples/sec; 9.953 sec/batch)
(E:40, S:15) [loss_dt = 0.4096, loss_qp = 0.5409, total loss = -7.3037, acc = 0.8000, lr = 1.258926e-08] (12.1 samples/sec; 9.893 sec/batch)
(E:40, S:16) [loss_dt = 0.3891, loss_qp = 0.4800, total loss = -7.2544, acc = 0.8333, lr = 1.258926e-08] (12.2 samples/sec; 9.848 sec/batch)
(E:40, S:17) [loss_dt = 0.4301, loss_qp = 0.4787, total loss = -7.2039, acc = 0.7917, lr = 1.258926e-08] (12.2 samples/sec; 9.798 sec/batch)
(E:40, S:18) [loss_dt = 0.4323, loss_qp = 0.4769, total loss = -7.1557, acc = 0.8500, lr = 1.258926e-08] (12.3 samples/sec; 9.765 sec/batch)
(E:40, S:19) [loss_dt = 0.4611, loss_qp = 0.6261, total loss = -7.3332, acc = 0.8250, lr = 1.258926e-08] (12.4 samples/sec; 9.716 sec/batch)
(E:40, S:20) [loss_dt = 0.5026, loss_qp = 0.4778, total loss = -7.2662, acc = 0.8000, lr = 1.258926e-08] (12.4 samples/sec; 9.685 sec/batch)
(E:40, S:21) [loss_dt = 0.4992, loss_qp = 0.5055, total loss = -7.2480, acc = 0.8333, lr = 1.258926e-08] (12.4 samples/sec; 9.651 sec/batch)
(E:40, S:22) [loss_dt = 0.4707, loss_qp = 0.4313, total loss = -7.1231, acc = 0.8417, lr = 1.258926e-08] (12.5 samples/sec; 9.607 sec/batch)
(E:40, S:23) [loss_dt = 0.4871, loss_qp = 0.5394, total loss = -7.1712, acc = 0.7583, lr = 1.258926e-08] (12.5 samples/sec; 9.597 sec/batch)
(E:40, S:24) [loss_dt = 0.4250, loss_qp = 0.4715, total loss = -7.1189, acc = 0.8000, lr = 1.258926e-08] (12.5 samples/sec; 9.574 sec/batch)
(E:40, S:25) [loss_dt = 0.5211, loss_qp = 0.5792, total loss = -7.2236, acc = 0.7583, lr = 1.258926e-08] (12.6 samples/sec; 9.553 sec/batch)
(E:40, S:26) [loss_dt = 0.3228, loss_qp = 0.5800, total loss = -7.3389, acc = 0.8417, lr = 1.258926e-08] (12.6 samples/sec; 9.522 sec/batch)
(E:40, S:27) [loss_dt = 0.4830, loss_qp = 0.5659, total loss = -7.4055, acc = 0.7667, lr = 1.258926e-08] (12.6 samples/sec; 9.513 sec/batch)
(E:40, S:28) [loss_dt = 0.4069, loss_qp = 0.5001, total loss = -7.3744, acc = 0.7750, lr = 1.258926e-08] (12.6 samples/sec; 9.509 sec/batch)
(E:40, S:29) [loss_dt = 0.4399, loss_qp = 0.5780, total loss = -7.4600, acc = 0.8083, lr = 1.258926e-08] (12.6 samples/sec; 9.494 sec/batch)
(E:40, S:30) [loss_dt = 0.4424, loss_qp = 0.5102, total loss = -7.4351, acc = 0.7917, lr = 1.258926e-08] (12.7 samples/sec; 9.480 sec/batch)
(E:40, S:31) [loss_dt = 0.4296, loss_qp = 0.5418, total loss = -7.4614, acc = 0.8167, lr = 1.258926e-08] (12.7 samples/sec; 9.471 sec/batch)
(E:40, S:32) [loss_dt = 0.3671, loss_qp = 0.5098, total loss = -7.4432, acc = 0.8333, lr = 1.258926e-08] (12.7 samples/sec; 9.458 sec/batch)
(E:40, S:33) [loss_dt = 0.3905, loss_qp = 0.5186, total loss = -7.4377, acc = 0.8500, lr = 1.258926e-08] (12.7 samples/sec; 9.454 sec/batch)
(E:40, S:34) [loss_dt = 0.2710, loss_qp = 0.5499, total loss = -7.4917, acc = 0.9083, lr = 1.258926e-08] (12.7 samples/sec; 9.449 sec/batch)
(E:40, S:35) [loss_dt = 0.5228, loss_qp = 0.4759, total loss = -7.4040, acc = 0.7583, lr = 1.258926e-08] (12.7 samples/sec; 9.442 sec/batch)
(E:40, S:36) [loss_dt = 0.4477, loss_qp = 0.5960, total loss = -7.5128, acc = 0.7833, lr = 1.258926e-08] (12.7 samples/sec; 9.430 sec/batch)
(E:40, S:37) [loss_dt = 0.3333, loss_qp = 0.5635, total loss = -7.5734, acc = 0.8417, lr = 1.258926e-08] (12.7 samples/sec; 9.428 sec/batch)
(E:40, S:38) [loss_dt = 0.3730, loss_qp = 0.5754, total loss = -7.6418, acc = 0.8750, lr = 1.258926e-08] (12.7 samples/sec; 9.422 sec/batch)
(E:40, S:39) [loss_dt = 0.3768, loss_qp = 0.6240, total loss = -7.7759, acc = 0.8083, lr = 1.258926e-08] (12.7 samples/sec; 9.417 sec/batch)
(E:40, S:40) [loss_dt = 0.4600, loss_qp = 0.6125, total loss = -7.8711, acc = 0.8000, lr = 1.258926e-08] (12.7 samples/sec; 9.419 sec/batch)
(E:40, S:41) [loss_dt = 0.3944, loss_qp = 0.4735, total loss = -7.7548, acc = 0.8000, lr = 1.258926e-08] (12.7 samples/sec; 9.413 sec/batch)
(E:40, S:42) [loss_dt = 0.3404, loss_qp = 0.4812, total loss = -7.6670, acc = 0.8333, lr = 1.258926e-08] (12.7 samples/sec; 9.425 sec/batch)
(E:40, S:43) [loss_dt = 0.4731, loss_qp = 0.5521, total loss = -7.6812, acc = 0.7833, lr = 1.258926e-08] (12.7 samples/sec; 9.430 sec/batch)
(E:40, S:44) [loss_dt = 0.4753, loss_qp = 0.4717, total loss = -7.5730, acc = 0.8000, lr = 1.258926e-08] (13.4 samples/sec; 8.959 sec/batch)
(E:40, S:45) [loss_dt = 0.6037, loss_qp = 0.5807, total loss = -7.6265, acc = 0.7417, lr = 1.258926e-08] (14.8 samples/sec; 8.097 sec/batch)
(E:40, S:46) [loss_dt = 0.3445, loss_qp = 0.5493, total loss = -7.6534, acc = 0.8583, lr = 1.258926e-08] (16.4 samples/sec; 7.326 sec/batch)
(E:40, S:47) [loss_dt = 0.3682, loss_qp = 0.4907, total loss = -7.5873, acc = 0.8167, lr = 1.258926e-08] (18.1 samples/sec; 6.629 sec/batch)
(E:40, S:48) [loss_dt = 0.5425, loss_qp = 0.5480, total loss = -7.5964, acc = 0.7917, lr = 1.258926e-08] (20.0 samples/sec; 6.001 sec/batch)
(E:40, S:49) [loss_dt = 0.3930, loss_qp = 0.5777, total loss = -7.6640, acc = 0.8083, lr = 1.258926e-08] (22.1 samples/sec; 5.435 sec/batch)
(E:40, S:50) [loss_dt = 0.3911, loss_qp = 0.5124, total loss = -7.6271, acc = 0.8250, lr = 1.258926e-08] (24.4 samples/sec; 4.925 sec/batch)
(E:40, S:51) [loss_dt = 0.3912, loss_qp = 0.5627, total loss = -7.6693, acc = 0.8333, lr = 1.258926e-08] (26.8 samples/sec; 4.471 sec/batch)
PLCC: 0.4710, SROCC: 0.4372, Acc: 0.7654
(E:41, S:0) [loss_dt = 0.5509, loss_qp = 0.4746, total loss = -7.5592, acc = 0.7750, lr = 1.000000e-08] (7.1 samples/sec; 16.983 sec/batch)
(E:41, S:1) [loss_dt = 0.4527, loss_qp = 0.5085, total loss = -7.5208, acc = 0.8167, lr = 1.000000e-08] (7.8 samples/sec; 15.327 sec/batch)
(E:41, S:2) [loss_dt = 0.4972, loss_qp = 0.5341, total loss = -7.5202, acc = 0.8333, lr = 1.000000e-08] (8.7 samples/sec; 13.827 sec/batch)
(E:41, S:3) [loss_dt = 0.3676, loss_qp = 0.5453, total loss = -7.5493, acc = 0.8333, lr = 1.000000e-08] (9.6 samples/sec; 12.479 sec/batch)
(E:41, S:4) [loss_dt = 0.4235, loss_qp = 0.5172, total loss = -7.5279, acc = 0.8250, lr = 1.000000e-08] (10.7 samples/sec; 11.264 sec/batch)
(E:41, S:5) [loss_dt = 0.3649, loss_qp = 0.5345, total loss = -7.5404, acc = 0.8750, lr = 1.000000e-08] (11.1 samples/sec; 10.842 sec/batch)
(E:41, S:6) [loss_dt = 0.3405, loss_qp = 0.5985, total loss = -7.6501, acc = 0.8583, lr = 1.000000e-08] (11.2 samples/sec; 10.697 sec/batch)
(E:41, S:7) [loss_dt = 0.4207, loss_qp = 0.4108, total loss = -7.4591, acc = 0.8083, lr = 1.000000e-08] (11.4 samples/sec; 10.557 sec/batch)
(E:41, S:8) [loss_dt = 0.3779, loss_qp = 0.4211, total loss = -7.3071, acc = 0.8333, lr = 1.000000e-08] (11.5 samples/sec; 10.427 sec/batch)
(E:41, S:9) [loss_dt = 0.4387, loss_qp = 0.5095, total loss = -7.2968, acc = 0.7667, lr = 1.000000e-08] (11.6 samples/sec; 10.320 sec/batch)
(E:41, S:10) [loss_dt = 0.4618, loss_qp = 0.5277, total loss = -7.3125, acc = 0.7833, lr = 1.000000e-08] (11.7 samples/sec; 10.231 sec/batch)
(E:41, S:11) [loss_dt = 0.4900, loss_qp = 0.4184, total loss = -7.1598, acc = 0.8250, lr = 1.000000e-08] (11.8 samples/sec; 10.139 sec/batch)
(E:41, S:12) [loss_dt = 0.3814, loss_qp = 0.5000, total loss = -7.1556, acc = 0.8500, lr = 1.000000e-08] (11.9 samples/sec; 10.057 sec/batch)
(E:41, S:13) [loss_dt = 0.4278, loss_qp = 0.4627, total loss = -7.0913, acc = 0.8250, lr = 1.000000e-08] (12.0 samples/sec; 10.001 sec/batch)
(E:41, S:14) [loss_dt = 0.6510, loss_qp = 0.5432, total loss = -7.1318, acc = 0.7917, lr = 1.000000e-08] (12.1 samples/sec; 9.938 sec/batch)
(E:41, S:15) [loss_dt = 0.6623, loss_qp = 0.5114, total loss = -7.1195, acc = 0.7083, lr = 1.000000e-08] (12.1 samples/sec; 9.878 sec/batch)
(E:41, S:16) [loss_dt = 0.4689, loss_qp = 0.5093, total loss = -7.1247, acc = 0.7750, lr = 1.000000e-08] (12.2 samples/sec; 9.837 sec/batch)
(E:41, S:17) [loss_dt = 0.5401, loss_qp = 0.5475, total loss = -7.1794, acc = 0.7917, lr = 1.000000e-08] (12.3 samples/sec; 9.789 sec/batch)
(E:41, S:18) [loss_dt = 0.3344, loss_qp = 0.5951, total loss = -7.3206, acc = 0.8583, lr = 1.000000e-08] (12.3 samples/sec; 9.742 sec/batch)
(E:41, S:19) [loss_dt = 0.4713, loss_qp = 0.6065, total loss = -7.4512, acc = 0.7833, lr = 1.000000e-08] (12.4 samples/sec; 9.700 sec/batch)
(E:41, S:20) [loss_dt = 0.3444, loss_qp = 0.4681, total loss = -7.3739, acc = 0.8417, lr = 1.000000e-08] (12.4 samples/sec; 9.665 sec/batch)
(E:41, S:21) [loss_dt = 0.5018, loss_qp = 0.6211, total loss = -7.5179, acc = 0.7417, lr = 1.000000e-08] (12.4 samples/sec; 9.682 sec/batch)
(E:41, S:22) [loss_dt = 0.4688, loss_qp = 0.6387, total loss = -7.6772, acc = 0.7917, lr = 1.000000e-08] (12.4 samples/sec; 9.641 sec/batch)
(E:41, S:23) [loss_dt = 0.6099, loss_qp = 0.4130, total loss = -7.4680, acc = 0.7333, lr = 1.000000e-08] (12.5 samples/sec; 9.607 sec/batch)
(E:41, S:24) [loss_dt = 0.5774, loss_qp = 0.5607, total loss = -7.5045, acc = 0.7500, lr = 1.000000e-08] (12.5 samples/sec; 9.580 sec/batch)
(E:41, S:25) [loss_dt = 0.3273, loss_qp = 0.5265, total loss = -7.5111, acc = 0.9000, lr = 1.000000e-08] (12.6 samples/sec; 9.550 sec/batch)
(E:41, S:26) [loss_dt = 0.3543, loss_qp = 0.4978, total loss = -7.4712, acc = 0.8500, lr = 1.000000e-08] (12.6 samples/sec; 9.527 sec/batch)
(E:41, S:27) [loss_dt = 0.5375, loss_qp = 0.5473, total loss = -7.4913, acc = 0.7917, lr = 1.000000e-08] (12.6 samples/sec; 9.510 sec/batch)
(E:41, S:28) [loss_dt = 0.4332, loss_qp = 0.4471, total loss = -7.3695, acc = 0.8250, lr = 1.000000e-08] (12.6 samples/sec; 9.500 sec/batch)
(E:41, S:29) [loss_dt = 0.3597, loss_qp = 0.5212, total loss = -7.3784, acc = 0.8667, lr = 1.000000e-08] (12.7 samples/sec; 9.478 sec/batch)
(E:41, S:30) [loss_dt = 0.3145, loss_qp = 0.4292, total loss = -7.2530, acc = 0.8500, lr = 1.000000e-08] (12.7 samples/sec; 9.460 sec/batch)
(E:41, S:31) [loss_dt = 0.4278, loss_qp = 0.5447, total loss = -7.3019, acc = 0.8500, lr = 1.000000e-08] (12.7 samples/sec; 9.443 sec/batch)
(E:41, S:32) [loss_dt = 0.3659, loss_qp = 0.5209, total loss = -7.3165, acc = 0.8500, lr = 1.000000e-08] (12.7 samples/sec; 9.427 sec/batch)
(E:41, S:33) [loss_dt = 0.3252, loss_qp = 0.5772, total loss = -7.4181, acc = 0.8833, lr = 1.000000e-08] (12.7 samples/sec; 9.428 sec/batch)
(E:41, S:34) [loss_dt = 0.4933, loss_qp = 0.4360, total loss = -7.2811, acc = 0.7750, lr = 1.000000e-08] (12.7 samples/sec; 9.427 sec/batch)
(E:41, S:35) [loss_dt = 0.4078, loss_qp = 0.5567, total loss = -7.3473, acc = 0.8417, lr = 1.000000e-08] (12.7 samples/sec; 9.425 sec/batch)
(E:41, S:36) [loss_dt = 0.4326, loss_qp = 0.5617, total loss = -7.4118, acc = 0.8333, lr = 1.000000e-08] (12.7 samples/sec; 9.420 sec/batch)
(E:41, S:37) [loss_dt = 0.4990, loss_qp = 0.5907, total loss = -7.5068, acc = 0.7750, lr = 1.000000e-08] (12.7 samples/sec; 9.413 sec/batch)
(E:41, S:38) [loss_dt = 0.3189, loss_qp = 0.4395, total loss = -7.3835, acc = 0.8250, lr = 1.000000e-08] (12.8 samples/sec; 9.396 sec/batch)
(E:41, S:39) [loss_dt = 0.5104, loss_qp = 0.5584, total loss = -7.4317, acc = 0.7917, lr = 1.000000e-08] (12.8 samples/sec; 9.394 sec/batch)
(E:41, S:40) [loss_dt = 0.3048, loss_qp = 0.4486, total loss = -7.3309, acc = 0.8667, lr = 1.000000e-08] (12.7 samples/sec; 9.436 sec/batch)
(E:41, S:41) [loss_dt = 0.4929, loss_qp = 0.5199, total loss = -7.3284, acc = 0.7917, lr = 1.000000e-08] (12.7 samples/sec; 9.429 sec/batch)
(E:41, S:42) [loss_dt = 0.4444, loss_qp = 0.4747, total loss = -7.2632, acc = 0.8250, lr = 1.000000e-08] (12.7 samples/sec; 9.421 sec/batch)
(E:41, S:43) [loss_dt = 0.3365, loss_qp = 0.5106, total loss = -7.2691, acc = 0.8583, lr = 1.000000e-08] (12.7 samples/sec; 9.475 sec/batch)
(E:41, S:44) [loss_dt = 0.4576, loss_qp = 0.5727, total loss = -7.3556, acc = 0.8250, lr = 1.000000e-08] (13.3 samples/sec; 9.014 sec/batch)
(E:41, S:45) [loss_dt = 0.3890, loss_qp = 0.3931, total loss = -7.1707, acc = 0.8417, lr = 1.000000e-08] (14.7 samples/sec; 8.149 sec/batch)
(E:41, S:46) [loss_dt = 0.5953, loss_qp = 0.5797, total loss = -7.2636, acc = 0.7667, lr = 1.000000e-08] (16.3 samples/sec; 7.366 sec/batch)
(E:41, S:47) [loss_dt = 0.4584, loss_qp = 0.6471, total loss = -7.4621, acc = 0.8000, lr = 1.000000e-08] (18.0 samples/sec; 6.663 sec/batch)
(E:41, S:48) [loss_dt = 0.5177, loss_qp = 0.4038, total loss = -7.2698, acc = 0.7917, lr = 1.000000e-08] (19.9 samples/sec; 6.034 sec/batch)
(E:41, S:49) [loss_dt = 0.3241, loss_qp = 0.4539, total loss = -7.1913, acc = 0.8500, lr = 1.000000e-08] (22.0 samples/sec; 5.463 sec/batch)
(E:41, S:50) [loss_dt = 0.4153, loss_qp = 0.5451, total loss = -7.2483, acc = 0.8167, lr = 1.000000e-08] (24.3 samples/sec; 4.947 sec/batch)
(E:41, S:51) [loss_dt = 0.3839, loss_qp = 0.6369, total loss = -7.4405, acc = 0.8333, lr = 1.000000e-08] (26.8 samples/sec; 4.482 sec/batch)
PLCC: 0.4646, SROCC: 0.4304, Acc: 0.7506
(E:42, S:0) [loss_dt = 0.3860, loss_qp = 0.4891, total loss = -7.3915, acc = 0.8500, lr = 7.943282e-09] (7.0 samples/sec; 17.074 sec/batch)
(E:42, S:1) [loss_dt = 0.4593, loss_qp = 0.4990, total loss = -7.3550, acc = 0.8167, lr = 7.943282e-09] (7.8 samples/sec; 15.407 sec/batch)
(E:42, S:2) [loss_dt = 0.2953, loss_qp = 0.5142, total loss = -7.3613, acc = 0.8750, lr = 7.943282e-09] (8.6 samples/sec; 13.906 sec/batch)
(E:42, S:3) [loss_dt = 0.4612, loss_qp = 0.4935, total loss = -7.3193, acc = 0.7750, lr = 7.943282e-09] (9.6 samples/sec; 12.556 sec/batch)
(E:42, S:4) [loss_dt = 0.3963, loss_qp = 0.4886, total loss = -7.2806, acc = 0.8333, lr = 7.943282e-09] (10.6 samples/sec; 11.333 sec/batch)
(E:42, S:5) [loss_dt = 0.3644, loss_qp = 0.5194, total loss = -7.2953, acc = 0.8083, lr = 7.943282e-09] (11.0 samples/sec; 10.878 sec/batch)
(E:42, S:6) [loss_dt = 0.4195, loss_qp = 0.5649, total loss = -7.3711, acc = 0.7833, lr = 7.943282e-09] (11.2 samples/sec; 10.737 sec/batch)
(E:42, S:7) [loss_dt = 0.3791, loss_qp = 0.5101, total loss = -7.3612, acc = 0.8417, lr = 7.943282e-09] (11.3 samples/sec; 10.598 sec/batch)
(E:42, S:8) [loss_dt = 0.5974, loss_qp = 0.6215, total loss = -7.4976, acc = 0.7250, lr = 7.943282e-09] (11.5 samples/sec; 10.459 sec/batch)
(E:42, S:9) [loss_dt = 0.3728, loss_qp = 0.4980, total loss = -7.4576, acc = 0.8250, lr = 7.943282e-09] (11.6 samples/sec; 10.357 sec/batch)
(E:42, S:10) [loss_dt = 0.4135, loss_qp = 0.5765, total loss = -7.5352, acc = 0.8083, lr = 7.943282e-09] (11.7 samples/sec; 10.272 sec/batch)
(E:42, S:11) [loss_dt = 0.4544, loss_qp = 0.5947, total loss = -7.6282, acc = 0.8167, lr = 7.943282e-09] (11.8 samples/sec; 10.195 sec/batch)
(E:42, S:12) [loss_dt = 0.3890, loss_qp = 0.3880, total loss = -7.4084, acc = 0.8250, lr = 7.943282e-09] (11.8 samples/sec; 10.134 sec/batch)
(E:42, S:13) [loss_dt = 0.3973, loss_qp = 0.6020, total loss = -7.5308, acc = 0.8333, lr = 7.943282e-09] (11.9 samples/sec; 10.063 sec/batch)
(E:42, S:14) [loss_dt = 0.4353, loss_qp = 0.5263, total loss = -7.5237, acc = 0.8083, lr = 7.943282e-09] (12.0 samples/sec; 10.002 sec/batch)
(E:42, S:15) [loss_dt = 0.5157, loss_qp = 0.5228, total loss = -7.5040, acc = 0.8250, lr = 7.943282e-09] (12.1 samples/sec; 9.929 sec/batch)
(E:42, S:16) [loss_dt = 0.5627, loss_qp = 0.6215, total loss = -7.6295, acc = 0.7750, lr = 7.943282e-09] (12.2 samples/sec; 9.869 sec/batch)
(E:42, S:17) [loss_dt = 0.3636, loss_qp = 0.5054, total loss = -7.5883, acc = 0.8417, lr = 7.943282e-09] (12.2 samples/sec; 9.824 sec/batch)
(E:42, S:18) [loss_dt = 0.3828, loss_qp = 0.5651, total loss = -7.6389, acc = 0.7833, lr = 7.943282e-09] (12.3 samples/sec; 9.793 sec/batch)
(E:42, S:19) [loss_dt = 0.4273, loss_qp = 0.4996, total loss = -7.5816, acc = 0.8500, lr = 7.943282e-09] (12.3 samples/sec; 9.740 sec/batch)
(E:42, S:20) [loss_dt = 0.4741, loss_qp = 0.4722, total loss = -7.4843, acc = 0.8167, lr = 7.943282e-09] (12.4 samples/sec; 9.701 sec/batch)
(E:42, S:21) [loss_dt = 0.5400, loss_qp = 0.5580, total loss = -7.5189, acc = 0.7833, lr = 7.943282e-09] (12.4 samples/sec; 9.668 sec/batch)
(E:42, S:22) [loss_dt = 0.3806, loss_qp = 0.6481, total loss = -7.7011, acc = 0.8583, lr = 7.943282e-09] (12.5 samples/sec; 9.633 sec/batch)
(E:42, S:23) [loss_dt = 0.3043, loss_qp = 0.5428, total loss = -7.7148, acc = 0.9000, lr = 7.943282e-09] (12.5 samples/sec; 9.635 sec/batch)
(E:42, S:24) [loss_dt = 0.4729, loss_qp = 0.4979, total loss = -7.6428, acc = 0.7417, lr = 7.943282e-09] (12.5 samples/sec; 9.609 sec/batch)
(E:42, S:25) [loss_dt = 0.3986, loss_qp = 0.5082, total loss = -7.6010, acc = 0.8250, lr = 7.943282e-09] (12.5 samples/sec; 9.580 sec/batch)
(E:42, S:26) [loss_dt = 0.4437, loss_qp = 0.5137, total loss = -7.5671, acc = 0.8167, lr = 7.943282e-09] (12.6 samples/sec; 9.550 sec/batch)
(E:42, S:27) [loss_dt = 0.3903, loss_qp = 0.5856, total loss = -7.6498, acc = 0.8167, lr = 7.943282e-09] (12.6 samples/sec; 9.548 sec/batch)
(E:42, S:28) [loss_dt = 0.3189, loss_qp = 0.5580, total loss = -7.6900, acc = 0.8750, lr = 7.943282e-09] (12.6 samples/sec; 9.535 sec/batch)
(E:42, S:29) [loss_dt = 0.4998, loss_qp = 0.5299, total loss = -7.6658, acc = 0.7833, lr = 7.943282e-09] (12.6 samples/sec; 9.519 sec/batch)
(E:42, S:30) [loss_dt = 0.4984, loss_qp = 0.5908, total loss = -7.7356, acc = 0.8000, lr = 7.943282e-09] (12.6 samples/sec; 9.519 sec/batch)
(E:42, S:31) [loss_dt = 0.3591, loss_qp = 0.5029, total loss = -7.6806, acc = 0.8750, lr = 7.943282e-09] (12.6 samples/sec; 9.497 sec/batch)
(E:42, S:32) [loss_dt = 0.5129, loss_qp = 0.5412, total loss = -7.6731, acc = 0.7833, lr = 7.943282e-09] (12.7 samples/sec; 9.483 sec/batch)
(E:42, S:33) [loss_dt = 0.4758, loss_qp = 0.5538, total loss = -7.6888, acc = 0.8167, lr = 7.943282e-09] (12.7 samples/sec; 9.472 sec/batch)
(E:42, S:34) [loss_dt = 0.3843, loss_qp = 0.5686, total loss = -7.7344, acc = 0.8417, lr = 7.943282e-09] (12.7 samples/sec; 9.475 sec/batch)
(E:42, S:35) [loss_dt = 0.4872, loss_qp = 0.5696, total loss = -7.7667, acc = 0.7833, lr = 7.943282e-09] (12.7 samples/sec; 9.463 sec/batch)
(E:42, S:36) [loss_dt = 0.3537, loss_qp = 0.3723, total loss = -7.5132, acc = 0.8583, lr = 7.943282e-09] (12.7 samples/sec; 9.443 sec/batch)
(E:42, S:37) [loss_dt = 0.4162, loss_qp = 0.5469, total loss = -7.5405, acc = 0.8167, lr = 7.943282e-09] (12.7 samples/sec; 9.431 sec/batch)
(E:42, S:38) [loss_dt = 0.4450, loss_qp = 0.5660, total loss = -7.5910, acc = 0.8250, lr = 7.943282e-09] (12.7 samples/sec; 9.412 sec/batch)
(E:42, S:39) [loss_dt = 0.4483, loss_qp = 0.6141, total loss = -7.7082, acc = 0.7500, lr = 7.943282e-09] (12.7 samples/sec; 9.416 sec/batch)
(E:42, S:40) [loss_dt = 0.6297, loss_qp = 0.5131, total loss = -7.6440, acc = 0.7583, lr = 7.943282e-09] (12.8 samples/sec; 9.409 sec/batch)
(E:42, S:41) [loss_dt = 0.3917, loss_qp = 0.5472, total loss = -7.6613, acc = 0.8083, lr = 7.943282e-09] (12.8 samples/sec; 9.399 sec/batch)
(E:42, S:42) [loss_dt = 0.3951, loss_qp = 0.4736, total loss = -7.5661, acc = 0.8417, lr = 7.943282e-09] (12.8 samples/sec; 9.399 sec/batch)
(E:42, S:43) [loss_dt = 0.2897, loss_qp = 0.5524, total loss = -7.6091, acc = 0.8667, lr = 7.943282e-09] (12.8 samples/sec; 9.398 sec/batch)
(E:42, S:44) [loss_dt = 0.5777, loss_qp = 0.5858, total loss = -7.6691, acc = 0.7750, lr = 7.943282e-09] (13.4 samples/sec; 8.937 sec/batch)
(E:42, S:45) [loss_dt = 0.4733, loss_qp = 0.5233, total loss = -7.6398, acc = 0.7917, lr = 7.943282e-09] (14.9 samples/sec; 8.075 sec/batch)
(E:42, S:46) [loss_dt = 0.5621, loss_qp = 0.4178, total loss = -7.4463, acc = 0.7417, lr = 7.943282e-09] (16.4 samples/sec; 7.298 sec/batch)
(E:42, S:47) [loss_dt = 0.4851, loss_qp = 0.5859, total loss = -7.5320, acc = 0.7750, lr = 7.943282e-09] (18.2 samples/sec; 6.599 sec/batch)
(E:42, S:48) [loss_dt = 0.2561, loss_qp = 0.4863, total loss = -7.4826, acc = 0.9000, lr = 7.943282e-09] (20.1 samples/sec; 5.971 sec/batch)
(E:42, S:49) [loss_dt = 0.5066, loss_qp = 0.5692, total loss = -7.5375, acc = 0.7667, lr = 7.943282e-09] (22.2 samples/sec; 5.406 sec/batch)
(E:42, S:50) [loss_dt = 0.2665, loss_qp = 0.4663, total loss = -7.4566, acc = 0.8917, lr = 7.943282e-09] (24.5 samples/sec; 4.901 sec/batch)
(E:42, S:51) [loss_dt = 0.4077, loss_qp = 0.5986, total loss = -7.5680, acc = 0.8667, lr = 7.943282e-09] (27.0 samples/sec; 4.448 sec/batch)
PLCC: 0.4497, SROCC: 0.3973, Acc: 0.7667
(E:43, S:0) [loss_dt = 0.4691, loss_qp = 0.5359, total loss = -7.5682, acc = 0.7917, lr = 6.309579e-09] (6.8 samples/sec; 17.689 sec/batch)
(E:43, S:1) [loss_dt = 0.3654, loss_qp = 0.5701, total loss = -7.6299, acc = 0.8167, lr = 6.309579e-09] (7.5 samples/sec; 15.970 sec/batch)
(E:43, S:2) [loss_dt = 0.3920, loss_qp = 0.4974, total loss = -7.5738, acc = 0.8083, lr = 6.309579e-09] (8.3 samples/sec; 14.415 sec/batch)
(E:43, S:3) [loss_dt = 0.2979, loss_qp = 0.5289, total loss = -7.5800, acc = 0.8750, lr = 6.309579e-09] (9.2 samples/sec; 13.012 sec/batch)
(E:43, S:4) [loss_dt = 0.4414, loss_qp = 0.4179, total loss = -7.4047, acc = 0.8333, lr = 6.309579e-09] (10.2 samples/sec; 11.752 sec/batch)
(E:43, S:5) [loss_dt = 0.6469, loss_qp = 0.5499, total loss = -7.4245, acc = 0.7667, lr = 6.309579e-09] (10.6 samples/sec; 11.366 sec/batch)
(E:43, S:6) [loss_dt = 0.4176, loss_qp = 0.5231, total loss = -7.4250, acc = 0.8250, lr = 6.309579e-09] (10.6 samples/sec; 11.325 sec/batch)
(E:43, S:7) [loss_dt = 0.4490, loss_qp = 0.5951, total loss = -7.5302, acc = 0.8083, lr = 6.309579e-09] (10.7 samples/sec; 11.264 sec/batch)
(E:43, S:8) [loss_dt = 0.4200, loss_qp = 0.5289, total loss = -7.5286, acc = 0.8333, lr = 6.309579e-09] (10.7 samples/sec; 11.214 sec/batch)
(E:43, S:9) [loss_dt = 0.4043, loss_qp = 0.5011, total loss = -7.4870, acc = 0.8417, lr = 6.309579e-09] (10.7 samples/sec; 11.191 sec/batch)
(E:43, S:10) [loss_dt = 0.3770, loss_qp = 0.4956, total loss = -7.4440, acc = 0.8667, lr = 6.309579e-09] (10.8 samples/sec; 11.139 sec/batch)
(E:43, S:11) [loss_dt = 0.3022, loss_qp = 0.4938, total loss = -7.4100, acc = 0.9000, lr = 6.309579e-09] (10.8 samples/sec; 11.074 sec/batch)
(E:43, S:12) [loss_dt = 0.6205, loss_qp = 0.4525, total loss = -7.2858, acc = 0.7417, lr = 6.309579e-09] (10.9 samples/sec; 11.055 sec/batch)
(E:43, S:13) [loss_dt = 0.4963, loss_qp = 0.4912, total loss = -7.2443, acc = 0.7583, lr = 6.309579e-09] (10.9 samples/sec; 11.019 sec/batch)
(E:43, S:14) [loss_dt = 0.4749, loss_qp = 0.4760, total loss = -7.1864, acc = 0.8500, lr = 6.309579e-09] (10.9 samples/sec; 10.980 sec/batch)
(E:43, S:15) [loss_dt = 0.4981, loss_qp = 0.5538, total loss = -7.2487, acc = 0.8000, lr = 6.309579e-09] (10.9 samples/sec; 10.981 sec/batch)
(E:43, S:16) [loss_dt = 0.3749, loss_qp = 0.5696, total loss = -7.3407, acc = 0.8500, lr = 6.309579e-09] (10.9 samples/sec; 10.973 sec/batch)
(E:43, S:17) [loss_dt = 0.4947, loss_qp = 0.5227, total loss = -7.3412, acc = 0.7833, lr = 6.309579e-09] (11.0 samples/sec; 10.894 sec/batch)
(E:43, S:18) [loss_dt = 0.3688, loss_qp = 0.4596, total loss = -7.2596, acc = 0.8333, lr = 6.309579e-09] (11.0 samples/sec; 10.917 sec/batch)
(E:43, S:19) [loss_dt = 0.5313, loss_qp = 0.6914, total loss = -7.5175, acc = 0.7583, lr = 6.309579e-09] (11.0 samples/sec; 10.881 sec/batch)
(E:43, S:20) [loss_dt = 0.4630, loss_qp = 0.6399, total loss = -7.6793, acc = 0.7917, lr = 6.309579e-09] (11.1 samples/sec; 10.845 sec/batch)
(E:43, S:21) [loss_dt = 0.4480, loss_qp = 0.4793, total loss = -7.5855, acc = 0.8167, lr = 6.309579e-09] (11.1 samples/sec; 10.851 sec/batch)
(E:43, S:22) [loss_dt = 0.3284, loss_qp = 0.4057, total loss = -7.4027, acc = 0.8500, lr = 6.309579e-09] (11.1 samples/sec; 10.832 sec/batch)
(E:43, S:23) [loss_dt = 0.4145, loss_qp = 0.4669, total loss = -7.3213, acc = 0.8500, lr = 6.309579e-09] (11.1 samples/sec; 10.810 sec/batch)
(E:43, S:24) [loss_dt = 0.4743, loss_qp = 0.5299, total loss = -7.3366, acc = 0.7667, lr = 6.309579e-09] (11.1 samples/sec; 10.825 sec/batch)
(E:43, S:25) [loss_dt = 0.3805, loss_qp = 0.5836, total loss = -7.4403, acc = 0.8000, lr = 6.309579e-09] (11.1 samples/sec; 10.814 sec/batch)
(E:43, S:26) [loss_dt = 0.4681, loss_qp = 0.5745, total loss = -7.5111, acc = 0.8333, lr = 6.309579e-09] (11.1 samples/sec; 10.771 sec/batch)
(E:43, S:27) [loss_dt = 0.3227, loss_qp = 0.5292, total loss = -7.5216, acc = 0.8417, lr = 6.309579e-09] (11.1 samples/sec; 10.773 sec/batch)
(E:43, S:28) [loss_dt = 0.5856, loss_qp = 0.5993, total loss = -7.6099, acc = 0.7583, lr = 6.309579e-09] (11.2 samples/sec; 10.752 sec/batch)
(E:43, S:29) [loss_dt = 0.4375, loss_qp = 0.5223, total loss = -7.5886, acc = 0.7833, lr = 6.309579e-09] (11.2 samples/sec; 10.735 sec/batch)
(E:43, S:30) [loss_dt = 0.4036, loss_qp = 0.5536, total loss = -7.6198, acc = 0.8000, lr = 6.309579e-09] (11.2 samples/sec; 10.717 sec/batch)
(E:43, S:31) [loss_dt = 0.5201, loss_qp = 0.4883, total loss = -7.5383, acc = 0.8083, lr = 6.309579e-09] (11.2 samples/sec; 10.697 sec/batch)
(E:43, S:32) [loss_dt = 0.3593, loss_qp = 0.4683, total loss = -7.4510, acc = 0.8583, lr = 6.309579e-09] (11.2 samples/sec; 10.691 sec/batch)
(E:43, S:33) [loss_dt = 0.4141, loss_qp = 0.5308, total loss = -7.4607, acc = 0.8417, lr = 6.309579e-09] (11.2 samples/sec; 10.686 sec/batch)
(E:43, S:34) [loss_dt = 0.2931, loss_qp = 0.6098, total loss = -7.6000, acc = 0.9083, lr = 6.309579e-09] (11.2 samples/sec; 10.721 sec/batch)
(E:43, S:35) [loss_dt = 0.3327, loss_qp = 0.5244, total loss = -7.5933, acc = 0.8500, lr = 6.309579e-09] (11.2 samples/sec; 10.719 sec/batch)
(E:43, S:36) [loss_dt = 0.3231, loss_qp = 0.5720, total loss = -7.6596, acc = 0.8333, lr = 6.309579e-09] (11.2 samples/sec; 10.693 sec/batch)
(E:43, S:37) [loss_dt = 0.3516, loss_qp = 0.5316, total loss = -7.6558, acc = 0.8333, lr = 6.309579e-09] (11.2 samples/sec; 10.690 sec/batch)
(E:43, S:38) [loss_dt = 0.3689, loss_qp = 0.4434, total loss = -7.5184, acc = 0.8083, lr = 6.309579e-09] (11.3 samples/sec; 10.666 sec/batch)
(E:43, S:39) [loss_dt = 0.4055, loss_qp = 0.5804, total loss = -7.5967, acc = 0.7917, lr = 6.309579e-09] (11.2 samples/sec; 10.678 sec/batch)
(E:43, S:40) [loss_dt = 0.3549, loss_qp = 0.5361, total loss = -7.6056, acc = 0.8333, lr = 6.309579e-09] (11.2 samples/sec; 10.670 sec/batch)
(E:43, S:41) [loss_dt = 0.3196, loss_qp = 0.4777, total loss = -7.5297, acc = 0.8750, lr = 6.309579e-09] (11.2 samples/sec; 10.694 sec/batch)
(E:43, S:42) [loss_dt = 0.4207, loss_qp = 0.5033, total loss = -7.4896, acc = 0.8333, lr = 6.309579e-09] (11.2 samples/sec; 10.675 sec/batch)
(E:43, S:43) [loss_dt = 0.4185, loss_qp = 0.5967, total loss = -7.5938, acc = 0.8083, lr = 6.309579e-09] (11.2 samples/sec; 10.693 sec/batch)
(E:43, S:44) [loss_dt = 0.5400, loss_qp = 0.5419, total loss = -7.5932, acc = 0.7583, lr = 6.309579e-09] (11.8 samples/sec; 10.181 sec/batch)
(E:43, S:45) [loss_dt = 0.4670, loss_qp = 0.4746, total loss = -7.4990, acc = 0.8167, lr = 6.309579e-09] (13.0 samples/sec; 9.202 sec/batch)
(E:43, S:46) [loss_dt = 0.4195, loss_qp = 0.4853, total loss = -7.4352, acc = 0.8250, lr = 6.309579e-09] (14.4 samples/sec; 8.321 sec/batch)
(E:43, S:47) [loss_dt = 0.5540, loss_qp = 0.4850, total loss = -7.3637, acc = 0.8000, lr = 6.309579e-09] (15.9 samples/sec; 7.527 sec/batch)
(E:43, S:48) [loss_dt = 0.4035, loss_qp = 0.6846, total loss = -7.6138, acc = 0.8250, lr = 6.309579e-09] (17.6 samples/sec; 6.812 sec/batch)
(E:43, S:49) [loss_dt = 0.3272, loss_qp = 0.5711, total loss = -7.6764, acc = 0.8667, lr = 6.309579e-09] (19.4 samples/sec; 6.173 sec/batch)
(E:43, S:50) [loss_dt = 0.4248, loss_qp = 0.5645, total loss = -7.7130, acc = 0.8000, lr = 6.309579e-09] (21.4 samples/sec; 5.595 sec/batch)
(E:43, S:51) [loss_dt = 0.4675, loss_qp = 0.5702, total loss = -7.7502, acc = 0.8167, lr = 6.309579e-09] (23.7 samples/sec; 5.072 sec/batch)
PLCC: 0.4466, SROCC: 0.4056, Acc: 0.7513
(E:44, S:0) [loss_dt = 0.4029, loss_qp = 0.6078, total loss = -7.8466, acc = 0.8583, lr = 5.011870e-09] (6.2 samples/sec; 19.287 sec/batch)
(E:44, S:1) [loss_dt = 0.4228, loss_qp = 0.5380, total loss = -7.8267, acc = 0.8000, lr = 5.011870e-09] (6.9 samples/sec; 17.406 sec/batch)
(E:44, S:2) [loss_dt = 0.5440, loss_qp = 0.4900, total loss = -7.7247, acc = 0.7583, lr = 5.011870e-09] (7.6 samples/sec; 15.716 sec/batch)
(E:44, S:3) [loss_dt = 0.4010, loss_qp = 0.5282, total loss = -7.7044, acc = 0.8167, lr = 5.011870e-09] (8.5 samples/sec; 14.195 sec/batch)
(E:44, S:4) [loss_dt = 0.4469, loss_qp = 0.5171, total loss = -7.6649, acc = 0.8000, lr = 5.011870e-09] (9.4 samples/sec; 12.820 sec/batch)
(E:44, S:5) [loss_dt = 0.4152, loss_qp = 0.4257, total loss = -7.4955, acc = 0.7833, lr = 5.011870e-09] (9.8 samples/sec; 12.300 sec/batch)
(E:44, S:6) [loss_dt = 0.4726, loss_qp = 0.5144, total loss = -7.4703, acc = 0.7750, lr = 5.011870e-09] (9.9 samples/sec; 12.157 sec/batch)
(E:44, S:7) [loss_dt = 0.4179, loss_qp = 0.3973, total loss = -7.2774, acc = 0.8083, lr = 5.011870e-09] (10.0 samples/sec; 11.994 sec/batch)
(E:44, S:8) [loss_dt = 0.4027, loss_qp = 0.5571, total loss = -7.3450, acc = 0.8083, lr = 5.011870e-09] (10.1 samples/sec; 11.842 sec/batch)
(E:44, S:9) [loss_dt = 0.4026, loss_qp = 0.4969, total loss = -7.3156, acc = 0.8167, lr = 5.011870e-09] (10.2 samples/sec; 11.751 sec/batch)
(E:44, S:10) [loss_dt = 0.5256, loss_qp = 0.5933, total loss = -7.4215, acc = 0.8000, lr = 5.011870e-09] (10.3 samples/sec; 11.625 sec/batch)
(E:44, S:11) [loss_dt = 0.3184, loss_qp = 0.4824, total loss = -7.3712, acc = 0.8583, lr = 5.011870e-09] (10.4 samples/sec; 11.505 sec/batch)
(E:44, S:12) [loss_dt = 0.4525, loss_qp = 0.4757, total loss = -7.3024, acc = 0.8333, lr = 5.011870e-09] (10.5 samples/sec; 11.446 sec/batch)
(E:44, S:13) [loss_dt = 0.3280, loss_qp = 0.4713, total loss = -7.2463, acc = 0.8333, lr = 5.011870e-09] (10.6 samples/sec; 11.351 sec/batch)
(E:44, S:14) [loss_dt = 0.5266, loss_qp = 0.6176, total loss = -7.3955, acc = 0.7750, lr = 5.011870e-09] (10.6 samples/sec; 11.291 sec/batch)
(E:44, S:15) [loss_dt = 0.4008, loss_qp = 0.6098, total loss = -7.5305, acc = 0.8250, lr = 5.011870e-09] (10.7 samples/sec; 11.220 sec/batch)
(E:44, S:16) [loss_dt = 0.4343, loss_qp = 0.5230, total loss = -7.5185, acc = 0.8000, lr = 5.011870e-09] (10.8 samples/sec; 11.136 sec/batch)
(E:44, S:17) [loss_dt = 0.5111, loss_qp = 0.5732, total loss = -7.5754, acc = 0.7917, lr = 5.011870e-09] (10.8 samples/sec; 11.100 sec/batch)
(E:44, S:18) [loss_dt = 0.3639, loss_qp = 0.5815, total loss = -7.6536, acc = 0.8417, lr = 5.011870e-09] (10.9 samples/sec; 11.059 sec/batch)
(E:44, S:19) [loss_dt = 0.4553, loss_qp = 0.5711, total loss = -7.6993, acc = 0.7833, lr = 5.011870e-09] (10.9 samples/sec; 11.015 sec/batch)
(E:44, S:20) [loss_dt = 0.4065, loss_qp = 0.5356, total loss = -7.6921, acc = 0.7750, lr = 5.011870e-09] (10.9 samples/sec; 11.000 sec/batch)
(E:44, S:21) [loss_dt = 0.4111, loss_qp = 0.5044, total loss = -7.6384, acc = 0.8083, lr = 5.011870e-09] (10.9 samples/sec; 10.975 sec/batch)
(E:44, S:22) [loss_dt = 0.4091, loss_qp = 0.4729, total loss = -7.5430, acc = 0.8417, lr = 5.011870e-09] (11.0 samples/sec; 10.921 sec/batch)
(E:44, S:23) [loss_dt = 0.3672, loss_qp = 0.5242, total loss = -7.5383, acc = 0.8667, lr = 5.011870e-09] (11.0 samples/sec; 10.904 sec/batch)
(E:44, S:24) [loss_dt = 0.4165, loss_qp = 0.4598, total loss = -7.4325, acc = 0.8500, lr = 5.011870e-09] (11.2 samples/sec; 10.760 sec/batch)
(E:44, S:25) [loss_dt = 0.5788, loss_qp = 0.5325, total loss = -7.4302, acc = 0.7167, lr = 5.011870e-09] (11.2 samples/sec; 10.676 sec/batch)
(E:44, S:26) [loss_dt = 0.5037, loss_qp = 0.5350, total loss = -7.4394, acc = 0.7917, lr = 5.011870e-09] (11.3 samples/sec; 10.666 sec/batch)
(E:44, S:27) [loss_dt = 0.4809, loss_qp = 0.5704, total loss = -7.5029, acc = 0.8000, lr = 5.011870e-09] (11.3 samples/sec; 10.661 sec/batch)
(E:44, S:28) [loss_dt = 0.3975, loss_qp = 0.5873, total loss = -7.5938, acc = 0.8500, lr = 5.011870e-09] (11.3 samples/sec; 10.632 sec/batch)
(E:44, S:29) [loss_dt = 0.4854, loss_qp = 0.4034, total loss = -7.3909, acc = 0.8000, lr = 5.011870e-09] (11.3 samples/sec; 10.636 sec/batch)
(E:44, S:30) [loss_dt = 0.3723, loss_qp = 0.5924, total loss = -7.5032, acc = 0.8583, lr = 5.011870e-09] (11.3 samples/sec; 10.654 sec/batch)
(E:44, S:31) [loss_dt = 0.4116, loss_qp = 0.5355, total loss = -7.5150, acc = 0.7917, lr = 5.011870e-09] (11.3 samples/sec; 10.664 sec/batch)
(E:44, S:32) [loss_dt = 0.3309, loss_qp = 0.5176, total loss = -7.5068, acc = 0.8750, lr = 5.011870e-09] (11.3 samples/sec; 10.642 sec/batch)
(E:44, S:33) [loss_dt = 0.4561, loss_qp = 0.5444, total loss = -7.5271, acc = 0.8167, lr = 5.011870e-09] (11.1 samples/sec; 10.858 sec/batch)
(E:44, S:34) [loss_dt = 0.4454, loss_qp = 0.6058, total loss = -7.6386, acc = 0.8417, lr = 5.011870e-09] (10.8 samples/sec; 11.116 sec/batch)
(E:44, S:35) [loss_dt = 0.3298, loss_qp = 0.4440, total loss = -7.5078, acc = 0.8417, lr = 5.011870e-09] (10.5 samples/sec; 11.376 sec/batch)
(E:44, S:36) [loss_dt = 0.4582, loss_qp = 0.5174, total loss = -7.4872, acc = 0.7917, lr = 5.011870e-09] (10.6 samples/sec; 11.343 sec/batch)
(E:44, S:37) [loss_dt = 0.3140, loss_qp = 0.4027, total loss = -7.3111, acc = 0.8750, lr = 5.011870e-09] (10.6 samples/sec; 11.315 sec/batch)
(E:44, S:38) [loss_dt = 0.4563, loss_qp = 0.5331, total loss = -7.3340, acc = 0.8250, lr = 5.011870e-09] (10.7 samples/sec; 11.237 sec/batch)
(E:44, S:39) [loss_dt = 0.4668, loss_qp = 0.5032, total loss = -7.3086, acc = 0.7417, lr = 5.011870e-09] (10.7 samples/sec; 11.181 sec/batch)
(E:44, S:40) [loss_dt = 0.4120, loss_qp = 0.6003, total loss = -7.4370, acc = 0.8333, lr = 5.011870e-09] (10.8 samples/sec; 11.113 sec/batch)
(E:44, S:41) [loss_dt = 0.4548, loss_qp = 0.4769, total loss = -7.3632, acc = 0.8000, lr = 5.011870e-09] (10.9 samples/sec; 10.987 sec/batch)
(E:44, S:42) [loss_dt = 0.5036, loss_qp = 0.6133, total loss = -7.4965, acc = 0.7917, lr = 5.011870e-09] (11.0 samples/sec; 10.935 sec/batch)
(E:44, S:43) [loss_dt = 0.4010, loss_qp = 0.5501, total loss = -7.5318, acc = 0.8167, lr = 5.011870e-09] (11.0 samples/sec; 10.903 sec/batch)
(E:44, S:44) [loss_dt = 0.3746, loss_qp = 0.5407, total loss = -7.5523, acc = 0.8417, lr = 5.011870e-09] (11.6 samples/sec; 10.351 sec/batch)
(E:44, S:45) [loss_dt = 0.3952, loss_qp = 0.4714, total loss = -7.4646, acc = 0.8250, lr = 5.011870e-09] (12.8 samples/sec; 9.350 sec/batch)
(E:44, S:46) [loss_dt = 0.4112, loss_qp = 0.4850, total loss = -7.4046, acc = 0.8250, lr = 5.011870e-09] (14.2 samples/sec; 8.451 sec/batch)
(E:44, S:47) [loss_dt = 0.6396, loss_qp = 0.5601, total loss = -7.4403, acc = 0.7333, lr = 5.011870e-09] (15.7 samples/sec; 7.644 sec/batch)
(E:44, S:48) [loss_dt = 0.3216, loss_qp = 0.5799, total loss = -7.5341, acc = 0.8917, lr = 5.011870e-09] (17.3 samples/sec; 6.921 sec/batch)
(E:44, S:49) [loss_dt = 0.4263, loss_qp = 0.5929, total loss = -7.6273, acc = 0.8000, lr = 5.011870e-09] (19.1 samples/sec; 6.270 sec/batch)
(E:44, S:50) [loss_dt = 0.3546, loss_qp = 0.4967, total loss = -7.5742, acc = 0.8500, lr = 5.011870e-09] (21.1 samples/sec; 5.683 sec/batch)
(E:44, S:51) [loss_dt = 0.5035, loss_qp = 0.4957, total loss = -7.5101, acc = 0.7750, lr = 5.011870e-09] (23.3 samples/sec; 5.155 sec/batch)
PLCC: 0.4562, SROCC: 0.4188, Acc: 0.7558
(E:45, S:0) [loss_dt = 0.5639, loss_qp = 0.4636, total loss = -7.3980, acc = 0.7750, lr = 3.981069e-09] (6.3 samples/sec; 19.183 sec/batch)
(E:45, S:1) [loss_dt = 0.6322, loss_qp = 0.4836, total loss = -7.3204, acc = 0.7167, lr = 3.981069e-09] (6.9 samples/sec; 17.311 sec/batch)
(E:45, S:2) [loss_dt = 0.4259, loss_qp = 0.4962, total loss = -7.2901, acc = 0.8083, lr = 3.981069e-09] (7.7 samples/sec; 15.627 sec/batch)
(E:45, S:3) [loss_dt = 0.4030, loss_qp = 0.5543, total loss = -7.3522, acc = 0.8167, lr = 3.981069e-09] (8.5 samples/sec; 14.097 sec/batch)
(E:45, S:4) [loss_dt = 0.3522, loss_qp = 0.6058, total loss = -7.4905, acc = 0.8667, lr = 3.981069e-09] (9.4 samples/sec; 12.724 sec/batch)
(E:45, S:5) [loss_dt = 0.4367, loss_qp = 0.5279, total loss = -7.4896, acc = 0.7667, lr = 3.981069e-09] (9.7 samples/sec; 12.313 sec/batch)
(E:45, S:6) [loss_dt = 0.4768, loss_qp = 0.6084, total loss = -7.6056, acc = 0.8083, lr = 3.981069e-09] (9.9 samples/sec; 12.148 sec/batch)
(E:45, S:7) [loss_dt = 0.4406, loss_qp = 0.4961, total loss = -7.5450, acc = 0.8000, lr = 3.981069e-09] (10.0 samples/sec; 12.005 sec/batch)
(E:45, S:8) [loss_dt = 0.4255, loss_qp = 0.5598, total loss = -7.5877, acc = 0.8000, lr = 3.981069e-09] (10.1 samples/sec; 11.851 sec/batch)
(E:45, S:9) [loss_dt = 0.4185, loss_qp = 0.5532, total loss = -7.6168, acc = 0.8417, lr = 3.981069e-09] (10.3 samples/sec; 11.701 sec/batch)
(E:45, S:10) [loss_dt = 0.3791, loss_qp = 0.4350, total loss = -7.4697, acc = 0.8417, lr = 3.981069e-09] (10.4 samples/sec; 11.594 sec/batch)
(E:45, S:11) [loss_dt = 0.4504, loss_qp = 0.4071, total loss = -7.2883, acc = 0.8500, lr = 3.981069e-09] (10.4 samples/sec; 11.517 sec/batch)
(E:45, S:12) [loss_dt = 0.4602, loss_qp = 0.5854, total loss = -7.3915, acc = 0.7917, lr = 3.981069e-09] (10.5 samples/sec; 11.407 sec/batch)
(E:45, S:13) [loss_dt = 0.4008, loss_qp = 0.5077, total loss = -7.3738, acc = 0.8167, lr = 3.981069e-09] (10.6 samples/sec; 11.349 sec/batch)
(E:45, S:14) [loss_dt = 0.5070, loss_qp = 0.5688, total loss = -7.4389, acc = 0.7750, lr = 3.981069e-09] (10.7 samples/sec; 11.265 sec/batch)
(E:45, S:15) [loss_dt = 0.5086, loss_qp = 0.5565, total loss = -7.4788, acc = 0.7833, lr = 3.981069e-09] (10.7 samples/sec; 11.209 sec/batch)
(E:45, S:16) [loss_dt = 0.3897, loss_qp = 0.3904, total loss = -7.2776, acc = 0.8417, lr = 3.981069e-09] (10.7 samples/sec; 11.166 sec/batch)
(E:45, S:17) [loss_dt = 0.3545, loss_qp = 0.4179, total loss = -7.1411, acc = 0.8333, lr = 3.981069e-09] (10.8 samples/sec; 11.129 sec/batch)
(E:45, S:18) [loss_dt = 0.4149, loss_qp = 0.5822, total loss = -7.2589, acc = 0.8000, lr = 3.981069e-09] (10.8 samples/sec; 11.094 sec/batch)
(E:45, S:19) [loss_dt = 0.4715, loss_qp = 0.5695, total loss = -7.3401, acc = 0.8417, lr = 3.981069e-09] (10.9 samples/sec; 11.049 sec/batch)
(E:45, S:20) [loss_dt = 0.4751, loss_qp = 0.5279, total loss = -7.3504, acc = 0.7833, lr = 3.981069e-09] (10.9 samples/sec; 11.006 sec/batch)
(E:45, S:21) [loss_dt = 0.3356, loss_qp = 0.5254, total loss = -7.3699, acc = 0.8250, lr = 3.981069e-09] (10.9 samples/sec; 10.980 sec/batch)
(E:45, S:22) [loss_dt = 0.6113, loss_qp = 0.4637, total loss = -7.2674, acc = 0.7833, lr = 3.981069e-09] (11.0 samples/sec; 10.888 sec/batch)
(E:45, S:23) [loss_dt = 0.4703, loss_qp = 0.6002, total loss = -7.3940, acc = 0.7917, lr = 3.981069e-09] (11.1 samples/sec; 10.768 sec/batch)
(E:45, S:24) [loss_dt = 0.3386, loss_qp = 0.5647, total loss = -7.4678, acc = 0.8833, lr = 3.981069e-09] (11.2 samples/sec; 10.714 sec/batch)
(E:45, S:25) [loss_dt = 0.3707, loss_qp = 0.5634, total loss = -7.5291, acc = 0.8750, lr = 3.981069e-09] (11.2 samples/sec; 10.676 sec/batch)
(E:45, S:26) [loss_dt = 0.3489, loss_qp = 0.4305, total loss = -7.3870, acc = 0.8500, lr = 3.981069e-09] (11.3 samples/sec; 10.658 sec/batch)
(E:45, S:27) [loss_dt = 0.5353, loss_qp = 0.6062, total loss = -7.5042, acc = 0.7583, lr = 3.981069e-09] (11.3 samples/sec; 10.622 sec/batch)
(E:45, S:28) [loss_dt = 0.4493, loss_qp = 0.4910, total loss = -7.4452, acc = 0.7750, lr = 3.981069e-09] (11.3 samples/sec; 10.641 sec/batch)
(E:45, S:29) [loss_dt = 0.3176, loss_qp = 0.5104, total loss = -7.4345, acc = 0.8750, lr = 3.981069e-09] (11.3 samples/sec; 10.620 sec/batch)
(E:45, S:30) [loss_dt = 0.5357, loss_qp = 0.5602, total loss = -7.4778, acc = 0.7917, lr = 3.981069e-09] (11.3 samples/sec; 10.595 sec/batch)
(E:45, S:31) [loss_dt = 0.4617, loss_qp = 0.5091, total loss = -7.4476, acc = 0.8333, lr = 3.981069e-09] (11.4 samples/sec; 10.522 sec/batch)
(E:45, S:32) [loss_dt = 0.2933, loss_qp = 0.5193, total loss = -7.4524, acc = 0.8667, lr = 3.981069e-09] (11.5 samples/sec; 10.456 sec/batch)
(E:45, S:33) [loss_dt = 0.3456, loss_qp = 0.5612, total loss = -7.5144, acc = 0.8417, lr = 3.981069e-09] (11.4 samples/sec; 10.487 sec/batch)
(E:45, S:34) [loss_dt = 0.5025, loss_qp = 0.5405, total loss = -7.5235, acc = 0.7333, lr = 3.981069e-09] (11.4 samples/sec; 10.490 sec/batch)
(E:45, S:35) [loss_dt = 0.3619, loss_qp = 0.6054, total loss = -7.6431, acc = 0.8333, lr = 3.981069e-09] (11.5 samples/sec; 10.470 sec/batch)
(E:45, S:36) [loss_dt = 0.2199, loss_qp = 0.5424, total loss = -7.6704, acc = 0.9083, lr = 3.981069e-09] (11.4 samples/sec; 10.486 sec/batch)
(E:45, S:37) [loss_dt = 0.4524, loss_qp = 0.4930, total loss = -7.5977, acc = 0.8083, lr = 3.981069e-09] (11.4 samples/sec; 10.481 sec/batch)
(E:45, S:38) [loss_dt = 0.4631, loss_qp = 0.4900, total loss = -7.5267, acc = 0.8000, lr = 3.981069e-09] (11.4 samples/sec; 10.484 sec/batch)
(E:45, S:39) [loss_dt = 0.3803, loss_qp = 0.6103, total loss = -7.6514, acc = 0.7917, lr = 3.981069e-09] (11.5 samples/sec; 10.464 sec/batch)
(E:45, S:40) [loss_dt = 0.3022, loss_qp = 0.5462, total loss = -7.6753, acc = 0.8667, lr = 3.981069e-09] (11.5 samples/sec; 10.472 sec/batch)
(E:45, S:41) [loss_dt = 0.4031, loss_qp = 0.5377, total loss = -7.6740, acc = 0.8167, lr = 3.981069e-09] (11.4 samples/sec; 10.501 sec/batch)
(E:45, S:42) [loss_dt = 0.4087, loss_qp = 0.4414, total loss = -7.5277, acc = 0.8250, lr = 3.981069e-09] (11.5 samples/sec; 10.422 sec/batch)
(E:45, S:43) [loss_dt = 0.6058, loss_qp = 0.5384, total loss = -7.5220, acc = 0.7750, lr = 3.981069e-09] (11.5 samples/sec; 10.443 sec/batch)
(E:45, S:44) [loss_dt = 0.5570, loss_qp = 0.5452, total loss = -7.5319, acc = 0.7667, lr = 3.981069e-09] (12.1 samples/sec; 9.945 sec/batch)
(E:45, S:45) [loss_dt = 0.3609, loss_qp = 0.3930, total loss = -7.3321, acc = 0.8083, lr = 3.981069e-09] (13.4 samples/sec; 8.987 sec/batch)
(E:45, S:46) [loss_dt = 0.3479, loss_qp = 0.5918, total loss = -7.4518, acc = 0.8750, lr = 3.981069e-09] (14.8 samples/sec; 8.128 sec/batch)
(E:45, S:47) [loss_dt = 0.3732, loss_qp = 0.6312, total loss = -7.6162, acc = 0.8083, lr = 3.981069e-09] (16.3 samples/sec; 7.355 sec/batch)
(E:45, S:48) [loss_dt = 0.3524, loss_qp = 0.5023, total loss = -7.5727, acc = 0.8667, lr = 3.981069e-09] (18.0 samples/sec; 6.660 sec/batch)
(E:45, S:49) [loss_dt = 0.3327, loss_qp = 0.5241, total loss = -7.5684, acc = 0.8583, lr = 3.981069e-09] (19.9 samples/sec; 6.029 sec/batch)
(E:45, S:50) [loss_dt = 0.4611, loss_qp = 0.4388, total loss = -7.4237, acc = 0.7750, lr = 3.981069e-09] (22.0 samples/sec; 5.464 sec/batch)
(E:45, S:51) [loss_dt = 0.3658, loss_qp = 0.4734, total loss = -7.3549, acc = 0.8583, lr = 3.981069e-09] (24.2 samples/sec; 4.954 sec/batch)
PLCC: 0.4578, SROCC: 0.4186, Acc: 0.7603
(E:46, S:0) [loss_dt = 0.4669, loss_qp = 0.5112, total loss = -7.3395, acc = 0.7917, lr = 3.162279e-09] (6.4 samples/sec; 18.766 sec/batch)
(E:46, S:1) [loss_dt = 0.4298, loss_qp = 0.5004, total loss = -7.3132, acc = 0.8333, lr = 3.162279e-09] (7.1 samples/sec; 16.935 sec/batch)
(E:46, S:2) [loss_dt = 0.5296, loss_qp = 0.4957, total loss = -7.2725, acc = 0.7917, lr = 3.162279e-09] (7.8 samples/sec; 15.290 sec/batch)
(E:46, S:3) [loss_dt = 0.4914, loss_qp = 0.4223, total loss = -7.1296, acc = 0.7500, lr = 3.162279e-09] (8.7 samples/sec; 13.807 sec/batch)
(E:46, S:4) [loss_dt = 0.3793, loss_qp = 0.4873, total loss = -7.1097, acc = 0.8583, lr = 3.162279e-09] (9.6 samples/sec; 12.464 sec/batch)
(E:46, S:5) [loss_dt = 0.4546, loss_qp = 0.5482, total loss = -7.1755, acc = 0.7833, lr = 3.162279e-09] (9.9 samples/sec; 12.177 sec/batch)
(E:46, S:6) [loss_dt = 0.3702, loss_qp = 0.5446, total loss = -7.2379, acc = 0.8583, lr = 3.162279e-09] (10.0 samples/sec; 12.039 sec/batch)
(E:46, S:7) [loss_dt = 0.4015, loss_qp = 0.4856, total loss = -7.2024, acc = 0.8417, lr = 3.162279e-09] (10.1 samples/sec; 11.899 sec/batch)
(E:46, S:8) [loss_dt = 0.4556, loss_qp = 0.5412, total loss = -7.2483, acc = 0.8167, lr = 3.162279e-09] (10.3 samples/sec; 11.664 sec/batch)
(E:46, S:9) [loss_dt = 0.4110, loss_qp = 0.5534, total loss = -7.3124, acc = 0.8583, lr = 3.162279e-09] (10.4 samples/sec; 11.551 sec/batch)
(E:46, S:10) [loss_dt = 0.4004, loss_qp = 0.5143, total loss = -7.3126, acc = 0.8500, lr = 3.162279e-09] (10.5 samples/sec; 11.401 sec/batch)
(E:46, S:11) [loss_dt = 0.4504, loss_qp = 0.5370, total loss = -7.3418, acc = 0.8083, lr = 3.162279e-09] (10.6 samples/sec; 11.290 sec/batch)
(E:46, S:12) [loss_dt = 0.5065, loss_qp = 0.5299, total loss = -7.3517, acc = 0.8000, lr = 3.162279e-09] (10.8 samples/sec; 11.154 sec/batch)
(E:46, S:13) [loss_dt = 0.4880, loss_qp = 0.4906, total loss = -7.3037, acc = 0.8083, lr = 3.162279e-09] (10.8 samples/sec; 11.065 sec/batch)
(E:46, S:14) [loss_dt = 0.4455, loss_qp = 0.5121, total loss = -7.2969, acc = 0.7833, lr = 3.162279e-09] (11.0 samples/sec; 10.954 sec/batch)
(E:46, S:15) [loss_dt = 0.3838, loss_qp = 0.5130, total loss = -7.2983, acc = 0.8083, lr = 3.162279e-09] (11.0 samples/sec; 10.876 sec/batch)
(E:46, S:16) [loss_dt = 0.5870, loss_qp = 0.6411, total loss = -7.4714, acc = 0.7917, lr = 3.162279e-09] (11.1 samples/sec; 10.819 sec/batch)
(E:46, S:17) [loss_dt = 0.3561, loss_qp = 0.5948, total loss = -7.5808, acc = 0.8583, lr = 3.162279e-09] (11.2 samples/sec; 10.742 sec/batch)
(E:46, S:18) [loss_dt = 0.5182, loss_qp = 0.4960, total loss = -7.5148, acc = 0.7667, lr = 3.162279e-09] (11.2 samples/sec; 10.736 sec/batch)
(E:46, S:19) [loss_dt = 0.4663, loss_qp = 0.5387, total loss = -7.5248, acc = 0.8000, lr = 3.162279e-09] (11.2 samples/sec; 10.668 sec/batch)
(E:46, S:20) [loss_dt = 0.4146, loss_qp = 0.6649, total loss = -7.7282, acc = 0.8250, lr = 3.162279e-09] (11.2 samples/sec; 10.676 sec/batch)
(E:46, S:21) [loss_dt = 0.3942, loss_qp = 0.5222, total loss = -7.6993, acc = 0.8417, lr = 3.162279e-09] (11.3 samples/sec; 10.635 sec/batch)
(E:46, S:22) [loss_dt = 0.3940, loss_qp = 0.5129, total loss = -7.6593, acc = 0.8417, lr = 3.162279e-09] (11.3 samples/sec; 10.620 sec/batch)
(E:46, S:23) [loss_dt = 0.4730, loss_qp = 0.4715, total loss = -7.5534, acc = 0.7833, lr = 3.162279e-09] (11.3 samples/sec; 10.603 sec/batch)
(E:46, S:24) [loss_dt = 0.4321, loss_qp = 0.5954, total loss = -7.6480, acc = 0.8083, lr = 3.162279e-09] (11.3 samples/sec; 10.590 sec/batch)
(E:46, S:25) [loss_dt = 0.3796, loss_qp = 0.5521, total loss = -7.6733, acc = 0.8417, lr = 3.162279e-09] (11.4 samples/sec; 10.566 sec/batch)
(E:46, S:26) [loss_dt = 0.5241, loss_qp = 0.5450, total loss = -7.6710, acc = 0.7417, lr = 3.162279e-09] (11.4 samples/sec; 10.515 sec/batch)
(E:46, S:27) [loss_dt = 0.4196, loss_qp = 0.5217, total loss = -7.6445, acc = 0.7917, lr = 3.162279e-09] (11.4 samples/sec; 10.493 sec/batch)
(E:46, S:28) [loss_dt = 0.3576, loss_qp = 0.4826, total loss = -7.5682, acc = 0.8333, lr = 3.162279e-09] (11.4 samples/sec; 10.491 sec/batch)
(E:46, S:29) [loss_dt = 0.3366, loss_qp = 0.6727, total loss = -7.7868, acc = 0.8583, lr = 3.162279e-09] (11.5 samples/sec; 10.440 sec/batch)
(E:46, S:30) [loss_dt = 0.3953, loss_qp = 0.5372, total loss = -7.7744, acc = 0.8000, lr = 3.162279e-09] (11.5 samples/sec; 10.425 sec/batch)
(E:46, S:31) [loss_dt = 0.3004, loss_qp = 0.6154, total loss = -7.8900, acc = 0.8583, lr = 3.162279e-09] (11.5 samples/sec; 10.411 sec/batch)
(E:46, S:32) [loss_dt = 0.2962, loss_qp = 0.4074, total loss = -7.6825, acc = 0.8833, lr = 3.162279e-09] (11.5 samples/sec; 10.454 sec/batch)
(E:46, S:33) [loss_dt = 0.4770, loss_qp = 0.4968, total loss = -7.6117, acc = 0.8083, lr = 3.162279e-09] (11.5 samples/sec; 10.456 sec/batch)
(E:46, S:34) [loss_dt = 0.4382, loss_qp = 0.4845, total loss = -7.5335, acc = 0.8500, lr = 3.162279e-09] (11.5 samples/sec; 10.463 sec/batch)
(E:46, S:35) [loss_dt = 0.4729, loss_qp = 0.4454, total loss = -7.4008, acc = 0.7667, lr = 3.162279e-09] (11.4 samples/sec; 10.511 sec/batch)
(E:46, S:36) [loss_dt = 0.3757, loss_qp = 0.5174, total loss = -7.3994, acc = 0.8250, lr = 3.162279e-09] (11.5 samples/sec; 10.472 sec/batch)
(E:46, S:37) [loss_dt = 0.3511, loss_qp = 0.5099, total loss = -7.3891, acc = 0.8500, lr = 3.162279e-09] (11.5 samples/sec; 10.464 sec/batch)
(E:46, S:38) [loss_dt = 0.3932, loss_qp = 0.5057, total loss = -7.3694, acc = 0.8500, lr = 3.162279e-09] (11.5 samples/sec; 10.426 sec/batch)
(E:46, S:39) [loss_dt = 0.4668, loss_qp = 0.5305, total loss = -7.3816, acc = 0.8167, lr = 3.162279e-09] (11.5 samples/sec; 10.428 sec/batch)
(E:46, S:40) [loss_dt = 0.5240, loss_qp = 0.5773, total loss = -7.4570, acc = 0.7750, lr = 3.162279e-09] (11.5 samples/sec; 10.446 sec/batch)
(E:46, S:41) [loss_dt = 0.2924, loss_qp = 0.4940, total loss = -7.4230, acc = 0.8750, lr = 3.162279e-09] (11.5 samples/sec; 10.421 sec/batch)
(E:46, S:42) [loss_dt = 0.4104, loss_qp = 0.5127, total loss = -7.4087, acc = 0.7833, lr = 3.162279e-09] (11.5 samples/sec; 10.455 sec/batch)
(E:46, S:43) [loss_dt = 0.4320, loss_qp = 0.6168, total loss = -7.5498, acc = 0.8167, lr = 3.162279e-09] (11.5 samples/sec; 10.421 sec/batch)
(E:46, S:44) [loss_dt = 0.3302, loss_qp = 0.4957, total loss = -7.5053, acc = 0.8667, lr = 3.162279e-09] (12.1 samples/sec; 9.909 sec/batch)
(E:46, S:45) [loss_dt = 0.4432, loss_qp = 0.5251, total loss = -7.4982, acc = 0.8000, lr = 3.162279e-09] (13.4 samples/sec; 8.950 sec/batch)
(E:46, S:46) [loss_dt = 0.4281, loss_qp = 0.5269, total loss = -7.4958, acc = 0.8417, lr = 3.162279e-09] (14.8 samples/sec; 8.090 sec/batch)
(E:46, S:47) [loss_dt = 0.4327, loss_qp = 0.5252, total loss = -7.4907, acc = 0.7750, lr = 3.162279e-09] (16.4 samples/sec; 7.316 sec/batch)
(E:46, S:48) [loss_dt = 0.4673, loss_qp = 0.5474, total loss = -7.5161, acc = 0.7417, lr = 3.162279e-09] (18.1 samples/sec; 6.620 sec/batch)
(E:46, S:49) [loss_dt = 0.4797, loss_qp = 0.5268, total loss = -7.5067, acc = 0.7667, lr = 3.162279e-09] (20.0 samples/sec; 5.995 sec/batch)
(E:46, S:50) [loss_dt = 0.3063, loss_qp = 0.5444, total loss = -7.5420, acc = 0.8500, lr = 3.162279e-09] (22.1 samples/sec; 5.436 sec/batch)
(E:46, S:51) [loss_dt = 0.3516, loss_qp = 0.5227, total loss = -7.5367, acc = 0.8333, lr = 3.162279e-09] (24.3 samples/sec; 4.930 sec/batch)
PLCC: 0.4674, SROCC: 0.4280, Acc: 0.7519
(E:47, S:0) [loss_dt = 0.4181, loss_qp = 0.5468, total loss = -7.5614, acc = 0.7833, lr = 2.511887e-09] (6.4 samples/sec; 18.666 sec/batch)
(E:47, S:1) [loss_dt = 0.5185, loss_qp = 0.4228, total loss = -7.3877, acc = 0.8083, lr = 2.511887e-09] (7.1 samples/sec; 16.842 sec/batch)
(E:47, S:2) [loss_dt = 0.3970, loss_qp = 0.4843, total loss = -7.3357, acc = 0.8333, lr = 2.511887e-09] (7.9 samples/sec; 15.206 sec/batch)
(E:47, S:3) [loss_dt = 0.4598, loss_qp = 0.5920, total loss = -7.4441, acc = 0.8333, lr = 2.511887e-09] (8.7 samples/sec; 13.734 sec/batch)
(E:47, S:4) [loss_dt = 0.3621, loss_qp = 0.4507, total loss = -7.3395, acc = 0.8667, lr = 2.511887e-09] (9.7 samples/sec; 12.397 sec/batch)
(E:47, S:5) [loss_dt = 0.5375, loss_qp = 0.5194, total loss = -7.3309, acc = 0.7833, lr = 2.511887e-09] (10.0 samples/sec; 11.942 sec/batch)
(E:47, S:6) [loss_dt = 0.4998, loss_qp = 0.4847, total loss = -7.2748, acc = 0.7833, lr = 2.511887e-09] (10.2 samples/sec; 11.823 sec/batch)
(E:47, S:7) [loss_dt = 0.2851, loss_qp = 0.5376, total loss = -7.3252, acc = 0.8833, lr = 2.511887e-09] (10.2 samples/sec; 11.725 sec/batch)
(E:47, S:8) [loss_dt = 0.3393, loss_qp = 0.5413, total loss = -7.3707, acc = 0.8500, lr = 2.511887e-09] (10.4 samples/sec; 11.580 sec/batch)
(E:47, S:9) [loss_dt = 0.3966, loss_qp = 0.4887, total loss = -7.3271, acc = 0.8417, lr = 2.511887e-09] (10.4 samples/sec; 11.512 sec/batch)
(E:47, S:10) [loss_dt = 0.4364, loss_qp = 0.4676, total loss = -7.2522, acc = 0.8250, lr = 2.511887e-09] (10.5 samples/sec; 11.379 sec/batch)
(E:47, S:11) [loss_dt = 0.3652, loss_qp = 0.5808, total loss = -7.3617, acc = 0.8333, lr = 2.511887e-09] (10.6 samples/sec; 11.306 sec/batch)
(E:47, S:12) [loss_dt = 0.5170, loss_qp = 0.5155, total loss = -7.3470, acc = 0.7750, lr = 2.511887e-09] (10.7 samples/sec; 11.204 sec/batch)
(E:47, S:13) [loss_dt = 0.4384, loss_qp = 0.5276, total loss = -7.3598, acc = 0.8083, lr = 2.511887e-09] (10.8 samples/sec; 11.127 sec/batch)
(E:47, S:14) [loss_dt = 0.6195, loss_qp = 0.5052, total loss = -7.3197, acc = 0.7500, lr = 2.511887e-09] (10.8 samples/sec; 11.083 sec/batch)
(E:47, S:15) [loss_dt = 0.4753, loss_qp = 0.4775, total loss = -7.2565, acc = 0.8333, lr = 2.511887e-09] (10.9 samples/sec; 10.968 sec/batch)
(E:47, S:16) [loss_dt = 0.4084, loss_qp = 0.4780, total loss = -7.2070, acc = 0.8000, lr = 2.511887e-09] (11.0 samples/sec; 10.915 sec/batch)
(E:47, S:17) [loss_dt = 0.4978, loss_qp = 0.5583, total loss = -7.2740, acc = 0.8083, lr = 2.511887e-09] (11.0 samples/sec; 10.863 sec/batch)
(E:47, S:18) [loss_dt = 0.5408, loss_qp = 0.6297, total loss = -7.4371, acc = 0.7500, lr = 2.511887e-09] (11.1 samples/sec; 10.848 sec/batch)
(E:47, S:19) [loss_dt = 0.5487, loss_qp = 0.6426, total loss = -7.6024, acc = 0.8000, lr = 2.511887e-09] (11.1 samples/sec; 10.808 sec/batch)
(E:47, S:20) [loss_dt = 0.3434, loss_qp = 0.5721, total loss = -7.6659, acc = 0.8667, lr = 2.511887e-09] (11.2 samples/sec; 10.712 sec/batch)
(E:47, S:21) [loss_dt = 0.3723, loss_qp = 0.5983, total loss = -7.7595, acc = 0.8500, lr = 2.511887e-09] (11.2 samples/sec; 10.717 sec/batch)
(E:47, S:22) [loss_dt = 0.4382, loss_qp = 0.5008, total loss = -7.6909, acc = 0.8167, lr = 2.511887e-09] (11.2 samples/sec; 10.685 sec/batch)
(E:47, S:23) [loss_dt = 0.5311, loss_qp = 0.5743, total loss = -7.7301, acc = 0.7083, lr = 2.511887e-09] (11.2 samples/sec; 10.674 sec/batch)
(E:47, S:24) [loss_dt = 0.4348, loss_qp = 0.4790, total loss = -7.6321, acc = 0.7667, lr = 2.511887e-09] (11.2 samples/sec; 10.674 sec/batch)
(E:47, S:25) [loss_dt = 0.3260, loss_qp = 0.5719, total loss = -7.6942, acc = 0.8750, lr = 2.511887e-09] (11.3 samples/sec; 10.599 sec/batch)
(E:47, S:26) [loss_dt = 0.4754, loss_qp = 0.5522, total loss = -7.7055, acc = 0.7917, lr = 2.511887e-09] (11.4 samples/sec; 10.512 sec/batch)
(E:47, S:27) [loss_dt = 0.3583, loss_qp = 0.5675, total loss = -7.7504, acc = 0.8250, lr = 2.511887e-09] (11.4 samples/sec; 10.496 sec/batch)
(E:47, S:28) [loss_dt = 0.4272, loss_qp = 0.4447, total loss = -7.5997, acc = 0.7833, lr = 2.511887e-09] (11.4 samples/sec; 10.544 sec/batch)
(E:47, S:29) [loss_dt = 0.4748, loss_qp = 0.5372, total loss = -7.5981, acc = 0.7750, lr = 2.511887e-09] (11.4 samples/sec; 10.542 sec/batch)
(E:47, S:30) [loss_dt = 0.5179, loss_qp = 0.5090, total loss = -7.5501, acc = 0.8000, lr = 2.511887e-09] (11.4 samples/sec; 10.544 sec/batch)
(E:47, S:31) [loss_dt = 0.4948, loss_qp = 0.5333, total loss = -7.5455, acc = 0.7917, lr = 2.511887e-09] (11.4 samples/sec; 10.568 sec/batch)
(E:47, S:32) [loss_dt = 0.3637, loss_qp = 0.5687, total loss = -7.6077, acc = 0.8167, lr = 2.511887e-09] (11.4 samples/sec; 10.542 sec/batch)
(E:47, S:33) [loss_dt = 0.3516, loss_qp = 0.5893, total loss = -7.6957, acc = 0.8250, lr = 2.511887e-09] (11.4 samples/sec; 10.544 sec/batch)
(E:47, S:34) [loss_dt = 0.3457, loss_qp = 0.4863, total loss = -7.6210, acc = 0.8167, lr = 2.511887e-09] (11.5 samples/sec; 10.480 sec/batch)
(E:47, S:35) [loss_dt = 0.4822, loss_qp = 0.5758, total loss = -7.6743, acc = 0.8250, lr = 2.511887e-09] (11.6 samples/sec; 10.382 sec/batch)
(E:47, S:36) [loss_dt = 0.3532, loss_qp = 0.6193, total loss = -7.8005, acc = 0.8583, lr = 2.511887e-09] (11.6 samples/sec; 10.380 sec/batch)
(E:47, S:37) [loss_dt = 0.4616, loss_qp = 0.4982, total loss = -7.7216, acc = 0.8083, lr = 2.511887e-09] (11.5 samples/sec; 10.397 sec/batch)
(E:47, S:38) [loss_dt = 0.4253, loss_qp = 0.4946, total loss = -7.6489, acc = 0.7917, lr = 2.511887e-09] (11.5 samples/sec; 10.408 sec/batch)
(E:47, S:39) [loss_dt = 0.4667, loss_qp = 0.4891, total loss = -7.5710, acc = 0.7583, lr = 2.511887e-09] (11.5 samples/sec; 10.408 sec/batch)
(E:47, S:40) [loss_dt = 0.2708, loss_qp = 0.4405, total loss = -7.4476, acc = 0.8667, lr = 2.511887e-09] (11.5 samples/sec; 10.427 sec/batch)
(E:47, S:41) [loss_dt = 0.4277, loss_qp = 0.5135, total loss = -7.4304, acc = 0.8083, lr = 2.511887e-09] (11.5 samples/sec; 10.446 sec/batch)
(E:47, S:42) [loss_dt = 0.3742, loss_qp = 0.4028, total loss = -7.2542, acc = 0.8167, lr = 2.511887e-09] (11.5 samples/sec; 10.433 sec/batch)
(E:47, S:43) [loss_dt = 0.3726, loss_qp = 0.4929, total loss = -7.2308, acc = 0.8083, lr = 2.511887e-09] (11.5 samples/sec; 10.470 sec/batch)
(E:47, S:44) [loss_dt = 0.3784, loss_qp = 0.3808, total loss = -7.0410, acc = 0.8167, lr = 2.511887e-09] (12.1 samples/sec; 9.950 sec/batch)
(E:47, S:45) [loss_dt = 0.4728, loss_qp = 0.6158, total loss = -7.2134, acc = 0.8333, lr = 2.511887e-09] (13.3 samples/sec; 8.990 sec/batch)
(E:47, S:46) [loss_dt = 0.4802, loss_qp = 0.4661, total loss = -7.1432, acc = 0.7833, lr = 2.511887e-09] (14.8 samples/sec; 8.125 sec/batch)
(E:47, S:47) [loss_dt = 0.4021, loss_qp = 0.4799, total loss = -7.1085, acc = 0.8333, lr = 2.511887e-09] (16.3 samples/sec; 7.347 sec/batch)
(E:47, S:48) [loss_dt = 0.2634, loss_qp = 0.4739, total loss = -7.0822, acc = 0.8750, lr = 2.511887e-09] (18.0 samples/sec; 6.648 sec/batch)
(E:47, S:49) [loss_dt = 0.4378, loss_qp = 0.5553, total loss = -7.1631, acc = 0.8167, lr = 2.511887e-09] (19.9 samples/sec; 6.015 sec/batch)
(E:47, S:50) [loss_dt = 0.5843, loss_qp = 0.5715, total loss = -7.2456, acc = 0.7417, lr = 2.511887e-09] (22.0 samples/sec; 5.448 sec/batch)
(E:47, S:51) [loss_dt = 0.2923, loss_qp = 0.4610, total loss = -7.1834, acc = 0.8750, lr = 2.511887e-09] (24.3 samples/sec; 4.939 sec/batch)
PLCC: 0.4409, SROCC: 0.4014, Acc: 0.7603
(E:48, S:0) [loss_dt = 0.4516, loss_qp = 0.4950, total loss = -7.1624, acc = 0.8083, lr = 1.995263e-09] (6.4 samples/sec; 18.827 sec/batch)
(E:48, S:1) [loss_dt = 0.4193, loss_qp = 0.5914, total loss = -7.2913, acc = 0.8417, lr = 1.995263e-09] (7.1 samples/sec; 16.986 sec/batch)
(E:48, S:2) [loss_dt = 0.4010, loss_qp = 0.5378, total loss = -7.3287, acc = 0.8250, lr = 1.995263e-09] (7.8 samples/sec; 15.331 sec/batch)
(E:48, S:3) [loss_dt = 0.4618, loss_qp = 0.6291, total loss = -7.4933, acc = 0.8167, lr = 1.995263e-09] (8.7 samples/sec; 13.831 sec/batch)
(E:48, S:4) [loss_dt = 0.3781, loss_qp = 0.6001, total loss = -7.6062, acc = 0.8167, lr = 1.995263e-09] (9.6 samples/sec; 12.481 sec/batch)
(E:48, S:5) [loss_dt = 0.4757, loss_qp = 0.5008, total loss = -7.5492, acc = 0.7667, lr = 1.995263e-09] (10.0 samples/sec; 12.023 sec/batch)
(E:48, S:6) [loss_dt = 0.4254, loss_qp = 0.3512, total loss = -7.2786, acc = 0.7917, lr = 1.995263e-09] (10.1 samples/sec; 11.881 sec/batch)
(E:48, S:7) [loss_dt = 0.3412, loss_qp = 0.6156, total loss = -7.4401, acc = 0.8583, lr = 1.995263e-09] (10.3 samples/sec; 11.642 sec/batch)
(E:48, S:8) [loss_dt = 0.3981, loss_qp = 0.4396, total loss = -7.3156, acc = 0.8333, lr = 1.995263e-09] (10.4 samples/sec; 11.498 sec/batch)
(E:48, S:9) [loss_dt = 0.3184, loss_qp = 0.4666, total loss = -7.2521, acc = 0.8667, lr = 1.995263e-09] (10.5 samples/sec; 11.410 sec/batch)
(E:48, S:10) [loss_dt = 0.3138, loss_qp = 0.4476, total loss = -7.1669, acc = 0.8500, lr = 1.995263e-09] (10.6 samples/sec; 11.335 sec/batch)
(E:48, S:11) [loss_dt = 0.4934, loss_qp = 0.4404, total loss = -7.0615, acc = 0.7917, lr = 1.995263e-09] (10.6 samples/sec; 11.276 sec/batch)
(E:48, S:12) [loss_dt = 0.4137, loss_qp = 0.4806, total loss = -7.0348, acc = 0.8417, lr = 1.995263e-09] (10.7 samples/sec; 11.164 sec/batch)
(E:48, S:13) [loss_dt = 0.5274, loss_qp = 0.5511, total loss = -7.1053, acc = 0.7500, lr = 1.995263e-09] (10.8 samples/sec; 11.131 sec/batch)
(E:48, S:14) [loss_dt = 0.3548, loss_qp = 0.5028, total loss = -7.1135, acc = 0.8500, lr = 1.995263e-09] (10.8 samples/sec; 11.118 sec/batch)
(E:48, S:15) [loss_dt = 0.4948, loss_qp = 0.5569, total loss = -7.1881, acc = 0.7833, lr = 1.995263e-09] (10.9 samples/sec; 11.052 sec/batch)
(E:48, S:16) [loss_dt = 0.3827, loss_qp = 0.5712, total loss = -7.2878, acc = 0.8167, lr = 1.995263e-09] (10.9 samples/sec; 11.010 sec/batch)
(E:48, S:17) [loss_dt = 0.5316, loss_qp = 0.6398, total loss = -7.4656, acc = 0.7667, lr = 1.995263e-09] (11.0 samples/sec; 10.920 sec/batch)
(E:48, S:18) [loss_dt = 0.3825, loss_qp = 0.5764, total loss = -7.5454, acc = 0.8167, lr = 1.995263e-09] (11.1 samples/sec; 10.856 sec/batch)
(E:48, S:19) [loss_dt = 0.4220, loss_qp = 0.4919, total loss = -7.4865, acc = 0.8250, lr = 1.995263e-09] (11.1 samples/sec; 10.803 sec/batch)
(E:48, S:20) [loss_dt = 0.4032, loss_qp = 0.5016, total loss = -7.4500, acc = 0.8167, lr = 1.995263e-09] (11.1 samples/sec; 10.795 sec/batch)
(E:48, S:21) [loss_dt = 0.3132, loss_qp = 0.5903, total loss = -7.5590, acc = 0.8667, lr = 1.995263e-09] (11.1 samples/sec; 10.789 sec/batch)
(E:48, S:22) [loss_dt = 0.3730, loss_qp = 0.6125, total loss = -7.6845, acc = 0.8750, lr = 1.995263e-09] (11.1 samples/sec; 10.769 sec/batch)
(E:48, S:23) [loss_dt = 0.3674, loss_qp = 0.5201, total loss = -7.6595, acc = 0.8667, lr = 1.995263e-09] (11.2 samples/sec; 10.741 sec/batch)
(E:48, S:24) [loss_dt = 0.4171, loss_qp = 0.5019, total loss = -7.6047, acc = 0.8000, lr = 1.995263e-09] (11.3 samples/sec; 10.662 sec/batch)
(E:48, S:25) [loss_dt = 0.5676, loss_qp = 0.5461, total loss = -7.6066, acc = 0.7833, lr = 1.995263e-09] (11.3 samples/sec; 10.591 sec/batch)
(E:48, S:26) [loss_dt = 0.6012, loss_qp = 0.4778, total loss = -7.5025, acc = 0.7167, lr = 1.995263e-09] (11.3 samples/sec; 10.573 sec/batch)
(E:48, S:27) [loss_dt = 0.4526, loss_qp = 0.5565, total loss = -7.5417, acc = 0.7833, lr = 1.995263e-09] (11.4 samples/sec; 10.546 sec/batch)
(E:48, S:28) [loss_dt = 0.6221, loss_qp = 0.5205, total loss = -7.5060, acc = 0.7417, lr = 1.995263e-09] (11.3 samples/sec; 10.602 sec/batch)
(E:48, S:29) [loss_dt = 0.4211, loss_qp = 0.4487, total loss = -7.3864, acc = 0.7917, lr = 1.995263e-09] (11.4 samples/sec; 10.568 sec/batch)
(E:48, S:30) [loss_dt = 0.3414, loss_qp = 0.4555, total loss = -7.2968, acc = 0.8583, lr = 1.995263e-09] (11.3 samples/sec; 10.593 sec/batch)
(E:48, S:31) [loss_dt = 0.3281, loss_qp = 0.4933, total loss = -7.2743, acc = 0.8917, lr = 1.995263e-09] (11.4 samples/sec; 10.566 sec/batch)
(E:48, S:32) [loss_dt = 0.4587, loss_qp = 0.5726, total loss = -7.3599, acc = 0.7500, lr = 1.995263e-09] (11.4 samples/sec; 10.519 sec/batch)
(E:48, S:33) [loss_dt = 0.4150, loss_qp = 0.4823, total loss = -7.3058, acc = 0.7917, lr = 1.995263e-09] (11.5 samples/sec; 10.461 sec/batch)
(E:48, S:34) [loss_dt = 0.3033, loss_qp = 0.3839, total loss = -7.1208, acc = 0.8417, lr = 1.995263e-09] (11.5 samples/sec; 10.439 sec/batch)
(E:48, S:35) [loss_dt = 0.7346, loss_qp = 0.5884, total loss = -7.2178, acc = 0.7583, lr = 1.995263e-09] (11.4 samples/sec; 10.508 sec/batch)
(E:48, S:36) [loss_dt = 0.4085, loss_qp = 0.6551, total loss = -7.4379, acc = 0.8167, lr = 1.995263e-09] (11.4 samples/sec; 10.496 sec/batch)
(E:48, S:37) [loss_dt = 0.4186, loss_qp = 0.5609, total loss = -7.4935, acc = 0.8417, lr = 1.995263e-09] (11.4 samples/sec; 10.486 sec/batch)
(E:48, S:38) [loss_dt = 0.3377, loss_qp = 0.4907, total loss = -7.4464, acc = 0.8667, lr = 1.995263e-09] (11.5 samples/sec; 10.444 sec/batch)
(E:48, S:39) [loss_dt = 0.3902, loss_qp = 0.5329, total loss = -7.4621, acc = 0.8167, lr = 1.995263e-09] (11.5 samples/sec; 10.442 sec/batch)
(E:48, S:40) [loss_dt = 0.3628, loss_qp = 0.6111, total loss = -7.5962, acc = 0.8250, lr = 1.995263e-09] (11.4 samples/sec; 10.496 sec/batch)
(E:48, S:41) [loss_dt = 0.4231, loss_qp = 0.5093, total loss = -7.5583, acc = 0.8167, lr = 1.995263e-09] (11.5 samples/sec; 10.479 sec/batch)
(E:48, S:42) [loss_dt = 0.3559, loss_qp = 0.5669, total loss = -7.6172, acc = 0.8417, lr = 1.995263e-09] (11.5 samples/sec; 10.461 sec/batch)
(E:48, S:43) [loss_dt = 0.3493, loss_qp = 0.5829, total loss = -7.6949, acc = 0.8333, lr = 1.995263e-09] (11.5 samples/sec; 10.404 sec/batch)
(E:48, S:44) [loss_dt = 0.4173, loss_qp = 0.5452, total loss = -7.7015, acc = 0.8083, lr = 1.995263e-09] (12.1 samples/sec; 9.907 sec/batch)
(E:48, S:45) [loss_dt = 0.4571, loss_qp = 0.4690, total loss = -7.5891, acc = 0.8167, lr = 1.995263e-09] (13.4 samples/sec; 8.951 sec/batch)
(E:48, S:46) [loss_dt = 0.4107, loss_qp = 0.4707, total loss = -7.4952, acc = 0.8333, lr = 1.995263e-09] (14.8 samples/sec; 8.089 sec/batch)
(E:48, S:47) [loss_dt = 0.3769, loss_qp = 0.4081, total loss = -7.3202, acc = 0.8167, lr = 1.995263e-09] (16.4 samples/sec; 7.316 sec/batch)
(E:48, S:48) [loss_dt = 0.4397, loss_qp = 0.5501, total loss = -7.3693, acc = 0.8333, lr = 1.995263e-09] (18.1 samples/sec; 6.617 sec/batch)
(E:48, S:49) [loss_dt = 0.4385, loss_qp = 0.3929, total loss = -7.1779, acc = 0.8250, lr = 1.995263e-09] (20.0 samples/sec; 5.988 sec/batch)
(E:48, S:50) [loss_dt = 0.3314, loss_qp = 0.5020, total loss = -7.1800, acc = 0.8417, lr = 1.995263e-09] (22.1 samples/sec; 5.427 sec/batch)
(E:48, S:51) [loss_dt = 0.4874, loss_qp = 0.5574, total loss = -7.2493, acc = 0.7833, lr = 1.995263e-09] (24.4 samples/sec; 4.921 sec/batch)
PLCC: 0.4472, SROCC: 0.4099, Acc: 0.7545
(E:49, S:0) [loss_dt = 0.4218, loss_qp = 0.5674, total loss = -7.3333, acc = 0.7833, lr = 1.584893e-09] (6.4 samples/sec; 18.692 sec/batch)
(E:49, S:1) [loss_dt = 0.4449, loss_qp = 0.4465, total loss = -7.2253, acc = 0.8417, lr = 1.584893e-09] (7.1 samples/sec; 16.857 sec/batch)
(E:49, S:2) [loss_dt = 0.4939, loss_qp = 0.5301, total loss = -7.2486, acc = 0.8167, lr = 1.584893e-09] (7.9 samples/sec; 15.209 sec/batch)
(E:49, S:3) [loss_dt = 0.5237, loss_qp = 0.4716, total loss = -7.1787, acc = 0.7917, lr = 1.584893e-09] (8.7 samples/sec; 13.720 sec/batch)
(E:49, S:4) [loss_dt = 0.3699, loss_qp = 0.5435, total loss = -7.2391, acc = 0.8167, lr = 1.584893e-09] (9.7 samples/sec; 12.382 sec/batch)
(E:49, S:5) [loss_dt = 0.4405, loss_qp = 0.5645, total loss = -7.3179, acc = 0.7833, lr = 1.584893e-09] (10.2 samples/sec; 11.822 sec/batch)
(E:49, S:6) [loss_dt = 0.4571, loss_qp = 0.5960, total loss = -7.4344, acc = 0.8000, lr = 1.584893e-09] (10.3 samples/sec; 11.652 sec/batch)
(E:49, S:7) [loss_dt = 0.4217, loss_qp = 0.6073, total loss = -7.5597, acc = 0.8000, lr = 1.584893e-09] (10.4 samples/sec; 11.517 sec/batch)
(E:49, S:8) [loss_dt = 0.4976, loss_qp = 0.5555, total loss = -7.5872, acc = 0.7917, lr = 1.584893e-09] (10.6 samples/sec; 11.302 sec/batch)
(E:49, S:9) [loss_dt = 0.3163, loss_qp = 0.4630, total loss = -7.4913, acc = 0.8500, lr = 1.584893e-09] (10.8 samples/sec; 11.117 sec/batch)
(E:49, S:10) [loss_dt = 0.4266, loss_qp = 0.4412, total loss = -7.3613, acc = 0.8250, lr = 1.584893e-09] (11.0 samples/sec; 10.939 sec/batch)
(E:49, S:11) [loss_dt = 0.2673, loss_qp = 0.5413, total loss = -7.4103, acc = 0.8917, lr = 1.584893e-09] (11.1 samples/sec; 10.765 sec/batch)
(E:49, S:12) [loss_dt = 0.4686, loss_qp = 0.5960, total loss = -7.5165, acc = 0.7417, lr = 1.584893e-09] (11.3 samples/sec; 10.605 sec/batch)
(E:49, S:13) [loss_dt = 0.3831, loss_qp = 0.4650, total loss = -7.4241, acc = 0.8250, lr = 1.584893e-09] (11.5 samples/sec; 10.471 sec/batch)
(E:49, S:14) [loss_dt = 0.6041, loss_qp = 0.6462, total loss = -7.5905, acc = 0.7917, lr = 1.584893e-09] (11.6 samples/sec; 10.360 sec/batch)
(E:49, S:15) [loss_dt = 0.4512, loss_qp = 0.5751, total loss = -7.6490, acc = 0.8083, lr = 1.584893e-09] (11.7 samples/sec; 10.262 sec/batch)
(E:49, S:16) [loss_dt = 0.3675, loss_qp = 0.6450, total loss = -7.8149, acc = 0.8250, lr = 1.584893e-09] (11.7 samples/sec; 10.227 sec/batch)
(E:49, S:17) [loss_dt = 0.4262, loss_qp = 0.5217, total loss = -7.7733, acc = 0.8167, lr = 1.584893e-09] (11.8 samples/sec; 10.142 sec/batch)
(E:49, S:18) [loss_dt = 0.4464, loss_qp = 0.6052, total loss = -7.8591, acc = 0.8333, lr = 1.584893e-09] (11.9 samples/sec; 10.087 sec/batch)
(E:49, S:19) [loss_dt = 0.4995, loss_qp = 0.4996, total loss = -7.7727, acc = 0.8083, lr = 1.584893e-09] (12.0 samples/sec; 10.023 sec/batch)
(E:49, S:20) [loss_dt = 0.3671, loss_qp = 0.5020, total loss = -7.7116, acc = 0.8250, lr = 1.584893e-09] (12.1 samples/sec; 9.951 sec/batch)
(E:49, S:21) [loss_dt = 0.3851, loss_qp = 0.4708, total loss = -7.6081, acc = 0.8000, lr = 1.584893e-09] (12.1 samples/sec; 9.892 sec/batch)
(E:49, S:22) [loss_dt = 0.5450, loss_qp = 0.4473, total loss = -7.4637, acc = 0.7583, lr = 1.584893e-09] (12.2 samples/sec; 9.830 sec/batch)
(E:49, S:23) [loss_dt = 0.4676, loss_qp = 0.5198, total loss = -7.4503, acc = 0.7917, lr = 1.584893e-09] (12.3 samples/sec; 9.774 sec/batch)
(E:49, S:24) [loss_dt = 0.5042, loss_qp = 0.4756, total loss = -7.3683, acc = 0.8083, lr = 1.584893e-09] (12.2 samples/sec; 9.808 sec/batch)
(E:49, S:25) [loss_dt = 0.4532, loss_qp = 0.5542, total loss = -7.4174, acc = 0.7833, lr = 1.584893e-09] (12.3 samples/sec; 9.774 sec/batch)
(E:49, S:26) [loss_dt = 0.6064, loss_qp = 0.5955, total loss = -7.5084, acc = 0.7500, lr = 1.584893e-09] (12.3 samples/sec; 9.758 sec/batch)
(E:49, S:27) [loss_dt = 0.3316, loss_qp = 0.3888, total loss = -7.3076, acc = 0.8167, lr = 1.584893e-09] (12.4 samples/sec; 9.713 sec/batch)
(E:49, S:28) [loss_dt = 0.3926, loss_qp = 0.4917, total loss = -7.2752, acc = 0.8250, lr = 1.584893e-09] (12.4 samples/sec; 9.680 sec/batch)
(E:49, S:29) [loss_dt = 0.3766, loss_qp = 0.4120, total loss = -7.1280, acc = 0.8250, lr = 1.584893e-09] (12.4 samples/sec; 9.640 sec/batch)
(E:49, S:30) [loss_dt = 0.4701, loss_qp = 0.5891, total loss = -7.2518, acc = 0.8250, lr = 1.584893e-09] (12.5 samples/sec; 9.610 sec/batch)
(E:49, S:31) [loss_dt = 0.4217, loss_qp = 0.5306, total loss = -7.2804, acc = 0.8167, lr = 1.584893e-09] (12.5 samples/sec; 9.576 sec/batch)
(E:49, S:32) [loss_dt = 0.4482, loss_qp = 0.5248, total loss = -7.2947, acc = 0.8417, lr = 1.584893e-09] (12.6 samples/sec; 9.540 sec/batch)
(E:49, S:33) [loss_dt = 0.3756, loss_qp = 0.5981, total loss = -7.4249, acc = 0.8167, lr = 1.584893e-09] (12.6 samples/sec; 9.519 sec/batch)
(E:49, S:34) [loss_dt = 0.5216, loss_qp = 0.5744, total loss = -7.4919, acc = 0.7583, lr = 1.584893e-09] (12.6 samples/sec; 9.506 sec/batch)
(E:49, S:35) [loss_dt = 0.2668, loss_qp = 0.5039, total loss = -7.4718, acc = 0.9250, lr = 1.584893e-09] (12.6 samples/sec; 9.494 sec/batch)
(E:49, S:36) [loss_dt = 0.2802, loss_qp = 0.4758, total loss = -7.4103, acc = 0.8667, lr = 1.584893e-09] (12.7 samples/sec; 9.474 sec/batch)
(E:49, S:37) [loss_dt = 0.4524, loss_qp = 0.6086, total loss = -7.5369, acc = 0.7917, lr = 1.584893e-09] (12.7 samples/sec; 9.469 sec/batch)
(E:49, S:38) [loss_dt = 0.3364, loss_qp = 0.4128, total loss = -7.3687, acc = 0.8500, lr = 1.584893e-09] (12.7 samples/sec; 9.446 sec/batch)
(E:49, S:39) [loss_dt = 0.5200, loss_qp = 0.6043, total loss = -7.4863, acc = 0.8000, lr = 1.584893e-09] (12.7 samples/sec; 9.432 sec/batch)
(E:49, S:40) [loss_dt = 0.2796, loss_qp = 0.5579, total loss = -7.5466, acc = 0.8583, lr = 1.584893e-09] (12.7 samples/sec; 9.428 sec/batch)
(E:49, S:41) [loss_dt = 0.5264, loss_qp = 0.6004, total loss = -7.6399, acc = 0.7667, lr = 1.584893e-09] (12.7 samples/sec; 9.429 sec/batch)
(E:49, S:42) [loss_dt = 0.3620, loss_qp = 0.5097, total loss = -7.6043, acc = 0.8417, lr = 1.584893e-09] (12.7 samples/sec; 9.414 sec/batch)
(E:49, S:43) [loss_dt = 0.2936, loss_qp = 0.6104, total loss = -7.7301, acc = 0.8750, lr = 1.584893e-09] (12.7 samples/sec; 9.419 sec/batch)
(E:49, S:44) [loss_dt = 0.3531, loss_qp = 0.4926, total loss = -7.6607, acc = 0.8500, lr = 1.584893e-09] (13.4 samples/sec; 8.959 sec/batch)
(E:49, S:45) [loss_dt = 0.3821, loss_qp = 0.4594, total loss = -7.5456, acc = 0.8417, lr = 1.584893e-09] (14.8 samples/sec; 8.096 sec/batch)
(E:49, S:46) [loss_dt = 0.4223, loss_qp = 0.3967, total loss = -7.3438, acc = 0.8417, lr = 1.584893e-09] (16.4 samples/sec; 7.319 sec/batch)
(E:49, S:47) [loss_dt = 0.6248, loss_qp = 0.5194, total loss = -7.3260, acc = 0.7417, lr = 1.584893e-09] (18.1 samples/sec; 6.619 sec/batch)
(E:49, S:48) [loss_dt = 0.4621, loss_qp = 0.5863, total loss = -7.4266, acc = 0.8250, lr = 1.584893e-09] (20.0 samples/sec; 5.995 sec/batch)
(E:49, S:49) [loss_dt = 0.3841, loss_qp = 0.5172, total loss = -7.4213, acc = 0.8167, lr = 1.584893e-09] (22.1 samples/sec; 5.430 sec/batch)
(E:49, S:50) [loss_dt = 0.4292, loss_qp = 0.5739, total loss = -7.4972, acc = 0.8167, lr = 1.584893e-09] (24.4 samples/sec; 4.922 sec/batch)
(E:49, S:51) [loss_dt = 0.4272, loss_qp = 0.4587, total loss = -7.3928, acc = 0.7917, lr = 1.584893e-09] (26.9 samples/sec; 4.466 sec/batch)
PLCC: 0.4364, SROCC: 0.4056, Acc: 0.7635
(E:50, S:0) [loss_dt = 0.4419, loss_qp = 0.4600, total loss = -7.2993, acc = 0.8083, lr = 1.258925e-09] (7.0 samples/sec; 17.027 sec/batch)
(E:50, S:1) [loss_dt = 0.4088, loss_qp = 0.4719, total loss = -7.2364, acc = 0.8167, lr = 1.258925e-09] (7.8 samples/sec; 15.363 sec/batch)
(E:50, S:2) [loss_dt = 0.3557, loss_qp = 0.6106, total loss = -7.3930, acc = 0.8583, lr = 1.258925e-09] (8.7 samples/sec; 13.860 sec/batch)
(E:50, S:3) [loss_dt = 0.4067, loss_qp = 0.5070, total loss = -7.3736, acc = 0.8083, lr = 1.258925e-09] (9.6 samples/sec; 12.509 sec/batch)
(E:50, S:4) [loss_dt = 0.4298, loss_qp = 0.4948, total loss = -7.3355, acc = 0.7833, lr = 1.258925e-09] (10.6 samples/sec; 11.295 sec/batch)
(E:50, S:5) [loss_dt = 0.3878, loss_qp = 0.4900, total loss = -7.2982, acc = 0.8500, lr = 1.258925e-09] (11.1 samples/sec; 10.836 sec/batch)
(E:50, S:6) [loss_dt = 0.5276, loss_qp = 0.5025, total loss = -7.2693, acc = 0.7667, lr = 1.258925e-09] (11.2 samples/sec; 10.695 sec/batch)
(E:50, S:7) [loss_dt = 0.4078, loss_qp = 0.4206, total loss = -7.1325, acc = 0.8167, lr = 1.258925e-09] (11.4 samples/sec; 10.553 sec/batch)
(E:50, S:8) [loss_dt = 0.3428, loss_qp = 0.5073, total loss = -7.1460, acc = 0.8750, lr = 1.258925e-09] (11.5 samples/sec; 10.419 sec/batch)
(E:50, S:9) [loss_dt = 0.4082, loss_qp = 0.5116, total loss = -7.1580, acc = 0.8250, lr = 1.258925e-09] (11.6 samples/sec; 10.341 sec/batch)
(E:50, S:10) [loss_dt = 0.5384, loss_qp = 0.6511, total loss = -7.3650, acc = 0.7667, lr = 1.258925e-09] (11.7 samples/sec; 10.229 sec/batch)
(E:50, S:11) [loss_dt = 0.4593, loss_qp = 0.5425, total loss = -7.3963, acc = 0.8167, lr = 1.258925e-09] (11.8 samples/sec; 10.136 sec/batch)
(E:50, S:12) [loss_dt = 0.4161, loss_qp = 0.5598, total loss = -7.4548, acc = 0.7667, lr = 1.258925e-09] (11.9 samples/sec; 10.053 sec/batch)
(E:50, S:13) [loss_dt = 0.5008, loss_qp = 0.4877, total loss = -7.3907, acc = 0.7583, lr = 1.258925e-09] (12.0 samples/sec; 9.984 sec/batch)
(E:50, S:14) [loss_dt = 0.4816, loss_qp = 0.5078, total loss = -7.3652, acc = 0.8000, lr = 1.258925e-09] (12.0 samples/sec; 9.971 sec/batch)
(E:50, S:15) [loss_dt = 0.4404, loss_qp = 0.6094, total loss = -7.4987, acc = 0.8000, lr = 1.258925e-09] (12.1 samples/sec; 9.899 sec/batch)
(E:50, S:16) [loss_dt = 0.3651, loss_qp = 0.4896, total loss = -7.4467, acc = 0.8500, lr = 1.258925e-09] (12.2 samples/sec; 9.869 sec/batch)
(E:50, S:17) [loss_dt = 0.3431, loss_qp = 0.5315, total loss = -7.4650, acc = 0.8500, lr = 1.258925e-09] (12.2 samples/sec; 9.821 sec/batch)
(E:50, S:18) [loss_dt = 0.5260, loss_qp = 0.6224, total loss = -7.5995, acc = 0.7667, lr = 1.258925e-09] (12.3 samples/sec; 9.783 sec/batch)
(E:50, S:19) [loss_dt = 0.4864, loss_qp = 0.5345, total loss = -7.5927, acc = 0.8083, lr = 1.258925e-09] (12.2 samples/sec; 9.806 sec/batch)
(E:50, S:20) [loss_dt = 0.3861, loss_qp = 0.6289, total loss = -7.7381, acc = 0.8000, lr = 1.258925e-09] (12.3 samples/sec; 9.755 sec/batch)
(E:50, S:21) [loss_dt = 0.3551, loss_qp = 0.6127, total loss = -7.8478, acc = 0.8083, lr = 1.258925e-09] (12.3 samples/sec; 9.782 sec/batch)
(E:50, S:22) [loss_dt = 0.4243, loss_qp = 0.4721, total loss = -7.7286, acc = 0.7833, lr = 1.258925e-09] (12.3 samples/sec; 9.747 sec/batch)
(E:50, S:23) [loss_dt = 0.4558, loss_qp = 0.4724, total loss = -7.6188, acc = 0.8083, lr = 1.258925e-09] (12.4 samples/sec; 9.705 sec/batch)
(E:50, S:24) [loss_dt = 0.5678, loss_qp = 0.5384, total loss = -7.6077, acc = 0.7750, lr = 1.258925e-09] (12.4 samples/sec; 9.672 sec/batch)
(E:50, S:25) [loss_dt = 0.3510, loss_qp = 0.5002, total loss = -7.5621, acc = 0.8917, lr = 1.258925e-09] (12.5 samples/sec; 9.626 sec/batch)
(E:50, S:26) [loss_dt = 0.5278, loss_qp = 0.4066, total loss = -7.3630, acc = 0.7583, lr = 1.258925e-09] (12.5 samples/sec; 9.604 sec/batch)
(E:50, S:27) [loss_dt = 0.4231, loss_qp = 0.5419, total loss = -7.3973, acc = 0.8000, lr = 1.258925e-09] (12.5 samples/sec; 9.590 sec/batch)
(E:50, S:28) [loss_dt = 0.4771, loss_qp = 0.6206, total loss = -7.5408, acc = 0.7667, lr = 1.258925e-09] (12.5 samples/sec; 9.563 sec/batch)
(E:50, S:29) [loss_dt = 0.4621, loss_qp = 0.5933, total loss = -7.6305, acc = 0.7917, lr = 1.258925e-09] (12.6 samples/sec; 9.544 sec/batch)
(E:50, S:30) [loss_dt = 0.4599, loss_qp = 0.4507, total loss = -7.4976, acc = 0.8083, lr = 1.258925e-09] (12.6 samples/sec; 9.532 sec/batch)
(E:50, S:31) [loss_dt = 0.4286, loss_qp = 0.4471, total loss = -7.3756, acc = 0.8167, lr = 1.258925e-09] (12.6 samples/sec; 9.513 sec/batch)
(E:50, S:32) [loss_dt = 0.4360, loss_qp = 0.3806, total loss = -7.1653, acc = 0.8333, lr = 1.258925e-09] (12.6 samples/sec; 9.488 sec/batch)
(E:50, S:33) [loss_dt = 0.4952, loss_qp = 0.5373, total loss = -7.2052, acc = 0.8250, lr = 1.258925e-09] (12.7 samples/sec; 9.475 sec/batch)
(E:50, S:34) [loss_dt = 0.4426, loss_qp = 0.5872, total loss = -7.3212, acc = 0.7750, lr = 1.258925e-09] (12.7 samples/sec; 9.464 sec/batch)
(E:50, S:35) [loss_dt = 0.4048, loss_qp = 0.5101, total loss = -7.3137, acc = 0.8167, lr = 1.258925e-09] (12.7 samples/sec; 9.444 sec/batch)
(E:50, S:36) [loss_dt = 0.4588, loss_qp = 0.5130, total loss = -7.3060, acc = 0.8083, lr = 1.258925e-09] (12.7 samples/sec; 9.427 sec/batch)
(E:50, S:37) [loss_dt = 0.4762, loss_qp = 0.5373, total loss = -7.3336, acc = 0.8250, lr = 1.258925e-09] (12.7 samples/sec; 9.417 sec/batch)
(E:50, S:38) [loss_dt = 0.4376, loss_qp = 0.6018, total loss = -7.4592, acc = 0.8250, lr = 1.258925e-09] (12.8 samples/sec; 9.408 sec/batch)
(E:50, S:39) [loss_dt = 0.3856, loss_qp = 0.5077, total loss = -7.4362, acc = 0.8417, lr = 1.258925e-09] (12.8 samples/sec; 9.399 sec/batch)
(E:50, S:40) [loss_dt = 0.4417, loss_qp = 0.5323, total loss = -7.4468, acc = 0.8167, lr = 1.258925e-09] (12.8 samples/sec; 9.398 sec/batch)
(E:50, S:41) [loss_dt = 0.3847, loss_qp = 0.4989, total loss = -7.4121, acc = 0.8417, lr = 1.258925e-09] (12.8 samples/sec; 9.391 sec/batch)
(E:50, S:42) [loss_dt = 0.4376, loss_qp = 0.5764, total loss = -7.4918, acc = 0.8333, lr = 1.258925e-09] (12.8 samples/sec; 9.378 sec/batch)
(E:50, S:43) [loss_dt = 0.3905, loss_qp = 0.4988, total loss = -7.4518, acc = 0.8250, lr = 1.258925e-09] (12.8 samples/sec; 9.373 sec/batch)
(E:50, S:44) [loss_dt = 0.3820, loss_qp = 0.5398, total loss = -7.4781, acc = 0.8250, lr = 1.258925e-09] (13.5 samples/sec; 8.916 sec/batch)
(E:50, S:45) [loss_dt = 0.4670, loss_qp = 0.5378, total loss = -7.4902, acc = 0.7917, lr = 1.258925e-09] (14.9 samples/sec; 8.056 sec/batch)
(E:50, S:46) [loss_dt = 0.4071, loss_qp = 0.5821, total loss = -7.5736, acc = 0.8333, lr = 1.258925e-09] (16.5 samples/sec; 7.283 sec/batch)
(E:50, S:47) [loss_dt = 0.4889, loss_qp = 0.4433, total loss = -7.4323, acc = 0.7750, lr = 1.258925e-09] (18.2 samples/sec; 6.586 sec/batch)
(E:50, S:48) [loss_dt = 0.4185, loss_qp = 0.4294, total loss = -7.2912, acc = 0.8417, lr = 1.258925e-09] (20.1 samples/sec; 5.959 sec/batch)
(E:50, S:49) [loss_dt = 0.2599, loss_qp = 0.4964, total loss = -7.2807, acc = 0.9000, lr = 1.258925e-09] (22.2 samples/sec; 5.394 sec/batch)
(E:50, S:50) [loss_dt = 0.3895, loss_qp = 0.4635, total loss = -7.2090, acc = 0.8750, lr = 1.258925e-09] (24.5 samples/sec; 4.890 sec/batch)
(E:50, S:51) [loss_dt = 0.4249, loss_qp = 0.4551, total loss = -7.1282, acc = 0.8000, lr = 1.258925e-09] (27.1 samples/sec; 4.433 sec/batch)
PLCC: 0.4455, SROCC: 0.4106, Acc: 0.7641
(E:51, S:0) [loss_dt = 0.2725, loss_qp = 0.4562, total loss = -7.0725, acc = 0.8750, lr = 1.000001e-09] (7.1 samples/sec; 16.881 sec/batch)
(E:51, S:1) [loss_dt = 0.4617, loss_qp = 0.5712, total loss = -7.1758, acc = 0.7917, lr = 1.000001e-09] (7.9 samples/sec; 15.235 sec/batch)
(E:51, S:2) [loss_dt = 0.3482, loss_qp = 0.4942, total loss = -7.1647, acc = 0.8917, lr = 1.000001e-09] (8.7 samples/sec; 13.757 sec/batch)
(E:51, S:3) [loss_dt = 0.4281, loss_qp = 0.5004, total loss = -7.1560, acc = 0.8250, lr = 1.000001e-09] (9.7 samples/sec; 12.415 sec/batch)
(E:51, S:4) [loss_dt = 0.2437, loss_qp = 0.5706, total loss = -7.2720, acc = 0.8917, lr = 1.000001e-09] (10.7 samples/sec; 11.205 sec/batch)
(E:51, S:5) [loss_dt = 0.4952, loss_qp = 0.4813, total loss = -7.2173, acc = 0.8000, lr = 1.000001e-09] (11.1 samples/sec; 10.853 sec/batch)
(E:51, S:6) [loss_dt = 0.4836, loss_qp = 0.4242, total loss = -7.0835, acc = 0.7750, lr = 1.000001e-09] (11.2 samples/sec; 10.706 sec/batch)
(E:51, S:7) [loss_dt = 0.3705, loss_qp = 0.4124, total loss = -6.9567, acc = 0.8500, lr = 1.000001e-09] (11.4 samples/sec; 10.567 sec/batch)
(E:51, S:8) [loss_dt = 0.4462, loss_qp = 0.6081, total loss = -7.1285, acc = 0.7917, lr = 1.000001e-09] (11.5 samples/sec; 10.430 sec/batch)
(E:51, S:9) [loss_dt = 0.4004, loss_qp = 0.5234, total loss = -7.1607, acc = 0.8083, lr = 1.000001e-09] (11.6 samples/sec; 10.337 sec/batch)
(E:51, S:10) [loss_dt = 0.3535, loss_qp = 0.5494, total loss = -7.2333, acc = 0.8417, lr = 1.000001e-09] (11.7 samples/sec; 10.235 sec/batch)
(E:51, S:11) [loss_dt = 0.4367, loss_qp = 0.4765, total loss = -7.1811, acc = 0.8000, lr = 1.000001e-09] (11.8 samples/sec; 10.131 sec/batch)
(E:51, S:12) [loss_dt = 0.3438, loss_qp = 0.5335, total loss = -7.2288, acc = 0.8667, lr = 1.000001e-09] (12.0 samples/sec; 10.037 sec/batch)
(E:51, S:13) [loss_dt = 0.4611, loss_qp = 0.5718, total loss = -7.3175, acc = 0.8167, lr = 1.000001e-09] (12.0 samples/sec; 9.975 sec/batch)
(E:51, S:14) [loss_dt = 0.3702, loss_qp = 0.6007, total loss = -7.4498, acc = 0.8500, lr = 1.000001e-09] (12.1 samples/sec; 9.912 sec/batch)
(E:51, S:15) [loss_dt = 0.4195, loss_qp = 0.5596, total loss = -7.5023, acc = 0.8083, lr = 1.000001e-09] (12.2 samples/sec; 9.851 sec/batch)
(E:51, S:16) [loss_dt = 0.4619, loss_qp = 0.6019, total loss = -7.6087, acc = 0.8167, lr = 1.000001e-09] (12.3 samples/sec; 9.795 sec/batch)
(E:51, S:17) [loss_dt = 0.5330, loss_qp = 0.5842, total loss = -7.6708, acc = 0.7833, lr = 1.000001e-09] (12.3 samples/sec; 9.776 sec/batch)
(E:51, S:18) [loss_dt = 0.3216, loss_qp = 0.5792, total loss = -7.7404, acc = 0.8583, lr = 1.000001e-09] (12.3 samples/sec; 9.731 sec/batch)
(E:51, S:19) [loss_dt = 0.4212, loss_qp = 0.4566, total loss = -7.6091, acc = 0.8083, lr = 1.000001e-09] (12.4 samples/sec; 9.690 sec/batch)
(E:51, S:20) [loss_dt = 0.5201, loss_qp = 0.3974, total loss = -7.3923, acc = 0.7833, lr = 1.000001e-09] (12.4 samples/sec; 9.669 sec/batch)
(E:51, S:21) [loss_dt = 0.4588, loss_qp = 0.5391, total loss = -7.4158, acc = 0.8083, lr = 1.000001e-09] (12.4 samples/sec; 9.639 sec/batch)
(E:51, S:22) [loss_dt = 0.3854, loss_qp = 0.6063, total loss = -7.5452, acc = 0.7750, lr = 1.000001e-09] (12.5 samples/sec; 9.602 sec/batch)
(E:51, S:23) [loss_dt = 0.5939, loss_qp = 0.4768, total loss = -7.4464, acc = 0.7917, lr = 1.000001e-09] (12.5 samples/sec; 9.586 sec/batch)
(E:51, S:24) [loss_dt = 0.5547, loss_qp = 0.5698, total loss = -7.5010, acc = 0.7417, lr = 1.000001e-09] (12.5 samples/sec; 9.564 sec/batch)
(E:51, S:25) [loss_dt = 0.4822, loss_qp = 0.4598, total loss = -7.3924, acc = 0.7750, lr = 1.000001e-09] (12.6 samples/sec; 9.539 sec/batch)
(E:51, S:26) [loss_dt = 0.3865, loss_qp = 0.5181, total loss = -7.3916, acc = 0.8583, lr = 1.000001e-09] (12.6 samples/sec; 9.504 sec/batch)
(E:51, S:27) [loss_dt = 0.6025, loss_qp = 0.5292, total loss = -7.3859, acc = 0.7500, lr = 1.000001e-09] (12.7 samples/sec; 9.481 sec/batch)
(E:51, S:28) [loss_dt = 0.5013, loss_qp = 0.6668, total loss = -7.5974, acc = 0.7833, lr = 1.000001e-09] (12.7 samples/sec; 9.468 sec/batch)
(E:51, S:29) [loss_dt = 0.3496, loss_qp = 0.5060, total loss = -7.5617, acc = 0.8500, lr = 1.000001e-09] (12.7 samples/sec; 9.448 sec/batch)
(E:51, S:30) [loss_dt = 0.4371, loss_qp = 0.5189, total loss = -7.5401, acc = 0.8250, lr = 1.000001e-09] (12.7 samples/sec; 9.436 sec/batch)
(E:51, S:31) [loss_dt = 0.3740, loss_qp = 0.4432, total loss = -7.4135, acc = 0.8333, lr = 1.000001e-09] (12.7 samples/sec; 9.419 sec/batch)
(E:51, S:32) [loss_dt = 0.4239, loss_qp = 0.5545, total loss = -7.4615, acc = 0.8167, lr = 1.000001e-09] (12.8 samples/sec; 9.404 sec/batch)
(E:51, S:33) [loss_dt = 0.3773, loss_qp = 0.4855, total loss = -7.4058, acc = 0.8333, lr = 1.000001e-09] (12.8 samples/sec; 9.395 sec/batch)
(E:51, S:34) [loss_dt = 0.4521, loss_qp = 0.5015, total loss = -7.3723, acc = 0.7917, lr = 1.000001e-09] (12.8 samples/sec; 9.392 sec/batch)
(E:51, S:35) [loss_dt = 0.3468, loss_qp = 0.6128, total loss = -7.5196, acc = 0.8417, lr = 1.000001e-09] (12.8 samples/sec; 9.382 sec/batch)
(E:51, S:36) [loss_dt = 0.3812, loss_qp = 0.5917, total loss = -7.6170, acc = 0.7833, lr = 1.000001e-09] (12.8 samples/sec; 9.370 sec/batch)
(E:51, S:37) [loss_dt = 0.2874, loss_qp = 0.5134, total loss = -7.5966, acc = 0.8750, lr = 1.000001e-09] (12.8 samples/sec; 9.366 sec/batch)
(E:51, S:38) [loss_dt = 0.5174, loss_qp = 0.5647, total loss = -7.6323, acc = 0.8167, lr = 1.000001e-09] (12.8 samples/sec; 9.359 sec/batch)
(E:51, S:39) [loss_dt = 0.4643, loss_qp = 0.6648, total loss = -7.8199, acc = 0.8083, lr = 1.000001e-09] (12.8 samples/sec; 9.354 sec/batch)
(E:51, S:40) [loss_dt = 0.4311, loss_qp = 0.5828, total loss = -7.8689, acc = 0.8083, lr = 1.000001e-09] (12.8 samples/sec; 9.358 sec/batch)
(E:51, S:41) [loss_dt = 0.4489, loss_qp = 0.4653, total loss = -7.7351, acc = 0.7917, lr = 1.000001e-09] (12.8 samples/sec; 9.357 sec/batch)
(E:51, S:42) [loss_dt = 0.5639, loss_qp = 0.4524, total loss = -7.5838, acc = 0.7583, lr = 1.000001e-09] (12.8 samples/sec; 9.350 sec/batch)
(E:51, S:43) [loss_dt = 0.4146, loss_qp = 0.5181, total loss = -7.5611, acc = 0.8167, lr = 1.000001e-09] (12.8 samples/sec; 9.407 sec/batch)
(E:51, S:44) [loss_dt = 0.4209, loss_qp = 0.5085, total loss = -7.5257, acc = 0.8500, lr = 1.000001e-09] (13.4 samples/sec; 8.945 sec/batch)
(E:51, S:45) [loss_dt = 0.4348, loss_qp = 0.6257, total loss = -7.6681, acc = 0.8333, lr = 1.000001e-09] (14.8 samples/sec; 8.082 sec/batch)
(E:51, S:46) [loss_dt = 0.3448, loss_qp = 0.5520, total loss = -7.6949, acc = 0.8917, lr = 1.000001e-09] (16.4 samples/sec; 7.306 sec/batch)
(E:51, S:47) [loss_dt = 0.5432, loss_qp = 0.4354, total loss = -7.5242, acc = 0.7833, lr = 1.000001e-09] (18.2 samples/sec; 6.607 sec/batch)
(E:51, S:48) [loss_dt = 0.3498, loss_qp = 0.4889, total loss = -7.4702, acc = 0.8333, lr = 1.000001e-09] (20.1 samples/sec; 5.983 sec/batch)
(E:51, S:49) [loss_dt = 0.5234, loss_qp = 0.5764, total loss = -7.5353, acc = 0.7417, lr = 1.000001e-09] (22.1 samples/sec; 5.420 sec/batch)
(E:51, S:50) [loss_dt = 0.3746, loss_qp = 0.4345, total loss = -7.3961, acc = 0.8083, lr = 1.000001e-09] (24.4 samples/sec; 4.912 sec/batch)
(E:51, S:51) [loss_dt = 0.3421, loss_qp = 0.4336, total loss = -7.2727, acc = 0.8417, lr = 1.000001e-09] (26.9 samples/sec; 4.455 sec/batch)
PLCC: 0.4480, SROCC: 0.4090, Acc: 0.7513
(E:52, S:0) [loss_dt = 0.4606, loss_qp = 0.5764, total loss = -7.3640, acc = 0.8000, lr = 7.943285e-10] (7.1 samples/sec; 16.982 sec/batch)
(E:52, S:1) [loss_dt = 0.4039, loss_qp = 0.4918, total loss = -7.3249, acc = 0.8250, lr = 7.943285e-10] (7.8 samples/sec; 15.332 sec/batch)
(E:52, S:2) [loss_dt = 0.3856, loss_qp = 0.5241, total loss = -7.3400, acc = 0.8500, lr = 7.943285e-10] (8.7 samples/sec; 13.840 sec/batch)
(E:52, S:3) [loss_dt = 0.5134, loss_qp = 0.5872, total loss = -7.4355, acc = 0.7833, lr = 7.943285e-10] (9.6 samples/sec; 12.488 sec/batch)
(E:52, S:4) [loss_dt = 0.3847, loss_qp = 0.4320, total loss = -7.3015, acc = 0.8167, lr = 7.943285e-10] (10.6 samples/sec; 11.274 sec/batch)
(E:52, S:5) [loss_dt = 0.3359, loss_qp = 0.4871, total loss = -7.2685, acc = 0.8333, lr = 7.943285e-10] (11.1 samples/sec; 10.832 sec/batch)
(E:52, S:6) [loss_dt = 0.4505, loss_qp = 0.5173, total loss = -7.2726, acc = 0.7833, lr = 7.943285e-10] (11.2 samples/sec; 10.696 sec/batch)
(E:52, S:7) [loss_dt = 0.6233, loss_qp = 0.5048, total loss = -7.2401, acc = 0.7500, lr = 7.943285e-10] (11.3 samples/sec; 10.574 sec/batch)
(E:52, S:8) [loss_dt = 0.3176, loss_qp = 0.5536, total loss = -7.3148, acc = 0.8167, lr = 7.943285e-10] (11.5 samples/sec; 10.439 sec/batch)
(E:52, S:9) [loss_dt = 0.3690, loss_qp = 0.5865, total loss = -7.4262, acc = 0.8667, lr = 7.943285e-10] (11.6 samples/sec; 10.331 sec/batch)
(E:52, S:10) [loss_dt = 0.4216, loss_qp = 0.5884, total loss = -7.5241, acc = 0.8250, lr = 7.943285e-10] (11.7 samples/sec; 10.257 sec/batch)
(E:52, S:11) [loss_dt = 0.4711, loss_qp = 0.5213, total loss = -7.5065, acc = 0.8250, lr = 7.943285e-10] (11.8 samples/sec; 10.170 sec/batch)
(E:52, S:12) [loss_dt = 0.3389, loss_qp = 0.5783, total loss = -7.5894, acc = 0.8750, lr = 7.943285e-10] (11.9 samples/sec; 10.092 sec/batch)
(E:52, S:13) [loss_dt = 0.4039, loss_qp = 0.5860, total loss = -7.6690, acc = 0.8167, lr = 7.943285e-10] (11.9 samples/sec; 10.067 sec/batch)
(E:52, S:14) [loss_dt = 0.5167, loss_qp = 0.5204, total loss = -7.6310, acc = 0.8000, lr = 7.943285e-10] (11.9 samples/sec; 10.045 sec/batch)
(E:52, S:15) [loss_dt = 0.5629, loss_qp = 0.4543, total loss = -7.4930, acc = 0.8083, lr = 7.943285e-10] (12.0 samples/sec; 9.969 sec/batch)
(E:52, S:16) [loss_dt = 0.5037, loss_qp = 0.5373, total loss = -7.4993, acc = 0.7750, lr = 7.943285e-10] (12.1 samples/sec; 9.920 sec/batch)
(E:52, S:17) [loss_dt = 0.4389, loss_qp = 0.5534, total loss = -7.5355, acc = 0.8333, lr = 7.943285e-10] (12.2 samples/sec; 9.854 sec/batch)
(E:52, S:18) [loss_dt = 0.3961, loss_qp = 0.5136, total loss = -7.5127, acc = 0.8083, lr = 7.943285e-10] (12.2 samples/sec; 9.819 sec/batch)
(E:52, S:19) [loss_dt = 0.4383, loss_qp = 0.6223, total loss = -7.6510, acc = 0.7917, lr = 7.943285e-10] (12.3 samples/sec; 9.774 sec/batch)
(E:52, S:20) [loss_dt = 0.3777, loss_qp = 0.4623, total loss = -7.5417, acc = 0.8333, lr = 7.943285e-10] (12.3 samples/sec; 9.733 sec/batch)
(E:52, S:21) [loss_dt = 0.3423, loss_qp = 0.5710, total loss = -7.6097, acc = 0.8667, lr = 7.943285e-10] (12.4 samples/sec; 9.704 sec/batch)
(E:52, S:22) [loss_dt = 0.4668, loss_qp = 0.5804, total loss = -7.6727, acc = 0.8000, lr = 7.943285e-10] (12.4 samples/sec; 9.683 sec/batch)
(E:52, S:23) [loss_dt = 0.4179, loss_qp = 0.4990, total loss = -7.6122, acc = 0.7917, lr = 7.943285e-10] (12.4 samples/sec; 9.679 sec/batch)
(E:52, S:24) [loss_dt = 0.4091, loss_qp = 0.6080, total loss = -7.7221, acc = 0.8250, lr = 7.943285e-10] (12.4 samples/sec; 9.644 sec/batch)
(E:52, S:25) [loss_dt = 0.3738, loss_qp = 0.6482, total loss = -7.8848, acc = 0.8333, lr = 7.943285e-10] (12.5 samples/sec; 9.609 sec/batch)
(E:52, S:26) [loss_dt = 0.5070, loss_qp = 0.5694, total loss = -7.8996, acc = 0.7750, lr = 7.943285e-10] (12.5 samples/sec; 9.576 sec/batch)
(E:52, S:27) [loss_dt = 0.4442, loss_qp = 0.5679, total loss = -7.9171, acc = 0.7917, lr = 7.943285e-10] (12.5 samples/sec; 9.564 sec/batch)
(E:52, S:28) [loss_dt = 0.4315, loss_qp = 0.4675, total loss = -7.7835, acc = 0.8167, lr = 7.943285e-10] (12.6 samples/sec; 9.559 sec/batch)
(E:52, S:29) [loss_dt = 0.4167, loss_qp = 0.5209, total loss = -7.7449, acc = 0.8167, lr = 7.943285e-10] (12.6 samples/sec; 9.537 sec/batch)
(E:52, S:30) [loss_dt = 0.4044, loss_qp = 0.5598, total loss = -7.7696, acc = 0.8000, lr = 7.943285e-10] (12.6 samples/sec; 9.512 sec/batch)
(E:52, S:31) [loss_dt = 0.4735, loss_qp = 0.5517, total loss = -7.7728, acc = 0.8083, lr = 7.943285e-10] (12.6 samples/sec; 9.487 sec/batch)
(E:52, S:32) [loss_dt = 0.3573, loss_qp = 0.5372, total loss = -7.7656, acc = 0.8000, lr = 7.943285e-10] (12.7 samples/sec; 9.465 sec/batch)
(E:52, S:33) [loss_dt = 0.4487, loss_qp = 0.6102, total loss = -7.8595, acc = 0.7833, lr = 7.943285e-10] (12.7 samples/sec; 9.459 sec/batch)
(E:52, S:34) [loss_dt = 0.4260, loss_qp = 0.4504, total loss = -7.7066, acc = 0.8083, lr = 7.943285e-10] (12.7 samples/sec; 9.440 sec/batch)
(E:52, S:35) [loss_dt = 0.3592, loss_qp = 0.5142, total loss = -7.6713, acc = 0.8833, lr = 7.943285e-10] (12.7 samples/sec; 9.428 sec/batch)
(E:52, S:36) [loss_dt = 0.2595, loss_qp = 0.5944, total loss = -7.7699, acc = 0.8833, lr = 7.943285e-10] (12.7 samples/sec; 9.414 sec/batch)
(E:52, S:37) [loss_dt = 0.5876, loss_qp = 0.4894, total loss = -7.6681, acc = 0.7500, lr = 7.943285e-10] (12.8 samples/sec; 9.405 sec/batch)
(E:52, S:38) [loss_dt = 0.3259, loss_qp = 0.4581, total loss = -7.5559, acc = 0.8833, lr = 7.943285e-10] (12.8 samples/sec; 9.388 sec/batch)
(E:52, S:39) [loss_dt = 0.4395, loss_qp = 0.4965, total loss = -7.5011, acc = 0.8250, lr = 7.943285e-10] (12.8 samples/sec; 9.382 sec/batch)
(E:52, S:40) [loss_dt = 0.4040, loss_qp = 0.5716, total loss = -7.5681, acc = 0.8417, lr = 7.943285e-10] (12.8 samples/sec; 9.388 sec/batch)
(E:52, S:41) [loss_dt = 0.4893, loss_qp = 0.4783, total loss = -7.4798, acc = 0.8167, lr = 7.943285e-10] (12.8 samples/sec; 9.374 sec/batch)
(E:52, S:42) [loss_dt = 0.4280, loss_qp = 0.3928, total loss = -7.2782, acc = 0.7917, lr = 7.943285e-10] (12.8 samples/sec; 9.361 sec/batch)
(E:52, S:43) [loss_dt = 0.5119, loss_qp = 0.5303, total loss = -7.2947, acc = 0.7667, lr = 7.943285e-10] (12.8 samples/sec; 9.374 sec/batch)
(E:52, S:44) [loss_dt = 0.3142, loss_qp = 0.6082, total loss = -7.4461, acc = 0.8500, lr = 7.943285e-10] (13.5 samples/sec; 8.910 sec/batch)
(E:52, S:45) [loss_dt = 0.3995, loss_qp = 0.5194, total loss = -7.4407, acc = 0.7833, lr = 7.943285e-10] (14.9 samples/sec; 8.050 sec/batch)
(E:52, S:46) [loss_dt = 0.4695, loss_qp = 0.5108, total loss = -7.4159, acc = 0.8000, lr = 7.943285e-10] (16.5 samples/sec; 7.278 sec/batch)
(E:52, S:47) [loss_dt = 0.3705, loss_qp = 0.5266, total loss = -7.4272, acc = 0.8167, lr = 7.943285e-10] (18.2 samples/sec; 6.584 sec/batch)
(E:52, S:48) [loss_dt = 0.3732, loss_qp = 0.6560, total loss = -7.6312, acc = 0.8417, lr = 7.943285e-10] (20.1 samples/sec; 5.959 sec/batch)
(E:52, S:49) [loss_dt = 0.3383, loss_qp = 0.4908, total loss = -7.5705, acc = 0.8917, lr = 7.943285e-10] (22.2 samples/sec; 5.398 sec/batch)
(E:52, S:50) [loss_dt = 0.3749, loss_qp = 0.5840, total loss = -7.6519, acc = 0.8250, lr = 7.943285e-10] (24.5 samples/sec; 4.893 sec/batch)
(E:52, S:51) [loss_dt = 0.4722, loss_qp = 0.5617, total loss = -7.6820, acc = 0.7667, lr = 7.943285e-10] (27.1 samples/sec; 4.435 sec/batch)
PLCC: 0.4593, SROCC: 0.4183, Acc: 0.7596
(E:53, S:0) [loss_dt = 0.4784, loss_qp = 0.4978, total loss = -7.6126, acc = 0.7750, lr = 6.309576e-10] (7.0 samples/sec; 17.077 sec/batch)
(E:53, S:1) [loss_dt = 0.4018, loss_qp = 0.5202, total loss = -7.5915, acc = 0.8000, lr = 6.309576e-10] (7.8 samples/sec; 15.416 sec/batch)
(E:53, S:2) [loss_dt = 0.3892, loss_qp = 0.4538, total loss = -7.4742, acc = 0.8333, lr = 6.309576e-10] (8.6 samples/sec; 13.920 sec/batch)
(E:53, S:3) [loss_dt = 0.3958, loss_qp = 0.4399, total loss = -7.3471, acc = 0.8167, lr = 6.309576e-10] (9.6 samples/sec; 12.564 sec/batch)
(E:53, S:4) [loss_dt = 0.3291, loss_qp = 0.3897, total loss = -7.1641, acc = 0.8583, lr = 6.309576e-10] (10.6 samples/sec; 11.344 sec/batch)
(E:53, S:5) [loss_dt = 0.3889, loss_qp = 0.5191, total loss = -7.1874, acc = 0.8333, lr = 6.309576e-10] (11.1 samples/sec; 10.825 sec/batch)
(E:53, S:6) [loss_dt = 0.4126, loss_qp = 0.6537, total loss = -7.4080, acc = 0.8667, lr = 6.309576e-10] (11.2 samples/sec; 10.677 sec/batch)
(E:53, S:7) [loss_dt = 0.4203, loss_qp = 0.5818, total loss = -7.4979, acc = 0.8000, lr = 6.309576e-10] (11.4 samples/sec; 10.538 sec/batch)
(E:53, S:8) [loss_dt = 0.3198, loss_qp = 0.4754, total loss = -7.4292, acc = 0.8333, lr = 6.309576e-10] (11.5 samples/sec; 10.414 sec/batch)
(E:53, S:9) [loss_dt = 0.4017, loss_qp = 0.5390, total loss = -7.4546, acc = 0.7917, lr = 6.309576e-10] (11.6 samples/sec; 10.309 sec/batch)
(E:53, S:10) [loss_dt = 0.4410, loss_qp = 0.5782, total loss = -7.5324, acc = 0.8000, lr = 6.309576e-10] (11.7 samples/sec; 10.249 sec/batch)
(E:53, S:11) [loss_dt = 0.5540, loss_qp = 0.4933, total loss = -7.4637, acc = 0.7833, lr = 6.309576e-10] (11.8 samples/sec; 10.147 sec/batch)
(E:53, S:12) [loss_dt = 0.4749, loss_qp = 0.5502, total loss = -7.4952, acc = 0.8000, lr = 6.309576e-10] (11.9 samples/sec; 10.054 sec/batch)
(E:53, S:13) [loss_dt = 0.3702, loss_qp = 0.5012, total loss = -7.4605, acc = 0.8250, lr = 6.309576e-10] (12.0 samples/sec; 9.986 sec/batch)
(E:53, S:14) [loss_dt = 0.4308, loss_qp = 0.5455, total loss = -7.4895, acc = 0.7750, lr = 6.309576e-10] (12.1 samples/sec; 9.932 sec/batch)
(E:53, S:15) [loss_dt = 0.3279, loss_qp = 0.6025, total loss = -7.6116, acc = 0.8583, lr = 6.309576e-10] (12.2 samples/sec; 9.864 sec/batch)
(E:53, S:16) [loss_dt = 0.4164, loss_qp = 0.5607, total loss = -7.6498, acc = 0.8250, lr = 6.309576e-10] (12.2 samples/sec; 9.811 sec/batch)
(E:53, S:17) [loss_dt = 0.5255, loss_qp = 0.5377, total loss = -7.6389, acc = 0.7917, lr = 6.309576e-10] (12.3 samples/sec; 9.760 sec/batch)
(E:53, S:18) [loss_dt = 0.5326, loss_qp = 0.5265, total loss = -7.6115, acc = 0.8333, lr = 6.309576e-10] (12.3 samples/sec; 9.728 sec/batch)
(E:53, S:19) [loss_dt = 0.3728, loss_qp = 0.4265, total loss = -7.4528, acc = 0.8583, lr = 6.309576e-10] (12.4 samples/sec; 9.686 sec/batch)
(E:53, S:20) [loss_dt = 0.3342, loss_qp = 0.5500, total loss = -7.4992, acc = 0.8833, lr = 6.309576e-10] (12.4 samples/sec; 9.657 sec/batch)
(E:53, S:21) [loss_dt = 0.3837, loss_qp = 0.5678, total loss = -7.5625, acc = 0.8333, lr = 6.309576e-10] (12.5 samples/sec; 9.631 sec/batch)
(E:53, S:22) [loss_dt = 0.5496, loss_qp = 0.4198, total loss = -7.3811, acc = 0.8000, lr = 6.309576e-10] (12.5 samples/sec; 9.594 sec/batch)
(E:53, S:23) [loss_dt = 0.4748, loss_qp = 0.5561, total loss = -7.4296, acc = 0.7750, lr = 6.309576e-10] (12.6 samples/sec; 9.558 sec/batch)
(E:53, S:24) [loss_dt = 0.3358, loss_qp = 0.6064, total loss = -7.5626, acc = 0.9083, lr = 6.309576e-10] (12.6 samples/sec; 9.533 sec/batch)
(E:53, S:25) [loss_dt = 0.4314, loss_qp = 0.5453, total loss = -7.5812, acc = 0.8500, lr = 6.309576e-10] (12.6 samples/sec; 9.511 sec/batch)
(E:53, S:26) [loss_dt = 0.3314, loss_qp = 0.6213, total loss = -7.7218, acc = 0.8583, lr = 6.309576e-10] (12.6 samples/sec; 9.491 sec/batch)
(E:53, S:27) [loss_dt = 0.4346, loss_qp = 0.5903, total loss = -7.7917, acc = 0.7917, lr = 6.309576e-10] (12.7 samples/sec; 9.485 sec/batch)
(E:53, S:28) [loss_dt = 0.4796, loss_qp = 0.5459, total loss = -7.7835, acc = 0.8417, lr = 6.309576e-10] (12.7 samples/sec; 9.480 sec/batch)
(E:53, S:29) [loss_dt = 0.3647, loss_qp = 0.4086, total loss = -7.5815, acc = 0.8833, lr = 6.309576e-10] (12.7 samples/sec; 9.464 sec/batch)
(E:53, S:30) [loss_dt = 0.3576, loss_qp = 0.3942, total loss = -7.3790, acc = 0.8667, lr = 6.309576e-10] (12.7 samples/sec; 9.445 sec/batch)
(E:53, S:31) [loss_dt = 0.3956, loss_qp = 0.5980, total loss = -7.4984, acc = 0.7833, lr = 6.309576e-10] (12.7 samples/sec; 9.427 sec/batch)
(E:53, S:32) [loss_dt = 0.4793, loss_qp = 0.5439, total loss = -7.5166, acc = 0.7833, lr = 6.309576e-10] (12.7 samples/sec; 9.418 sec/batch)
(E:53, S:33) [loss_dt = 0.3104, loss_qp = 0.5649, total loss = -7.5813, acc = 0.8417, lr = 6.309576e-10] (12.8 samples/sec; 9.409 sec/batch)
(E:53, S:34) [loss_dt = 0.3105, loss_qp = 0.4792, total loss = -7.5110, acc = 0.8833, lr = 6.309576e-10] (12.8 samples/sec; 9.402 sec/batch)
(E:53, S:35) [loss_dt = 0.4246, loss_qp = 0.5953, total loss = -7.6104, acc = 0.7667, lr = 6.309576e-10] (12.8 samples/sec; 9.390 sec/batch)
(E:53, S:36) [loss_dt = 0.3838, loss_qp = 0.5596, total loss = -7.6504, acc = 0.8167, lr = 6.309576e-10] (12.8 samples/sec; 9.371 sec/batch)
(E:53, S:37) [loss_dt = 0.3705, loss_qp = 0.5064, total loss = -7.6079, acc = 0.8333, lr = 6.309576e-10] (12.8 samples/sec; 9.371 sec/batch)
(E:53, S:38) [loss_dt = 0.4552, loss_qp = 0.6347, total loss = -7.7537, acc = 0.7917, lr = 6.309576e-10] (12.8 samples/sec; 9.354 sec/batch)
(E:53, S:39) [loss_dt = 0.4972, loss_qp = 0.6052, total loss = -7.8365, acc = 0.8083, lr = 6.309576e-10] (12.8 samples/sec; 9.355 sec/batch)
(E:53, S:40) [loss_dt = 0.5045, loss_qp = 0.6006, total loss = -7.9032, acc = 0.8083, lr = 6.309576e-10] (12.8 samples/sec; 9.359 sec/batch)
(E:53, S:41) [loss_dt = 0.2633, loss_qp = 0.3749, total loss = -7.6489, acc = 0.9250, lr = 6.309576e-10] (12.8 samples/sec; 9.352 sec/batch)
(E:53, S:42) [loss_dt = 0.5076, loss_qp = 0.5830, total loss = -7.7077, acc = 0.8000, lr = 6.309576e-10] (12.8 samples/sec; 9.345 sec/batch)
(E:53, S:43) [loss_dt = 0.4135, loss_qp = 0.5194, total loss = -7.6747, acc = 0.8000, lr = 6.309576e-10] (12.8 samples/sec; 9.352 sec/batch)
(E:53, S:44) [loss_dt = 0.4663, loss_qp = 0.5535, total loss = -7.6909, acc = 0.8000, lr = 6.309576e-10] (13.5 samples/sec; 8.890 sec/batch)
(E:53, S:45) [loss_dt = 0.3233, loss_qp = 0.5357, total loss = -7.6929, acc = 0.8500, lr = 6.309576e-10] (14.9 samples/sec; 8.035 sec/batch)
(E:53, S:46) [loss_dt = 0.4365, loss_qp = 0.4971, total loss = -7.6257, acc = 0.8500, lr = 6.309576e-10] (16.5 samples/sec; 7.264 sec/batch)
(E:53, S:47) [loss_dt = 0.5983, loss_qp = 0.4990, total loss = -7.5518, acc = 0.7167, lr = 6.309576e-10] (18.3 samples/sec; 6.572 sec/batch)
(E:53, S:48) [loss_dt = 0.4492, loss_qp = 0.3673, total loss = -7.3027, acc = 0.8500, lr = 6.309576e-10] (20.2 samples/sec; 5.947 sec/batch)
(E:53, S:49) [loss_dt = 0.2982, loss_qp = 0.4190, total loss = -7.1711, acc = 0.8833, lr = 6.309576e-10] (22.3 samples/sec; 5.387 sec/batch)
(E:53, S:50) [loss_dt = 0.4317, loss_qp = 0.5275, total loss = -7.2021, acc = 0.8333, lr = 6.309576e-10] (24.6 samples/sec; 4.883 sec/batch)
(E:53, S:51) [loss_dt = 0.4690, loss_qp = 0.6270, total loss = -7.3756, acc = 0.7833, lr = 6.309576e-10] (27.1 samples/sec; 4.429 sec/batch)
PLCC: 0.4689, SROCC: 0.4219, Acc: 0.7628
(E:54, S:0) [loss_dt = 0.4776, loss_qp = 0.6049, total loss = -7.4975, acc = 0.8083, lr = 5.011872e-10] (7.1 samples/sec; 16.931 sec/batch)
(E:54, S:1) [loss_dt = 0.4457, loss_qp = 0.4617, total loss = -7.3958, acc = 0.8083, lr = 5.011872e-10] (7.9 samples/sec; 15.280 sec/batch)
(E:54, S:2) [loss_dt = 0.5077, loss_qp = 0.5149, total loss = -7.3779, acc = 0.8000, lr = 5.011872e-10] (8.7 samples/sec; 13.794 sec/batch)
(E:54, S:3) [loss_dt = 0.4907, loss_qp = 0.5905, total loss = -7.4768, acc = 0.8333, lr = 5.011872e-10] (9.6 samples/sec; 12.456 sec/batch)
(E:54, S:4) [loss_dt = 0.4570, loss_qp = 0.4107, total loss = -7.2995, acc = 0.8000, lr = 5.011872e-10] (10.7 samples/sec; 11.246 sec/batch)
(E:54, S:5) [loss_dt = 0.3892, loss_qp = 0.5748, total loss = -7.3928, acc = 0.8417, lr = 5.011872e-10] (11.1 samples/sec; 10.843 sec/batch)
(E:54, S:6) [loss_dt = 0.3661, loss_qp = 0.5279, total loss = -7.4088, acc = 0.8333, lr = 5.011872e-10] (11.2 samples/sec; 10.705 sec/batch)
(E:54, S:7) [loss_dt = 0.3831, loss_qp = 0.5561, total loss = -7.4638, acc = 0.8250, lr = 5.011872e-10] (11.4 samples/sec; 10.567 sec/batch)
(E:54, S:8) [loss_dt = 0.5534, loss_qp = 0.6067, total loss = -7.5722, acc = 0.7833, lr = 5.011872e-10] (11.5 samples/sec; 10.432 sec/batch)
(E:54, S:9) [loss_dt = 0.4811, loss_qp = 0.4624, total loss = -7.4606, acc = 0.7667, lr = 5.011872e-10] (11.6 samples/sec; 10.325 sec/batch)
(E:54, S:10) [loss_dt = 0.4175, loss_qp = 0.6131, total loss = -7.5924, acc = 0.8250, lr = 5.011872e-10] (11.7 samples/sec; 10.250 sec/batch)
(E:54, S:11) [loss_dt = 0.4083, loss_qp = 0.4076, total loss = -7.4037, acc = 0.8083, lr = 5.011872e-10] (11.8 samples/sec; 10.147 sec/batch)
(E:54, S:12) [loss_dt = 0.3939, loss_qp = 0.5050, total loss = -7.3814, acc = 0.8083, lr = 5.011872e-10] (11.9 samples/sec; 10.079 sec/batch)
(E:54, S:13) [loss_dt = 0.4792, loss_qp = 0.5493, total loss = -7.4192, acc = 0.8000, lr = 5.011872e-10] (12.0 samples/sec; 10.015 sec/batch)
(E:54, S:14) [loss_dt = 0.3710, loss_qp = 0.5375, total loss = -7.4464, acc = 0.8500, lr = 5.011872e-10] (12.1 samples/sec; 9.950 sec/batch)
(E:54, S:15) [loss_dt = 0.4641, loss_qp = 0.5684, total loss = -7.5079, acc = 0.8250, lr = 5.011872e-10] (12.1 samples/sec; 9.894 sec/batch)
(E:54, S:16) [loss_dt = 0.5342, loss_qp = 0.4931, total loss = -7.4433, acc = 0.7667, lr = 5.011872e-10] (12.2 samples/sec; 9.853 sec/batch)
(E:54, S:17) [loss_dt = 0.4240, loss_qp = 0.5670, total loss = -7.5071, acc = 0.8333, lr = 5.011872e-10] (12.2 samples/sec; 9.800 sec/batch)
(E:54, S:18) [loss_dt = 0.3680, loss_qp = 0.6048, total loss = -7.6268, acc = 0.8750, lr = 5.011872e-10] (12.3 samples/sec; 9.760 sec/batch)
(E:54, S:19) [loss_dt = 0.2975, loss_qp = 0.6128, total loss = -7.7536, acc = 0.8750, lr = 5.011872e-10] (12.3 samples/sec; 9.726 sec/batch)
(E:54, S:20) [loss_dt = 0.5474, loss_qp = 0.4562, total loss = -7.6077, acc = 0.7417, lr = 5.011872e-10] (12.4 samples/sec; 9.692 sec/batch)
(E:54, S:21) [loss_dt = 0.4815, loss_qp = 0.5928, total loss = -7.6880, acc = 0.8250, lr = 5.011872e-10] (12.4 samples/sec; 9.676 sec/batch)
(E:54, S:22) [loss_dt = 0.4505, loss_qp = 0.4789, total loss = -7.5925, acc = 0.7917, lr = 5.011872e-10] (12.4 samples/sec; 9.642 sec/batch)
(E:54, S:23) [loss_dt = 0.4621, loss_qp = 0.6276, total loss = -7.7285, acc = 0.8250, lr = 5.011872e-10] (12.5 samples/sec; 9.608 sec/batch)
(E:54, S:24) [loss_dt = 0.4418, loss_qp = 0.5694, total loss = -7.7655, acc = 0.8667, lr = 5.011872e-10] (12.5 samples/sec; 9.589 sec/batch)
(E:54, S:25) [loss_dt = 0.4099, loss_qp = 0.3754, total loss = -7.5110, acc = 0.7917, lr = 5.011872e-10] (12.6 samples/sec; 9.552 sec/batch)
(E:54, S:26) [loss_dt = 0.3394, loss_qp = 0.4955, total loss = -7.4693, acc = 0.8583, lr = 5.011872e-10] (12.6 samples/sec; 9.519 sec/batch)
(E:54, S:27) [loss_dt = 0.4553, loss_qp = 0.4730, total loss = -7.3864, acc = 0.8083, lr = 5.011872e-10] (12.6 samples/sec; 9.515 sec/batch)
(E:54, S:28) [loss_dt = 0.5800, loss_qp = 0.5160, total loss = -7.3638, acc = 0.7583, lr = 5.011872e-10] (12.6 samples/sec; 9.511 sec/batch)
(E:54, S:29) [loss_dt = 0.4689, loss_qp = 0.5283, total loss = -7.3730, acc = 0.8000, lr = 5.011872e-10] (12.6 samples/sec; 9.495 sec/batch)
(E:54, S:30) [loss_dt = 0.4208, loss_qp = 0.5198, total loss = -7.3733, acc = 0.8000, lr = 5.011872e-10] (12.7 samples/sec; 9.475 sec/batch)
(E:54, S:31) [loss_dt = 0.3932, loss_qp = 0.6160, total loss = -7.5207, acc = 0.8250, lr = 5.011872e-10] (12.7 samples/sec; 9.449 sec/batch)
(E:54, S:32) [loss_dt = 0.4543, loss_qp = 0.5459, total loss = -7.5420, acc = 0.8083, lr = 5.011872e-10] (12.7 samples/sec; 9.435 sec/batch)
(E:54, S:33) [loss_dt = 0.3948, loss_qp = 0.5572, total loss = -7.5841, acc = 0.8583, lr = 5.011872e-10] (12.7 samples/sec; 9.425 sec/batch)
(E:54, S:34) [loss_dt = 0.3105, loss_qp = 0.4789, total loss = -7.5130, acc = 0.8500, lr = 5.011872e-10] (12.7 samples/sec; 9.423 sec/batch)
(E:54, S:35) [loss_dt = 0.4294, loss_qp = 0.4876, total loss = -7.4502, acc = 0.8000, lr = 5.011872e-10] (12.7 samples/sec; 9.414 sec/batch)
(E:54, S:36) [loss_dt = 0.4210, loss_qp = 0.4992, total loss = -7.4119, acc = 0.7667, lr = 5.011872e-10] (12.8 samples/sec; 9.390 sec/batch)
(E:54, S:37) [loss_dt = 0.4253, loss_qp = 0.4847, total loss = -7.3552, acc = 0.8500, lr = 5.011872e-10] (12.8 samples/sec; 9.379 sec/batch)
(E:54, S:38) [loss_dt = 0.5114, loss_qp = 0.5444, total loss = -7.3852, acc = 0.8000, lr = 5.011872e-10] (12.8 samples/sec; 9.367 sec/batch)
(E:54, S:39) [loss_dt = 0.3590, loss_qp = 0.5669, total loss = -7.4611, acc = 0.8250, lr = 5.011872e-10] (12.8 samples/sec; 9.377 sec/batch)
(E:54, S:40) [loss_dt = 0.4936, loss_qp = 0.4201, total loss = -7.2959, acc = 0.7917, lr = 5.011872e-10] (12.8 samples/sec; 9.379 sec/batch)
(E:54, S:41) [loss_dt = 0.3393, loss_qp = 0.5853, total loss = -7.4103, acc = 0.8250, lr = 5.011872e-10] (12.8 samples/sec; 9.369 sec/batch)
(E:54, S:42) [loss_dt = 0.4607, loss_qp = 0.5236, total loss = -7.4086, acc = 0.8167, lr = 5.011872e-10] (12.8 samples/sec; 9.363 sec/batch)
(E:54, S:43) [loss_dt = 0.3075, loss_qp = 0.5948, total loss = -7.5292, acc = 0.8500, lr = 5.011872e-10] (12.8 samples/sec; 9.371 sec/batch)
(E:54, S:44) [loss_dt = 0.4476, loss_qp = 0.4800, total loss = -7.4515, acc = 0.8250, lr = 5.011872e-10] (13.5 samples/sec; 8.908 sec/batch)
(E:54, S:45) [loss_dt = 0.2551, loss_qp = 0.4705, total loss = -7.3865, acc = 0.8667, lr = 5.011872e-10] (14.9 samples/sec; 8.049 sec/batch)
(E:54, S:46) [loss_dt = 0.5236, loss_qp = 0.5998, total loss = -7.4952, acc = 0.7667, lr = 5.011872e-10] (16.5 samples/sec; 7.276 sec/batch)
(E:54, S:47) [loss_dt = 0.3987, loss_qp = 0.4509, total loss = -7.3821, acc = 0.8167, lr = 5.011872e-10] (18.2 samples/sec; 6.580 sec/batch)
(E:54, S:48) [loss_dt = 0.4577, loss_qp = 0.4329, total loss = -7.2475, acc = 0.7583, lr = 5.011872e-10] (20.2 samples/sec; 5.953 sec/batch)
(E:54, S:49) [loss_dt = 0.4017, loss_qp = 0.5307, total loss = -7.2786, acc = 0.8167, lr = 5.011872e-10] (22.3 samples/sec; 5.390 sec/batch)
(E:54, S:50) [loss_dt = 0.3646, loss_qp = 0.6063, total loss = -7.4237, acc = 0.8333, lr = 5.011872e-10] (24.5 samples/sec; 4.892 sec/batch)
(E:54, S:51) [loss_dt = 0.4407, loss_qp = 0.5522, total loss = -7.4655, acc = 0.8333, lr = 5.011872e-10] (27.0 samples/sec; 4.438 sec/batch)
PLCC: 0.4429, SROCC: 0.4142, Acc: 0.7628
(E:55, S:0) [loss_dt = 0.5073, loss_qp = 0.5067, total loss = -7.4283, acc = 0.7833, lr = 3.981071e-10] (7.0 samples/sec; 17.079 sec/batch)
(E:55, S:1) [loss_dt = 0.4663, loss_qp = 0.5015, total loss = -7.3911, acc = 0.8250, lr = 3.981071e-10] (7.8 samples/sec; 15.413 sec/batch)
(E:55, S:2) [loss_dt = 0.5140, loss_qp = 0.4990, total loss = -7.3491, acc = 0.7583, lr = 3.981071e-10] (8.6 samples/sec; 13.912 sec/batch)
(E:55, S:3) [loss_dt = 0.5672, loss_qp = 0.6119, total loss = -7.4753, acc = 0.8000, lr = 3.981071e-10] (9.6 samples/sec; 12.555 sec/batch)
(E:55, S:4) [loss_dt = 0.3631, loss_qp = 0.6087, total loss = -7.6046, acc = 0.8583, lr = 3.981071e-10] (10.6 samples/sec; 11.333 sec/batch)
(E:55, S:5) [loss_dt = 0.3760, loss_qp = 0.5247, total loss = -7.5935, acc = 0.8333, lr = 3.981071e-10] (11.0 samples/sec; 10.895 sec/batch)
(E:55, S:6) [loss_dt = 0.3586, loss_qp = 0.5810, total loss = -7.6698, acc = 0.8167, lr = 3.981071e-10] (11.2 samples/sec; 10.751 sec/batch)
(E:55, S:7) [loss_dt = 0.3894, loss_qp = 0.4837, total loss = -7.5894, acc = 0.8333, lr = 3.981071e-10] (11.3 samples/sec; 10.609 sec/batch)
(E:55, S:8) [loss_dt = 0.2493, loss_qp = 0.5338, total loss = -7.6063, acc = 0.8750, lr = 3.981071e-10] (11.5 samples/sec; 10.472 sec/batch)
(E:55, S:9) [loss_dt = 0.3897, loss_qp = 0.6204, total loss = -7.7372, acc = 0.8083, lr = 3.981071e-10] (11.6 samples/sec; 10.352 sec/batch)
(E:55, S:10) [loss_dt = 0.4454, loss_qp = 0.5793, total loss = -7.7879, acc = 0.8167, lr = 3.981071e-10] (11.7 samples/sec; 10.267 sec/batch)
(E:55, S:11) [loss_dt = 0.5784, loss_qp = 0.5130, total loss = -7.7208, acc = 0.7417, lr = 3.981071e-10] (11.8 samples/sec; 10.162 sec/batch)
(E:55, S:12) [loss_dt = 0.5667, loss_qp = 0.5237, total loss = -7.6776, acc = 0.7583, lr = 3.981071e-10] (11.9 samples/sec; 10.077 sec/batch)
(E:55, S:13) [loss_dt = 0.3622, loss_qp = 0.4780, total loss = -7.5906, acc = 0.8583, lr = 3.981071e-10] (12.0 samples/sec; 9.996 sec/batch)
(E:55, S:14) [loss_dt = 0.4663, loss_qp = 0.5141, total loss = -7.5560, acc = 0.8250, lr = 3.981071e-10] (12.1 samples/sec; 9.928 sec/batch)
(E:55, S:15) [loss_dt = 0.4570, loss_qp = 0.4685, total loss = -7.4574, acc = 0.7833, lr = 3.981071e-10] (12.2 samples/sec; 9.862 sec/batch)
(E:55, S:16) [loss_dt = 0.5248, loss_qp = 0.5721, total loss = -7.5173, acc = 0.7833, lr = 3.981071e-10] (12.2 samples/sec; 9.813 sec/batch)
(E:55, S:17) [loss_dt = 0.4131, loss_qp = 0.5055, total loss = -7.4826, acc = 0.8500, lr = 3.981071e-10] (12.3 samples/sec; 9.765 sec/batch)
(E:55, S:18) [loss_dt = 0.2935, loss_qp = 0.6232, total loss = -7.6398, acc = 0.8583, lr = 3.981071e-10] (12.3 samples/sec; 9.776 sec/batch)
(E:55, S:19) [loss_dt = 0.4970, loss_qp = 0.5897, total loss = -7.7107, acc = 0.8167, lr = 3.981071e-10] (12.3 samples/sec; 9.728 sec/batch)
(E:55, S:20) [loss_dt = 0.5273, loss_qp = 0.5182, total loss = -7.6642, acc = 0.8333, lr = 3.981071e-10] (12.4 samples/sec; 9.693 sec/batch)
(E:55, S:21) [loss_dt = 0.3457, loss_qp = 0.3031, total loss = -7.3178, acc = 0.8583, lr = 3.981071e-10] (12.4 samples/sec; 9.669 sec/batch)
(E:55, S:22) [loss_dt = 0.4728, loss_qp = 0.5629, total loss = -7.3831, acc = 0.7917, lr = 3.981071e-10] (12.5 samples/sec; 9.628 sec/batch)
(E:55, S:23) [loss_dt = 0.5651, loss_qp = 0.5670, total loss = -7.4388, acc = 0.7083, lr = 3.981071e-10] (12.5 samples/sec; 9.606 sec/batch)
(E:55, S:24) [loss_dt = 0.5154, loss_qp = 0.5804, total loss = -7.5140, acc = 0.8083, lr = 3.981071e-10] (12.5 samples/sec; 9.582 sec/batch)
(E:55, S:25) [loss_dt = 0.4106, loss_qp = 0.5408, total loss = -7.5327, acc = 0.8667, lr = 3.981071e-10] (12.6 samples/sec; 9.542 sec/batch)
(E:55, S:26) [loss_dt = 0.4121, loss_qp = 0.4838, total loss = -7.4639, acc = 0.7917, lr = 3.981071e-10] (12.6 samples/sec; 9.515 sec/batch)
(E:55, S:27) [loss_dt = 0.3581, loss_qp = 0.4608, total loss = -7.3728, acc = 0.8333, lr = 3.981071e-10] (12.6 samples/sec; 9.496 sec/batch)
(E:55, S:28) [loss_dt = 0.4646, loss_qp = 0.5969, total loss = -7.4844, acc = 0.7500, lr = 3.981071e-10] (12.7 samples/sec; 9.486 sec/batch)
(E:55, S:29) [loss_dt = 0.3812, loss_qp = 0.4575, total loss = -7.3840, acc = 0.8583, lr = 3.981071e-10] (12.7 samples/sec; 9.478 sec/batch)
(E:55, S:30) [loss_dt = 0.3561, loss_qp = 0.4946, total loss = -7.3519, acc = 0.8500, lr = 3.981071e-10] (12.7 samples/sec; 9.457 sec/batch)
(E:55, S:31) [loss_dt = 0.4817, loss_qp = 0.5548, total loss = -7.4008, acc = 0.7833, lr = 3.981071e-10] (12.7 samples/sec; 9.444 sec/batch)
(E:55, S:32) [loss_dt = 0.3318, loss_qp = 0.4484, total loss = -7.3002, acc = 0.8583, lr = 3.981071e-10] (12.7 samples/sec; 9.423 sec/batch)
(E:55, S:33) [loss_dt = 0.4166, loss_qp = 0.6111, total loss = -7.4452, acc = 0.8167, lr = 3.981071e-10] (12.7 samples/sec; 9.434 sec/batch)
(E:55, S:34) [loss_dt = 0.2866, loss_qp = 0.5488, total loss = -7.4952, acc = 0.8833, lr = 3.981071e-10] (12.7 samples/sec; 9.428 sec/batch)
(E:55, S:35) [loss_dt = 0.5248, loss_qp = 0.4440, total loss = -7.3592, acc = 0.7750, lr = 3.981071e-10] (12.8 samples/sec; 9.411 sec/batch)
(E:55, S:36) [loss_dt = 0.3897, loss_qp = 0.5268, total loss = -7.3746, acc = 0.8583, lr = 3.981071e-10] (12.8 samples/sec; 9.399 sec/batch)
(E:55, S:37) [loss_dt = 0.3309, loss_qp = 0.6085, total loss = -7.5168, acc = 0.8500, lr = 3.981071e-10] (12.8 samples/sec; 9.385 sec/batch)
(E:55, S:38) [loss_dt = 0.4213, loss_qp = 0.5609, total loss = -7.5644, acc = 0.7833, lr = 3.981071e-10] (12.8 samples/sec; 9.372 sec/batch)
(E:55, S:39) [loss_dt = 0.4044, loss_qp = 0.5225, total loss = -7.5513, acc = 0.8167, lr = 3.981071e-10] (12.8 samples/sec; 9.386 sec/batch)
(E:55, S:40) [loss_dt = 0.4063, loss_qp = 0.4233, total loss = -7.3905, acc = 0.8250, lr = 3.981071e-10] (12.8 samples/sec; 9.390 sec/batch)
(E:55, S:41) [loss_dt = 0.4685, loss_qp = 0.5932, total loss = -7.4944, acc = 0.7917, lr = 3.981071e-10] (12.8 samples/sec; 9.377 sec/batch)
(E:55, S:42) [loss_dt = 0.3528, loss_qp = 0.5680, total loss = -7.5617, acc = 0.8250, lr = 3.981071e-10] (12.8 samples/sec; 9.380 sec/batch)
(E:55, S:43) [loss_dt = 0.4798, loss_qp = 0.6171, total loss = -7.6832, acc = 0.7833, lr = 3.981071e-10] (12.8 samples/sec; 9.380 sec/batch)
(E:55, S:44) [loss_dt = 0.3635, loss_qp = 0.4914, total loss = -7.6156, acc = 0.7583, lr = 3.981071e-10] (13.5 samples/sec; 8.914 sec/batch)
(E:55, S:45) [loss_dt = 0.3863, loss_qp = 0.5793, total loss = -7.6843, acc = 0.8750, lr = 3.981071e-10] (14.9 samples/sec; 8.053 sec/batch)
(E:55, S:46) [loss_dt = 0.4807, loss_qp = 0.4800, total loss = -7.5878, acc = 0.7917, lr = 3.981071e-10] (16.5 samples/sec; 7.282 sec/batch)
(E:55, S:47) [loss_dt = 0.3690, loss_qp = 0.5466, total loss = -7.6121, acc = 0.8417, lr = 3.981071e-10] (18.2 samples/sec; 6.588 sec/batch)
(E:55, S:48) [loss_dt = 0.3880, loss_qp = 0.5059, total loss = -7.5709, acc = 0.8500, lr = 3.981071e-10] (20.1 samples/sec; 5.962 sec/batch)
(E:55, S:49) [loss_dt = 0.4753, loss_qp = 0.4789, total loss = -7.4846, acc = 0.8083, lr = 3.981071e-10] (22.2 samples/sec; 5.399 sec/batch)
(E:55, S:50) [loss_dt = 0.5773, loss_qp = 0.4137, total loss = -7.2990, acc = 0.7417, lr = 3.981071e-10] (24.5 samples/sec; 4.891 sec/batch)
(E:55, S:51) [loss_dt = 0.4451, loss_qp = 0.5157, total loss = -7.2982, acc = 0.8167, lr = 3.981071e-10] (27.1 samples/sec; 4.435 sec/batch)
PLCC: 0.4455, SROCC: 0.4089, Acc: 0.7641
(E:56, S:0) [loss_dt = 0.5228, loss_qp = 0.5083, total loss = -7.2786, acc = 0.7333, lr = 3.162277e-10] (7.1 samples/sec; 16.933 sec/batch)
(E:56, S:1) [loss_dt = 0.4060, loss_qp = 0.5398, total loss = -7.3198, acc = 0.8167, lr = 3.162277e-10] (7.9 samples/sec; 15.284 sec/batch)
(E:56, S:2) [loss_dt = 0.4130, loss_qp = 0.5441, total loss = -7.3626, acc = 0.7833, lr = 3.162277e-10] (8.7 samples/sec; 13.801 sec/batch)
(E:56, S:3) [loss_dt = 0.4060, loss_qp = 0.5443, total loss = -7.4022, acc = 0.8250, lr = 3.162277e-10] (9.6 samples/sec; 12.465 sec/batch)
(E:56, S:4) [loss_dt = 0.4687, loss_qp = 0.5363, total loss = -7.4195, acc = 0.8167, lr = 3.162277e-10] (10.7 samples/sec; 11.255 sec/batch)
(E:56, S:5) [loss_dt = 0.3022, loss_qp = 0.6239, total loss = -7.5831, acc = 0.8417, lr = 3.162277e-10] (11.1 samples/sec; 10.813 sec/batch)
(E:56, S:6) [loss_dt = 0.5176, loss_qp = 0.5305, total loss = -7.5688, acc = 0.7833, lr = 3.162277e-10] (11.2 samples/sec; 10.668 sec/batch)
(E:56, S:7) [loss_dt = 0.3371, loss_qp = 0.5635, total loss = -7.6234, acc = 0.8500, lr = 3.162277e-10] (11.4 samples/sec; 10.533 sec/batch)
(E:56, S:8) [loss_dt = 0.3686, loss_qp = 0.5420, total loss = -7.6373, acc = 0.8500, lr = 3.162277e-10] (11.5 samples/sec; 10.401 sec/batch)
(E:56, S:9) [loss_dt = 0.3985, loss_qp = 0.5420, total loss = -7.6466, acc = 0.8417, lr = 3.162277e-10] (11.7 samples/sec; 10.288 sec/batch)
(E:56, S:10) [loss_dt = 0.3534, loss_qp = 0.5073, total loss = -7.6075, acc = 0.8500, lr = 3.162277e-10] (11.7 samples/sec; 10.213 sec/batch)
(E:56, S:11) [loss_dt = 0.5605, loss_qp = 0.5149, total loss = -7.5630, acc = 0.8083, lr = 3.162277e-10] (11.9 samples/sec; 10.116 sec/batch)
(E:56, S:12) [loss_dt = 0.4176, loss_qp = 0.5846, total loss = -7.6418, acc = 0.8083, lr = 3.162277e-10] (12.0 samples/sec; 10.031 sec/batch)
(E:56, S:13) [loss_dt = 0.4483, loss_qp = 0.5467, total loss = -7.6529, acc = 0.8083, lr = 3.162277e-10] (12.1 samples/sec; 9.954 sec/batch)
(E:56, S:14) [loss_dt = 0.2917, loss_qp = 0.5148, total loss = -7.6307, acc = 0.8667, lr = 3.162277e-10] (12.1 samples/sec; 9.895 sec/batch)
(E:56, S:15) [loss_dt = 0.4492, loss_qp = 0.4986, total loss = -7.5706, acc = 0.8333, lr = 3.162277e-10] (12.2 samples/sec; 9.838 sec/batch)
(E:56, S:16) [loss_dt = 0.3775, loss_qp = 0.6236, total loss = -7.7112, acc = 0.8750, lr = 3.162277e-10] (12.3 samples/sec; 9.792 sec/batch)
(E:56, S:17) [loss_dt = 0.4303, loss_qp = 0.4801, total loss = -7.6171, acc = 0.8333, lr = 3.162277e-10] (12.3 samples/sec; 9.743 sec/batch)
(E:56, S:18) [loss_dt = 0.3776, loss_qp = 0.5038, total loss = -7.5733, acc = 0.8333, lr = 3.162277e-10] (12.4 samples/sec; 9.716 sec/batch)
(E:56, S:19) [loss_dt = 0.5197, loss_qp = 0.5569, total loss = -7.5995, acc = 0.8000, lr = 3.162277e-10] (12.4 samples/sec; 9.680 sec/batch)
(E:56, S:20) [loss_dt = 0.6365, loss_qp = 0.5288, total loss = -7.5691, acc = 0.7250, lr = 3.162277e-10] (12.4 samples/sec; 9.645 sec/batch)
(E:56, S:21) [loss_dt = 0.4222, loss_qp = 0.5945, total loss = -7.6617, acc = 0.8083, lr = 3.162277e-10] (12.5 samples/sec; 9.625 sec/batch)
(E:56, S:22) [loss_dt = 0.3628, loss_qp = 0.5259, total loss = -7.6481, acc = 0.8500, lr = 3.162277e-10] (12.5 samples/sec; 9.586 sec/batch)
(E:56, S:23) [loss_dt = 0.5170, loss_qp = 0.5640, total loss = -7.6776, acc = 0.7833, lr = 3.162277e-10] (12.6 samples/sec; 9.560 sec/batch)
(E:56, S:24) [loss_dt = 0.4473, loss_qp = 0.4877, total loss = -7.5966, acc = 0.7833, lr = 3.162277e-10] (12.6 samples/sec; 9.543 sec/batch)
(E:56, S:25) [loss_dt = 0.4369, loss_qp = 0.6103, total loss = -7.7087, acc = 0.8250, lr = 3.162277e-10] (12.6 samples/sec; 9.510 sec/batch)
(E:56, S:26) [loss_dt = 0.3768, loss_qp = 0.6049, total loss = -7.8076, acc = 0.8500, lr = 3.162277e-10] (12.7 samples/sec; 9.485 sec/batch)
(E:56, S:27) [loss_dt = 0.5363, loss_qp = 0.4723, total loss = -7.6817, acc = 0.8000, lr = 3.162277e-10] (12.7 samples/sec; 9.462 sec/batch)
(E:56, S:28) [loss_dt = 0.3371, loss_qp = 0.4398, total loss = -7.5395, acc = 0.8000, lr = 3.162277e-10] (12.7 samples/sec; 9.450 sec/batch)
(E:56, S:29) [loss_dt = 0.4570, loss_qp = 0.3898, total loss = -7.3245, acc = 0.8250, lr = 3.162277e-10] (12.7 samples/sec; 9.428 sec/batch)
(E:56, S:30) [loss_dt = 0.3423, loss_qp = 0.5248, total loss = -7.3450, acc = 0.8167, lr = 3.162277e-10] (12.8 samples/sec; 9.411 sec/batch)
(E:56, S:31) [loss_dt = 0.4187, loss_qp = 0.5762, total loss = -7.4330, acc = 0.8250, lr = 3.162277e-10] (12.8 samples/sec; 9.396 sec/batch)
(E:56, S:32) [loss_dt = 0.3094, loss_qp = 0.5145, total loss = -7.4304, acc = 0.8833, lr = 3.162277e-10] (12.8 samples/sec; 9.391 sec/batch)
(E:56, S:33) [loss_dt = 0.4936, loss_qp = 0.5583, total loss = -7.4755, acc = 0.8000, lr = 3.162277e-10] (12.8 samples/sec; 9.387 sec/batch)
(E:56, S:34) [loss_dt = 0.4127, loss_qp = 0.6267, total loss = -7.6267, acc = 0.8333, lr = 3.162277e-10] (12.8 samples/sec; 9.391 sec/batch)
(E:56, S:35) [loss_dt = 0.3653, loss_qp = 0.4887, total loss = -7.5605, acc = 0.8417, lr = 3.162277e-10] (12.8 samples/sec; 9.387 sec/batch)
(E:56, S:36) [loss_dt = 0.3995, loss_qp = 0.4020, total loss = -7.3676, acc = 0.8000, lr = 3.162277e-10] (12.8 samples/sec; 9.371 sec/batch)
(E:56, S:37) [loss_dt = 0.3142, loss_qp = 0.5139, total loss = -7.3703, acc = 0.8500, lr = 3.162277e-10] (12.8 samples/sec; 9.382 sec/batch)
(E:56, S:38) [loss_dt = 0.3458, loss_qp = 0.5339, total loss = -7.3996, acc = 0.8250, lr = 3.162277e-10] (12.8 samples/sec; 9.370 sec/batch)
(E:56, S:39) [loss_dt = 0.3926, loss_qp = 0.4474, total loss = -7.2915, acc = 0.8333, lr = 3.162277e-10] (12.8 samples/sec; 9.373 sec/batch)
(E:56, S:40) [loss_dt = 0.4571, loss_qp = 0.4129, total loss = -7.1360, acc = 0.8250, lr = 3.162277e-10] (12.8 samples/sec; 9.375 sec/batch)
(E:56, S:41) [loss_dt = 0.4462, loss_qp = 0.4954, total loss = -7.1209, acc = 0.7833, lr = 3.162277e-10] (12.8 samples/sec; 9.373 sec/batch)
(E:56, S:42) [loss_dt = 0.3829, loss_qp = 0.5836, total loss = -7.2459, acc = 0.8333, lr = 3.162277e-10] (12.8 samples/sec; 9.363 sec/batch)
(E:56, S:43) [loss_dt = 0.4928, loss_qp = 0.5139, total loss = -7.2429, acc = 0.8250, lr = 3.162277e-10] (12.8 samples/sec; 9.364 sec/batch)
(E:56, S:44) [loss_dt = 0.4265, loss_qp = 0.5120, total loss = -7.2439, acc = 0.8417, lr = 3.162277e-10] (13.5 samples/sec; 8.903 sec/batch)
(E:56, S:45) [loss_dt = 0.3946, loss_qp = 0.5196, total loss = -7.2595, acc = 0.8167, lr = 3.162277e-10] (14.9 samples/sec; 8.045 sec/batch)
(E:56, S:46) [loss_dt = 0.3972, loss_qp = 0.5564, total loss = -7.3284, acc = 0.8250, lr = 3.162277e-10] (16.5 samples/sec; 7.276 sec/batch)
(E:56, S:47) [loss_dt = 0.3594, loss_qp = 0.5053, total loss = -7.3175, acc = 0.8500, lr = 3.162277e-10] (18.2 samples/sec; 6.582 sec/batch)
(E:56, S:48) [loss_dt = 0.4157, loss_qp = 0.5064, total loss = -7.3038, acc = 0.8083, lr = 3.162277e-10] (20.1 samples/sec; 5.958 sec/batch)
(E:56, S:49) [loss_dt = 0.4197, loss_qp = 0.5162, total loss = -7.3057, acc = 0.8583, lr = 3.162277e-10] (22.2 samples/sec; 5.395 sec/batch)
(E:56, S:50) [loss_dt = 0.6105, loss_qp = 0.6532, total loss = -7.4939, acc = 0.7250, lr = 3.162277e-10] (24.5 samples/sec; 4.890 sec/batch)
(E:56, S:51) [loss_dt = 0.4767, loss_qp = 0.5387, total loss = -7.5049, acc = 0.8000, lr = 3.162277e-10] (27.1 samples/sec; 4.435 sec/batch)
PLCC: 0.4597, SROCC: 0.4136, Acc: 0.7641
(E:57, S:0) [loss_dt = 0.4287, loss_qp = 0.4714, total loss = -7.4186, acc = 0.7667, lr = 2.511888e-10] (7.1 samples/sec; 16.934 sec/batch)
(E:57, S:1) [loss_dt = 0.4191, loss_qp = 0.6102, total loss = -7.5501, acc = 0.8167, lr = 2.511888e-10] (7.9 samples/sec; 15.285 sec/batch)
(E:57, S:2) [loss_dt = 0.3803, loss_qp = 0.5461, total loss = -7.5763, acc = 0.8333, lr = 2.511888e-10] (8.7 samples/sec; 13.798 sec/batch)
(E:57, S:3) [loss_dt = 0.3673, loss_qp = 0.5593, total loss = -7.6208, acc = 0.8250, lr = 2.511888e-10] (9.6 samples/sec; 12.456 sec/batch)
(E:57, S:4) [loss_dt = 0.3423, loss_qp = 0.5192, total loss = -7.6033, acc = 0.8417, lr = 2.511888e-10] (10.7 samples/sec; 11.247 sec/batch)
(E:57, S:5) [loss_dt = 0.4276, loss_qp = 0.4605, total loss = -7.4909, acc = 0.7917, lr = 2.511888e-10] (11.1 samples/sec; 10.824 sec/batch)
(E:57, S:6) [loss_dt = 0.3965, loss_qp = 0.5474, total loss = -7.5232, acc = 0.8417, lr = 2.511888e-10] (11.2 samples/sec; 10.680 sec/batch)
(E:57, S:7) [loss_dt = 0.5202, loss_qp = 0.4394, total loss = -7.3780, acc = 0.7917, lr = 2.511888e-10] (11.4 samples/sec; 10.554 sec/batch)
(E:57, S:8) [loss_dt = 0.5132, loss_qp = 0.5275, total loss = -7.3802, acc = 0.8250, lr = 2.511888e-10] (11.5 samples/sec; 10.416 sec/batch)
(E:57, S:9) [loss_dt = 0.5728, loss_qp = 0.5370, total loss = -7.3904, acc = 0.7417, lr = 2.511888e-10] (11.6 samples/sec; 10.308 sec/batch)
(E:57, S:10) [loss_dt = 0.5033, loss_qp = 0.5190, total loss = -7.3795, acc = 0.7583, lr = 2.511888e-10] (11.7 samples/sec; 10.238 sec/batch)
(E:57, S:11) [loss_dt = 0.3175, loss_qp = 0.4718, total loss = -7.3175, acc = 0.8750, lr = 2.511888e-10] (11.8 samples/sec; 10.148 sec/batch)
(E:57, S:12) [loss_dt = 0.5747, loss_qp = 0.6325, total loss = -7.4770, acc = 0.7583, lr = 2.511888e-10] (11.9 samples/sec; 10.062 sec/batch)
(E:57, S:13) [loss_dt = 0.4146, loss_qp = 0.5190, total loss = -7.4663, acc = 0.8083, lr = 2.511888e-10] (12.0 samples/sec; 9.985 sec/batch)
(E:57, S:14) [loss_dt = 0.3605, loss_qp = 0.4941, total loss = -7.4248, acc = 0.8500, lr = 2.511888e-10] (12.1 samples/sec; 9.923 sec/batch)
(E:57, S:15) [loss_dt = 0.4071, loss_qp = 0.4995, total loss = -7.3908, acc = 0.8250, lr = 2.511888e-10] (12.2 samples/sec; 9.860 sec/batch)
(E:57, S:16) [loss_dt = 0.4843, loss_qp = 0.5561, total loss = -7.4375, acc = 0.8083, lr = 2.511888e-10] (12.2 samples/sec; 9.800 sec/batch)
(E:57, S:17) [loss_dt = 0.4459, loss_qp = 0.5407, total loss = -7.4602, acc = 0.7917, lr = 2.511888e-10] (12.3 samples/sec; 9.741 sec/batch)
(E:57, S:18) [loss_dt = 0.4568, loss_qp = 0.5892, total loss = -7.5523, acc = 0.8000, lr = 2.511888e-10] (12.4 samples/sec; 9.713 sec/batch)
(E:57, S:19) [loss_dt = 0.4720, loss_qp = 0.5417, total loss = -7.5624, acc = 0.8000, lr = 2.511888e-10] (12.4 samples/sec; 9.674 sec/batch)
(E:57, S:20) [loss_dt = 0.4587, loss_qp = 0.5129, total loss = -7.5296, acc = 0.8083, lr = 2.511888e-10] (12.4 samples/sec; 9.662 sec/batch)
(E:57, S:21) [loss_dt = 0.4506, loss_qp = 0.4387, total loss = -7.3897, acc = 0.8083, lr = 2.511888e-10] (12.4 samples/sec; 9.650 sec/batch)
(E:57, S:22) [loss_dt = 0.3357, loss_qp = 0.5009, total loss = -7.3684, acc = 0.8500, lr = 2.511888e-10] (12.5 samples/sec; 9.627 sec/batch)
(E:57, S:23) [loss_dt = 0.4681, loss_qp = 0.5776, total loss = -7.4511, acc = 0.8250, lr = 2.511888e-10] (12.5 samples/sec; 9.607 sec/batch)
(E:57, S:24) [loss_dt = 0.4746, loss_qp = 0.5293, total loss = -7.4525, acc = 0.8250, lr = 2.511888e-10] (12.5 samples/sec; 9.589 sec/batch)
(E:57, S:25) [loss_dt = 0.5061, loss_qp = 0.5227, total loss = -7.4406, acc = 0.8250, lr = 2.511888e-10] (12.6 samples/sec; 9.551 sec/batch)
(E:57, S:26) [loss_dt = 0.4319, loss_qp = 0.4716, total loss = -7.3608, acc = 0.8083, lr = 2.511888e-10] (12.6 samples/sec; 9.517 sec/batch)
(E:57, S:27) [loss_dt = 0.4282, loss_qp = 0.4894, total loss = -7.3160, acc = 0.8417, lr = 2.511888e-10] (12.6 samples/sec; 9.500 sec/batch)
(E:57, S:28) [loss_dt = 0.4971, loss_qp = 0.5819, total loss = -7.4076, acc = 0.8083, lr = 2.511888e-10] (12.6 samples/sec; 9.487 sec/batch)
(E:57, S:29) [loss_dt = 0.3195, loss_qp = 0.5491, total loss = -7.4585, acc = 0.8583, lr = 2.511888e-10] (12.7 samples/sec; 9.470 sec/batch)
(E:57, S:30) [loss_dt = 0.4940, loss_qp = 0.5594, total loss = -7.5024, acc = 0.7417, lr = 2.511888e-10] (12.7 samples/sec; 9.454 sec/batch)
(E:57, S:31) [loss_dt = 0.4503, loss_qp = 0.5513, total loss = -7.5340, acc = 0.8417, lr = 2.511888e-10] (12.7 samples/sec; 9.435 sec/batch)
(E:57, S:32) [loss_dt = 0.3883, loss_qp = 0.5393, total loss = -7.5508, acc = 0.8167, lr = 2.511888e-10] (12.7 samples/sec; 9.416 sec/batch)
(E:57, S:33) [loss_dt = 0.4294, loss_qp = 0.5400, total loss = -7.5628, acc = 0.8333, lr = 2.511888e-10] (12.8 samples/sec; 9.411 sec/batch)
(E:57, S:34) [loss_dt = 0.3426, loss_qp = 0.5546, total loss = -7.6042, acc = 0.8417, lr = 2.511888e-10] (12.8 samples/sec; 9.406 sec/batch)
(E:57, S:35) [loss_dt = 0.2842, loss_qp = 0.5411, total loss = -7.6269, acc = 0.8833, lr = 2.511888e-10] (12.8 samples/sec; 9.401 sec/batch)
(E:57, S:36) [loss_dt = 0.4173, loss_qp = 0.5538, total loss = -7.6531, acc = 0.8583, lr = 2.511888e-10] (12.8 samples/sec; 9.386 sec/batch)
(E:57, S:37) [loss_dt = 0.4839, loss_qp = 0.5591, total loss = -7.6780, acc = 0.7750, lr = 2.511888e-10] (12.8 samples/sec; 9.399 sec/batch)
(E:57, S:38) [loss_dt = 0.3833, loss_qp = 0.5146, total loss = -7.6438, acc = 0.8500, lr = 2.511888e-10] (12.8 samples/sec; 9.381 sec/batch)
(E:57, S:39) [loss_dt = 0.3347, loss_qp = 0.5206, total loss = -7.6268, acc = 0.8750, lr = 2.511888e-10] (12.8 samples/sec; 9.382 sec/batch)
(E:57, S:40) [loss_dt = 0.4269, loss_qp = 0.6201, total loss = -7.7516, acc = 0.8167, lr = 2.511888e-10] (12.8 samples/sec; 9.379 sec/batch)
(E:57, S:41) [loss_dt = 0.4681, loss_qp = 0.5689, total loss = -7.7830, acc = 0.8167, lr = 2.511888e-10] (12.8 samples/sec; 9.376 sec/batch)
(E:57, S:42) [loss_dt = 0.4111, loss_qp = 0.5721, total loss = -7.8217, acc = 0.8000, lr = 2.511888e-10] (12.8 samples/sec; 9.367 sec/batch)
(E:57, S:43) [loss_dt = 0.4503, loss_qp = 0.5155, total loss = -7.7678, acc = 0.8250, lr = 2.511888e-10] (12.8 samples/sec; 9.374 sec/batch)
(E:57, S:44) [loss_dt = 0.3171, loss_qp = 0.4822, total loss = -7.6825, acc = 0.8333, lr = 2.511888e-10] (13.5 samples/sec; 8.915 sec/batch)
(E:57, S:45) [loss_dt = 0.4868, loss_qp = 0.5508, total loss = -7.6918, acc = 0.7917, lr = 2.511888e-10] (14.9 samples/sec; 8.054 sec/batch)
(E:57, S:46) [loss_dt = 0.4885, loss_qp = 0.5405, total loss = -7.6846, acc = 0.7750, lr = 2.511888e-10] (16.5 samples/sec; 7.283 sec/batch)
(E:57, S:47) [loss_dt = 0.4510, loss_qp = 0.4384, total loss = -7.5287, acc = 0.8000, lr = 2.511888e-10] (18.2 samples/sec; 6.591 sec/batch)
(E:57, S:48) [loss_dt = 0.4941, loss_qp = 0.5092, total loss = -7.4903, acc = 0.7833, lr = 2.511888e-10] (20.1 samples/sec; 5.963 sec/batch)
(E:57, S:49) [loss_dt = 0.5100, loss_qp = 0.6241, total loss = -7.6264, acc = 0.7667, lr = 2.511888e-10] (22.2 samples/sec; 5.397 sec/batch)
(E:57, S:50) [loss_dt = 0.3595, loss_qp = 0.5363, total loss = -7.6322, acc = 0.8417, lr = 2.511888e-10] (24.5 samples/sec; 4.890 sec/batch)
(E:57, S:51) [loss_dt = 0.3477, loss_qp = 0.3626, total loss = -7.3780, acc = 0.8583, lr = 2.511888e-10] (27.1 samples/sec; 4.435 sec/batch)
PLCC: 0.4496, SROCC: 0.4108, Acc: 0.7494
(E:58, S:0) [loss_dt = 0.3864, loss_qp = 0.5145, total loss = -7.3734, acc = 0.7750, lr = 1.995264e-10] (7.0 samples/sec; 17.064 sec/batch)
(E:58, S:1) [loss_dt = 0.5130, loss_qp = 0.4674, total loss = -7.2859, acc = 0.7833, lr = 1.995264e-10] (7.8 samples/sec; 15.404 sec/batch)
(E:58, S:2) [loss_dt = 0.3199, loss_qp = 0.4368, total loss = -7.1806, acc = 0.8333, lr = 1.995264e-10] (8.6 samples/sec; 13.900 sec/batch)
(E:58, S:3) [loss_dt = 0.4444, loss_qp = 0.5533, total loss = -7.2480, acc = 0.7917, lr = 1.995264e-10] (9.6 samples/sec; 12.547 sec/batch)
(E:58, S:4) [loss_dt = 0.4466, loss_qp = 0.5405, total loss = -7.2893, acc = 0.8000, lr = 1.995264e-10] (10.6 samples/sec; 11.325 sec/batch)
(E:58, S:5) [loss_dt = 0.5493, loss_qp = 0.5389, total loss = -7.3137, acc = 0.8250, lr = 1.995264e-10] (11.1 samples/sec; 10.833 sec/batch)
(E:58, S:6) [loss_dt = 0.4853, loss_qp = 0.5731, total loss = -7.3935, acc = 0.7667, lr = 1.995264e-10] (11.2 samples/sec; 10.682 sec/batch)
(E:58, S:7) [loss_dt = 0.3841, loss_qp = 0.5278, total loss = -7.4075, acc = 0.8667, lr = 1.995264e-10] (11.4 samples/sec; 10.544 sec/batch)
(E:58, S:8) [loss_dt = 0.4270, loss_qp = 0.5526, total loss = -7.4529, acc = 0.8167, lr = 1.995264e-10] (11.5 samples/sec; 10.413 sec/batch)
(E:58, S:9) [loss_dt = 0.3496, loss_qp = 0.4831, total loss = -7.3973, acc = 0.8667, lr = 1.995264e-10] (11.6 samples/sec; 10.308 sec/batch)
(E:58, S:10) [loss_dt = 0.3369, loss_qp = 0.5883, total loss = -7.5064, acc = 0.9000, lr = 1.995264e-10] (11.7 samples/sec; 10.239 sec/batch)
(E:58, S:11) [loss_dt = 0.6039, loss_qp = 0.5219, total loss = -7.4783, acc = 0.7417, lr = 1.995264e-10] (11.8 samples/sec; 10.151 sec/batch)
(E:58, S:12) [loss_dt = 0.4195, loss_qp = 0.5019, total loss = -7.4414, acc = 0.8167, lr = 1.995264e-10] (11.9 samples/sec; 10.060 sec/batch)
(E:58, S:13) [loss_dt = 0.4456, loss_qp = 0.5010, total loss = -7.4042, acc = 0.8417, lr = 1.995264e-10] (12.0 samples/sec; 9.994 sec/batch)
(E:58, S:14) [loss_dt = 0.4228, loss_qp = 0.5293, total loss = -7.4155, acc = 0.8667, lr = 1.995264e-10] (12.1 samples/sec; 9.936 sec/batch)
(E:58, S:15) [loss_dt = 0.3753, loss_qp = 0.4839, total loss = -7.3623, acc = 0.8417, lr = 1.995264e-10] (12.1 samples/sec; 9.881 sec/batch)
(E:58, S:16) [loss_dt = 0.2919, loss_qp = 0.5056, total loss = -7.3553, acc = 0.8833, lr = 1.995264e-10] (12.2 samples/sec; 9.831 sec/batch)
(E:58, S:17) [loss_dt = 0.4182, loss_qp = 0.4798, total loss = -7.2977, acc = 0.8250, lr = 1.995264e-10] (12.3 samples/sec; 9.786 sec/batch)
(E:58, S:18) [loss_dt = 0.4077, loss_qp = 0.5981, total loss = -7.4243, acc = 0.8083, lr = 1.995264e-10] (12.3 samples/sec; 9.775 sec/batch)
(E:58, S:19) [loss_dt = 0.3694, loss_qp = 0.4942, total loss = -7.3863, acc = 0.8583, lr = 1.995264e-10] (12.3 samples/sec; 9.726 sec/batch)
(E:58, S:20) [loss_dt = 0.4753, loss_qp = 0.6206, total loss = -7.5310, acc = 0.8250, lr = 1.995264e-10] (12.4 samples/sec; 9.682 sec/batch)
(E:58, S:21) [loss_dt = 0.5519, loss_qp = 0.4483, total loss = -7.3953, acc = 0.7500, lr = 1.995264e-10] (12.4 samples/sec; 9.687 sec/batch)
(E:58, S:22) [loss_dt = 0.5190, loss_qp = 0.5246, total loss = -7.3907, acc = 0.8000, lr = 1.995264e-10] (12.4 samples/sec; 9.647 sec/batch)
(E:58, S:23) [loss_dt = 0.4031, loss_qp = 0.6102, total loss = -7.5266, acc = 0.8333, lr = 1.995264e-10] (12.5 samples/sec; 9.621 sec/batch)
(E:58, S:24) [loss_dt = 0.5416, loss_qp = 0.5033, total loss = -7.4748, acc = 0.8000, lr = 1.995264e-10] (12.5 samples/sec; 9.587 sec/batch)
(E:58, S:25) [loss_dt = 0.3473, loss_qp = 0.4455, total loss = -7.3609, acc = 0.8333, lr = 1.995264e-10] (12.6 samples/sec; 9.547 sec/batch)
(E:58, S:26) [loss_dt = 0.4040, loss_qp = 0.5457, total loss = -7.4030, acc = 0.8250, lr = 1.995264e-10] (12.6 samples/sec; 9.516 sec/batch)
(E:58, S:27) [loss_dt = 0.4105, loss_qp = 0.5855, total loss = -7.5000, acc = 0.8417, lr = 1.995264e-10] (12.6 samples/sec; 9.498 sec/batch)
(E:58, S:28) [loss_dt = 0.5367, loss_qp = 0.5259, total loss = -7.4852, acc = 0.8083, lr = 1.995264e-10] (12.6 samples/sec; 9.488 sec/batch)
(E:58, S:29) [loss_dt = 0.4074, loss_qp = 0.4622, total loss = -7.3892, acc = 0.8167, lr = 1.995264e-10] (12.7 samples/sec; 9.474 sec/batch)
(E:58, S:30) [loss_dt = 0.3791, loss_qp = 0.5611, total loss = -7.4541, acc = 0.8500, lr = 1.995264e-10] (12.7 samples/sec; 9.451 sec/batch)
(E:58, S:31) [loss_dt = 0.4000, loss_qp = 0.5733, total loss = -7.5286, acc = 0.8250, lr = 1.995264e-10] (12.7 samples/sec; 9.427 sec/batch)
(E:58, S:32) [loss_dt = 0.5160, loss_qp = 0.5891, total loss = -7.6078, acc = 0.7750, lr = 1.995264e-10] (12.7 samples/sec; 9.414 sec/batch)
(E:58, S:33) [loss_dt = 0.3261, loss_qp = 0.5805, total loss = -7.6852, acc = 0.8667, lr = 1.995264e-10] (12.8 samples/sec; 9.407 sec/batch)
(E:58, S:34) [loss_dt = 0.4678, loss_qp = 0.6148, total loss = -7.7921, acc = 0.7917, lr = 1.995264e-10] (12.8 samples/sec; 9.410 sec/batch)
(E:58, S:35) [loss_dt = 0.4178, loss_qp = 0.5654, total loss = -7.8191, acc = 0.8333, lr = 1.995264e-10] (12.8 samples/sec; 9.407 sec/batch)
(E:58, S:36) [loss_dt = 0.4637, loss_qp = 0.5424, total loss = -7.8044, acc = 0.7500, lr = 1.995264e-10] (12.8 samples/sec; 9.393 sec/batch)
(E:58, S:37) [loss_dt = 0.4692, loss_qp = 0.4962, total loss = -7.7213, acc = 0.7833, lr = 1.995264e-10] (12.8 samples/sec; 9.387 sec/batch)
(E:58, S:38) [loss_dt = 0.4830, loss_qp = 0.6095, total loss = -7.8151, acc = 0.7667, lr = 1.995264e-10] (12.8 samples/sec; 9.384 sec/batch)
(E:58, S:39) [loss_dt = 0.2933, loss_qp = 0.4509, total loss = -7.6806, acc = 0.8500, lr = 1.995264e-10] (12.8 samples/sec; 9.392 sec/batch)
(E:58, S:40) [loss_dt = 0.3836, loss_qp = 0.4099, total loss = -7.4891, acc = 0.8167, lr = 1.995264e-10] (12.8 samples/sec; 9.401 sec/batch)
(E:58, S:41) [loss_dt = 0.3477, loss_qp = 0.5988, total loss = -7.6036, acc = 0.8250, lr = 1.995264e-10] (12.7 samples/sec; 9.433 sec/batch)
(E:58, S:42) [loss_dt = 0.5089, loss_qp = 0.3893, total loss = -7.3763, acc = 0.7833, lr = 1.995264e-10] (12.7 samples/sec; 9.433 sec/batch)
(E:58, S:43) [loss_dt = 0.3298, loss_qp = 0.4951, total loss = -7.3483, acc = 0.8583, lr = 1.995264e-10] (12.7 samples/sec; 9.423 sec/batch)
(E:58, S:44) [loss_dt = 0.4069, loss_qp = 0.5675, total loss = -7.4240, acc = 0.8167, lr = 1.995264e-10] (13.4 samples/sec; 8.955 sec/batch)
(E:58, S:45) [loss_dt = 0.5140, loss_qp = 0.5487, total loss = -7.4532, acc = 0.8250, lr = 1.995264e-10] (14.8 samples/sec; 8.093 sec/batch)
(E:58, S:46) [loss_dt = 0.4351, loss_qp = 0.5388, total loss = -7.4727, acc = 0.8250, lr = 1.995264e-10] (16.4 samples/sec; 7.322 sec/batch)
(E:58, S:47) [loss_dt = 0.4918, loss_qp = 0.5768, total loss = -7.5414, acc = 0.8167, lr = 1.995264e-10] (18.1 samples/sec; 6.623 sec/batch)
(E:58, S:48) [loss_dt = 0.2845, loss_qp = 0.5011, total loss = -7.5105, acc = 0.8917, lr = 1.995264e-10] (20.0 samples/sec; 5.993 sec/batch)
(E:58, S:49) [loss_dt = 0.3809, loss_qp = 0.5247, total loss = -7.5085, acc = 0.8417, lr = 1.995264e-10] (22.1 samples/sec; 5.424 sec/batch)
(E:58, S:50) [loss_dt = 0.4075, loss_qp = 0.4828, total loss = -7.4411, acc = 0.8333, lr = 1.995264e-10] (24.4 samples/sec; 4.914 sec/batch)
(E:58, S:51) [loss_dt = 0.4612, loss_qp = 0.5362, total loss = -7.4552, acc = 0.7667, lr = 1.995264e-10] (26.9 samples/sec; 4.456 sec/batch)
PLCC: 0.4628, SROCC: 0.4246, Acc: 0.7481
(E:59, S:0) [loss_dt = 0.3435, loss_qp = 0.4761, total loss = -7.3894, acc = 0.8417, lr = 1.584892e-10] (7.0 samples/sec; 17.060 sec/batch)
(E:59, S:1) [loss_dt = 0.3962, loss_qp = 0.5882, total loss = -7.4932, acc = 0.8083, lr = 1.584892e-10] (7.8 samples/sec; 15.400 sec/batch)
(E:59, S:2) [loss_dt = 0.5213, loss_qp = 0.6318, total loss = -7.6394, acc = 0.7583, lr = 1.584892e-10] (8.6 samples/sec; 13.905 sec/batch)
(E:59, S:3) [loss_dt = 0.3895, loss_qp = 0.5014, total loss = -7.5886, acc = 0.8333, lr = 1.584892e-10] (9.6 samples/sec; 12.563 sec/batch)
(E:59, S:4) [loss_dt = 0.3343, loss_qp = 0.4732, total loss = -7.5061, acc = 0.8583, lr = 1.584892e-10] (10.6 samples/sec; 11.339 sec/batch)
(E:59, S:5) [loss_dt = 0.4692, loss_qp = 0.4493, total loss = -7.3825, acc = 0.7583, lr = 1.584892e-10] (11.1 samples/sec; 10.854 sec/batch)
(E:59, S:6) [loss_dt = 0.4275, loss_qp = 0.5967, total loss = -7.4966, acc = 0.8583, lr = 1.584892e-10] (11.2 samples/sec; 10.716 sec/batch)
(E:59, S:7) [loss_dt = 0.6183, loss_qp = 0.4966, total loss = -7.4299, acc = 0.7250, lr = 1.584892e-10] (11.3 samples/sec; 10.585 sec/batch)
(E:59, S:8) [loss_dt = 0.4598, loss_qp = 0.4872, total loss = -7.3717, acc = 0.7750, lr = 1.584892e-10] (11.5 samples/sec; 10.477 sec/batch)
(E:59, S:9) [loss_dt = 0.3822, loss_qp = 0.5165, total loss = -7.3711, acc = 0.7833, lr = 1.584892e-10] (11.6 samples/sec; 10.378 sec/batch)
(E:59, S:10) [loss_dt = 0.4729, loss_qp = 0.5814, total loss = -7.4588, acc = 0.8583, lr = 1.584892e-10] (11.7 samples/sec; 10.265 sec/batch)
(E:59, S:11) [loss_dt = 0.4329, loss_qp = 0.5332, total loss = -7.4695, acc = 0.8000, lr = 1.584892e-10] (11.8 samples/sec; 10.169 sec/batch)
(E:59, S:12) [loss_dt = 0.5256, loss_qp = 0.5401, total loss = -7.4801, acc = 0.7833, lr = 1.584892e-10] (11.9 samples/sec; 10.089 sec/batch)
(E:59, S:13) [loss_dt = 0.3092, loss_qp = 0.3475, total loss = -7.2224, acc = 0.8333, lr = 1.584892e-10] (12.0 samples/sec; 10.020 sec/batch)
(E:59, S:14) [loss_dt = 0.6072, loss_qp = 0.5277, total loss = -7.2309, acc = 0.7833, lr = 1.584892e-10] (12.1 samples/sec; 9.954 sec/batch)
(E:59, S:15) [loss_dt = 0.4908, loss_qp = 0.5033, total loss = -7.2137, acc = 0.7917, lr = 1.584892e-10] (12.1 samples/sec; 9.887 sec/batch)
(E:59, S:16) [loss_dt = 0.3954, loss_qp = 0.5357, total loss = -7.2563, acc = 0.8000, lr = 1.584892e-10] (12.2 samples/sec; 9.826 sec/batch)
(E:59, S:17) [loss_dt = 0.3426, loss_qp = 0.2087, total loss = -6.8095, acc = 0.8500, lr = 1.584892e-10] (12.3 samples/sec; 9.774 sec/batch)
(E:59, S:18) [loss_dt = 0.5361, loss_qp = 0.6164, total loss = -6.9995, acc = 0.7750, lr = 1.584892e-10] (12.3 samples/sec; 9.756 sec/batch)
(E:59, S:19) [loss_dt = 0.5372, loss_qp = 0.4691, total loss = -6.9495, acc = 0.7917, lr = 1.584892e-10] (12.4 samples/sec; 9.702 sec/batch)
(E:59, S:20) [loss_dt = 0.3769, loss_qp = 0.5666, total loss = -7.0667, acc = 0.8500, lr = 1.584892e-10] (12.4 samples/sec; 9.678 sec/batch)
(E:59, S:21) [loss_dt = 0.3533, loss_qp = 0.5625, total loss = -7.1684, acc = 0.8667, lr = 1.584892e-10] (12.4 samples/sec; 9.677 sec/batch)
(E:59, S:22) [loss_dt = 0.3763, loss_qp = 0.4991, total loss = -7.1626, acc = 0.7917, lr = 1.584892e-10] (12.4 samples/sec; 9.647 sec/batch)
(E:59, S:23) [loss_dt = 0.5425, loss_qp = 0.5302, total loss = -7.1874, acc = 0.7917, lr = 1.584892e-10] (12.5 samples/sec; 9.602 sec/batch)
(E:59, S:24) [loss_dt = 0.3926, loss_qp = 0.4608, total loss = -7.1205, acc = 0.8167, lr = 1.584892e-10] (12.5 samples/sec; 9.576 sec/batch)
(E:59, S:25) [loss_dt = 0.4744, loss_qp = 0.4974, total loss = -7.1071, acc = 0.8083, lr = 1.584892e-10] (12.5 samples/sec; 9.576 sec/batch)
(E:59, S:26) [loss_dt = 0.3032, loss_qp = 0.4855, total loss = -7.0943, acc = 0.9083, lr = 1.584892e-10] (12.6 samples/sec; 9.548 sec/batch)
(E:59, S:27) [loss_dt = 0.4626, loss_qp = 0.5433, total loss = -7.1535, acc = 0.8000, lr = 1.584892e-10] (12.6 samples/sec; 9.534 sec/batch)
(E:59, S:28) [loss_dt = 0.4675, loss_qp = 0.5929, total loss = -7.2807, acc = 0.7917, lr = 1.584892e-10] (12.6 samples/sec; 9.523 sec/batch)
(E:59, S:29) [loss_dt = 0.4697, loss_qp = 0.5520, total loss = -7.3336, acc = 0.7667, lr = 1.584892e-10] (12.6 samples/sec; 9.501 sec/batch)
(E:59, S:30) [loss_dt = 0.4708, loss_qp = 0.5955, total loss = -7.4465, acc = 0.8083, lr = 1.584892e-10] (12.7 samples/sec; 9.477 sec/batch)
(E:59, S:31) [loss_dt = 0.5005, loss_qp = 0.5094, total loss = -7.4160, acc = 0.8000, lr = 1.584892e-10] (12.7 samples/sec; 9.456 sec/batch)
(E:59, S:32) [loss_dt = 0.3938, loss_qp = 0.5382, total loss = -7.4423, acc = 0.8083, lr = 1.584892e-10] (12.7 samples/sec; 9.437 sec/batch)
(E:59, S:33) [loss_dt = 0.3836, loss_qp = 0.6205, total loss = -7.5905, acc = 0.8333, lr = 1.584892e-10] (12.7 samples/sec; 9.432 sec/batch)
(E:59, S:34) [loss_dt = 0.3772, loss_qp = 0.5243, total loss = -7.5801, acc = 0.8167, lr = 1.584892e-10] (12.7 samples/sec; 9.430 sec/batch)
(E:59, S:35) [loss_dt = 0.4571, loss_qp = 0.5142, total loss = -7.5477, acc = 0.7833, lr = 1.584892e-10] (12.7 samples/sec; 9.419 sec/batch)
(E:59, S:36) [loss_dt = 0.5224, loss_qp = 0.5385, total loss = -7.5483, acc = 0.7917, lr = 1.584892e-10] (12.8 samples/sec; 9.403 sec/batch)
(E:59, S:37) [loss_dt = 0.5151, loss_qp = 0.5350, total loss = -7.5445, acc = 0.7667, lr = 1.584892e-10] (12.8 samples/sec; 9.395 sec/batch)
(E:59, S:38) [loss_dt = 0.4470, loss_qp = 0.5204, total loss = -7.5260, acc = 0.8167, lr = 1.584892e-10] (12.8 samples/sec; 9.380 sec/batch)
(E:59, S:39) [loss_dt = 0.4157, loss_qp = 0.6127, total loss = -7.6509, acc = 0.8167, lr = 1.584892e-10] (12.8 samples/sec; 9.383 sec/batch)
(E:59, S:40) [loss_dt = 0.4137, loss_qp = 0.6223, total loss = -7.7779, acc = 0.8500, lr = 1.584892e-10] (12.8 samples/sec; 9.390 sec/batch)
(E:59, S:41) [loss_dt = 0.3262, loss_qp = 0.5509, total loss = -7.7937, acc = 0.8667, lr = 1.584892e-10] (12.8 samples/sec; 9.385 sec/batch)
(E:59, S:42) [loss_dt = 0.3392, loss_qp = 0.4731, total loss = -7.6901, acc = 0.8250, lr = 1.584892e-10] (12.8 samples/sec; 9.372 sec/batch)
(E:59, S:43) [loss_dt = 0.3973, loss_qp = 0.5773, total loss = -7.7473, acc = 0.8417, lr = 1.584892e-10] (12.8 samples/sec; 9.368 sec/batch)
(E:59, S:44) [loss_dt = 0.5890, loss_qp = 0.4658, total loss = -7.6123, acc = 0.7583, lr = 1.584892e-10] (13.5 samples/sec; 8.906 sec/batch)
(E:59, S:45) [loss_dt = 0.3771, loss_qp = 0.5678, total loss = -7.6650, acc = 0.8667, lr = 1.584892e-10] (14.9 samples/sec; 8.049 sec/batch)
(E:59, S:46) [loss_dt = 0.3149, loss_qp = 0.4516, total loss = -7.5445, acc = 0.8333, lr = 1.584892e-10] (16.5 samples/sec; 7.279 sec/batch)
(E:59, S:47) [loss_dt = 0.4423, loss_qp = 0.4103, total loss = -7.3612, acc = 0.7833, lr = 1.584892e-10] (18.2 samples/sec; 6.587 sec/batch)
(E:59, S:48) [loss_dt = 0.4259, loss_qp = 0.5681, total loss = -7.4347, acc = 0.8000, lr = 1.584892e-10] (20.1 samples/sec; 5.963 sec/batch)
(E:59, S:49) [loss_dt = 0.4991, loss_qp = 0.4950, total loss = -7.3838, acc = 0.7917, lr = 1.584892e-10] (22.2 samples/sec; 5.401 sec/batch)
(E:59, S:50) [loss_dt = 0.4315, loss_qp = 0.5436, total loss = -7.4177, acc = 0.8083, lr = 1.584892e-10] (24.5 samples/sec; 4.896 sec/batch)
(E:59, S:51) [loss_dt = 0.3165, loss_qp = 0.5350, total loss = -7.4468, acc = 0.8500, lr = 1.584892e-10] (27.0 samples/sec; 4.443 sec/batch)
PLCC: 0.4601, SROCC: 0.4302, Acc: 0.7538
(E:60, S:0) [loss_dt = 0.4991, loss_qp = 0.5452, total loss = -7.4700, acc = 0.7750, lr = 1.258926e-10] (7.1 samples/sec; 16.964 sec/batch)
(E:60, S:1) [loss_dt = 0.4972, loss_qp = 0.5148, total loss = -7.4454, acc = 0.7833, lr = 1.258926e-10] (7.8 samples/sec; 15.312 sec/batch)
(E:60, S:2) [loss_dt = 0.4474, loss_qp = 0.4385, total loss = -7.3138, acc = 0.7750, lr = 1.258926e-10] (8.7 samples/sec; 13.825 sec/batch)
(E:60, S:3) [loss_dt = 0.3973, loss_qp = 0.5725, total loss = -7.4015, acc = 0.8333, lr = 1.258926e-10] (9.6 samples/sec; 12.487 sec/batch)
(E:60, S:4) [loss_dt = 0.4909, loss_qp = 0.5622, total loss = -7.4555, acc = 0.8167, lr = 1.258926e-10] (10.6 samples/sec; 11.269 sec/batch)
(E:60, S:5) [loss_dt = 0.5096, loss_qp = 0.5652, total loss = -7.5068, acc = 0.7583, lr = 1.258926e-10] (11.1 samples/sec; 10.789 sec/batch)
(E:60, S:6) [loss_dt = 0.5182, loss_qp = 0.6007, total loss = -7.6054, acc = 0.7667, lr = 1.258926e-10] (11.3 samples/sec; 10.644 sec/batch)
(E:60, S:7) [loss_dt = 0.3879, loss_qp = 0.4494, total loss = -7.4802, acc = 0.8250, lr = 1.258926e-10] (11.4 samples/sec; 10.508 sec/batch)
(E:60, S:8) [loss_dt = 0.3617, loss_qp = 0.5770, total loss = -7.5616, acc = 0.8417, lr = 1.258926e-10] (11.6 samples/sec; 10.377 sec/batch)
(E:60, S:9) [loss_dt = 0.3585, loss_qp = 0.5350, total loss = -7.5721, acc = 0.8167, lr = 1.258926e-10] (11.7 samples/sec; 10.292 sec/batch)
(E:60, S:10) [loss_dt = 0.4046, loss_qp = 0.5013, total loss = -7.5263, acc = 0.8250, lr = 1.258926e-10] (11.8 samples/sec; 10.205 sec/batch)
(E:60, S:11) [loss_dt = 0.5377, loss_qp = 0.5272, total loss = -7.5108, acc = 0.7583, lr = 1.258926e-10] (11.9 samples/sec; 10.121 sec/batch)
(E:60, S:12) [loss_dt = 0.3800, loss_qp = 0.5983, total loss = -7.6191, acc = 0.8500, lr = 1.258926e-10] (11.9 samples/sec; 10.053 sec/batch)
(E:60, S:13) [loss_dt = 0.5385, loss_qp = 0.5162, total loss = -7.5776, acc = 0.7833, lr = 1.258926e-10] (12.0 samples/sec; 9.989 sec/batch)
(E:60, S:14) [loss_dt = 0.4344, loss_qp = 0.4662, total loss = -7.4757, acc = 0.8167, lr = 1.258926e-10] (12.1 samples/sec; 9.925 sec/batch)
(E:60, S:15) [loss_dt = 0.4484, loss_qp = 0.5232, total loss = -7.4680, acc = 0.8500, lr = 1.258926e-10] (12.2 samples/sec; 9.871 sec/batch)
(E:60, S:16) [loss_dt = 0.3585, loss_qp = 0.4180, total loss = -7.3123, acc = 0.8250, lr = 1.258926e-10] (12.2 samples/sec; 9.834 sec/batch)
(E:60, S:17) [loss_dt = 0.4415, loss_qp = 0.6184, total loss = -7.4646, acc = 0.8167, lr = 1.258926e-10] (12.2 samples/sec; 9.849 sec/batch)
(E:60, S:18) [loss_dt = 0.4409, loss_qp = 0.5162, total loss = -7.4482, acc = 0.7833, lr = 1.258926e-10] (12.2 samples/sec; 9.809 sec/batch)
(E:60, S:19) [loss_dt = 0.3977, loss_qp = 0.6020, total loss = -7.5667, acc = 0.8417, lr = 1.258926e-10] (12.3 samples/sec; 9.769 sec/batch)
(E:60, S:20) [loss_dt = 0.4887, loss_qp = 0.4412, total loss = -7.4230, acc = 0.8083, lr = 1.258926e-10] (12.3 samples/sec; 9.737 sec/batch)
(E:60, S:21) [loss_dt = 0.2989, loss_qp = 0.5084, total loss = -7.4134, acc = 0.8583, lr = 1.258926e-10] (12.4 samples/sec; 9.696 sec/batch)
(E:60, S:22) [loss_dt = 0.3982, loss_qp = 0.5969, total loss = -7.5276, acc = 0.8417, lr = 1.258926e-10] (12.4 samples/sec; 9.665 sec/batch)
(E:60, S:23) [loss_dt = 0.3958, loss_qp = 0.5664, total loss = -7.5849, acc = 0.8333, lr = 1.258926e-10] (12.4 samples/sec; 9.649 sec/batch)
(E:60, S:24) [loss_dt = 0.5237, loss_qp = 0.4238, total loss = -7.4098, acc = 0.8250, lr = 1.258926e-10] (12.5 samples/sec; 9.621 sec/batch)
(E:60, S:25) [loss_dt = 0.3813, loss_qp = 0.4014, total loss = -7.2327, acc = 0.8167, lr = 1.258926e-10] (12.5 samples/sec; 9.587 sec/batch)
(E:60, S:26) [loss_dt = 0.3964, loss_qp = 0.5475, total loss = -7.2910, acc = 0.8167, lr = 1.258926e-10] (12.6 samples/sec; 9.554 sec/batch)
(E:60, S:27) [loss_dt = 0.3620, loss_qp = 0.5925, total loss = -7.4145, acc = 0.8750, lr = 1.258926e-10] (12.6 samples/sec; 9.534 sec/batch)
(E:60, S:28) [loss_dt = 0.5446, loss_qp = 0.6098, total loss = -7.5332, acc = 0.7917, lr = 1.258926e-10] (12.6 samples/sec; 9.518 sec/batch)
(E:60, S:29) [loss_dt = 0.3328, loss_qp = 0.4513, total loss = -7.4236, acc = 0.8833, lr = 1.258926e-10] (12.6 samples/sec; 9.504 sec/batch)
(E:60, S:30) [loss_dt = 0.3967, loss_qp = 0.4606, total loss = -7.3325, acc = 0.8250, lr = 1.258926e-10] (12.7 samples/sec; 9.482 sec/batch)
(E:60, S:31) [loss_dt = 0.4124, loss_qp = 0.4317, total loss = -7.2056, acc = 0.8333, lr = 1.258926e-10] (12.7 samples/sec; 9.458 sec/batch)
(E:60, S:32) [loss_dt = 0.5552, loss_qp = 0.5506, total loss = -7.2554, acc = 0.7917, lr = 1.258926e-10] (12.7 samples/sec; 9.446 sec/batch)
(E:60, S:33) [loss_dt = 0.3348, loss_qp = 0.5767, total loss = -7.3615, acc = 0.8583, lr = 1.258926e-10] (12.7 samples/sec; 9.436 sec/batch)
(E:60, S:34) [loss_dt = 0.3302, loss_qp = 0.5637, total loss = -7.4378, acc = 0.8917, lr = 1.258926e-10] (12.7 samples/sec; 9.434 sec/batch)
(E:60, S:35) [loss_dt = 0.2920, loss_qp = 0.4938, total loss = -7.4056, acc = 0.8500, lr = 1.258926e-10] (12.7 samples/sec; 9.427 sec/batch)
(E:60, S:36) [loss_dt = 0.3942, loss_qp = 0.5650, total loss = -7.4731, acc = 0.8000, lr = 1.258926e-10] (12.8 samples/sec; 9.405 sec/batch)
(E:60, S:37) [loss_dt = 0.4080, loss_qp = 0.6124, total loss = -7.6036, acc = 0.8583, lr = 1.258926e-10] (12.8 samples/sec; 9.394 sec/batch)
(E:60, S:38) [loss_dt = 0.4206, loss_qp = 0.4476, total loss = -7.4726, acc = 0.8083, lr = 1.258926e-10] (12.8 samples/sec; 9.400 sec/batch)
(E:60, S:39) [loss_dt = 0.4284, loss_qp = 0.4929, total loss = -7.4218, acc = 0.8167, lr = 1.258926e-10] (12.8 samples/sec; 9.391 sec/batch)
(E:60, S:40) [loss_dt = 0.3119, loss_qp = 0.5352, total loss = -7.4513, acc = 0.8833, lr = 1.258926e-10] (12.8 samples/sec; 9.394 sec/batch)
(E:60, S:41) [loss_dt = 0.3959, loss_qp = 0.5037, total loss = -7.4222, acc = 0.8417, lr = 1.258926e-10] (12.8 samples/sec; 9.392 sec/batch)
(E:60, S:42) [loss_dt = 0.3870, loss_qp = 0.5249, total loss = -7.4286, acc = 0.8250, lr = 1.258926e-10] (12.8 samples/sec; 9.386 sec/batch)
(E:60, S:43) [loss_dt = 0.4330, loss_qp = 0.4616, total loss = -7.3349, acc = 0.7833, lr = 1.258926e-10] (12.8 samples/sec; 9.382 sec/batch)
(E:60, S:44) [loss_dt = 0.3933, loss_qp = 0.5170, total loss = -7.3377, acc = 0.8667, lr = 1.258926e-10] (13.5 samples/sec; 8.921 sec/batch)
(E:60, S:45) [loss_dt = 0.4796, loss_qp = 0.4756, total loss = -7.2694, acc = 0.8167, lr = 1.258926e-10] (14.9 samples/sec; 8.060 sec/batch)
(E:60, S:46) [loss_dt = 0.4479, loss_qp = 0.4275, total loss = -7.1389, acc = 0.7833, lr = 1.258926e-10] (16.5 samples/sec; 7.284 sec/batch)
(E:60, S:47) [loss_dt = 0.4710, loss_qp = 0.4787, total loss = -7.0959, acc = 0.8250, lr = 1.258926e-10] (18.2 samples/sec; 6.590 sec/batch)
(E:60, S:48) [loss_dt = 0.3840, loss_qp = 0.5101, total loss = -7.1130, acc = 0.8417, lr = 1.258926e-10] (20.1 samples/sec; 5.962 sec/batch)
(E:60, S:49) [loss_dt = 0.3458, loss_qp = 0.5354, total loss = -7.1703, acc = 0.8500, lr = 1.258926e-10] (22.2 samples/sec; 5.399 sec/batch)
(E:60, S:50) [loss_dt = 0.4883, loss_qp = 0.4689, total loss = -7.1078, acc = 0.7583, lr = 1.258926e-10] (24.5 samples/sec; 4.894 sec/batch)
(E:60, S:51) [loss_dt = 0.3276, loss_qp = 0.5077, total loss = -7.1258, acc = 0.8750, lr = 1.258926e-10] (27.0 samples/sec; 4.441 sec/batch)
PLCC: 0.4527, SROCC: 0.4191, Acc: 0.7564
(E:61, S:0) [loss_dt = 0.5232, loss_qp = 0.4532, total loss = -7.0407, acc = 0.7667, lr = 9.999999e-11] (7.1 samples/sec; 16.851 sec/batch)
(E:61, S:1) [loss_dt = 0.4622, loss_qp = 0.5498, total loss = -7.1152, acc = 0.7917, lr = 9.999999e-11] (7.9 samples/sec; 15.211 sec/batch)
(E:61, S:2) [loss_dt = 0.3937, loss_qp = 0.5206, total loss = -7.1452, acc = 0.7750, lr = 9.999999e-11] (8.7 samples/sec; 13.724 sec/batch)
(E:61, S:3) [loss_dt = 0.2334, loss_qp = 0.5388, total loss = -7.2155, acc = 0.8833, lr = 9.999999e-11] (9.7 samples/sec; 12.384 sec/batch)
(E:61, S:4) [loss_dt = 0.3953, loss_qp = 0.4255, total loss = -7.0927, acc = 0.8333, lr = 9.999999e-11] (10.7 samples/sec; 11.178 sec/batch)
(E:61, S:5) [loss_dt = 0.3336, loss_qp = 0.5450, total loss = -7.1676, acc = 0.8667, lr = 9.999999e-11] (11.2 samples/sec; 10.759 sec/batch)
(E:61, S:6) [loss_dt = 0.4177, loss_qp = 0.5340, total loss = -7.2101, acc = 0.8250, lr = 9.999999e-11] (11.3 samples/sec; 10.621 sec/batch)
(E:61, S:7) [loss_dt = 0.5594, loss_qp = 0.5970, total loss = -7.3287, acc = 0.7833, lr = 9.999999e-11] (11.4 samples/sec; 10.491 sec/batch)
(E:61, S:8) [loss_dt = 0.4591, loss_qp = 0.4921, total loss = -7.2881, acc = 0.7917, lr = 9.999999e-11] (11.6 samples/sec; 10.364 sec/batch)
(E:61, S:9) [loss_dt = 0.2868, loss_qp = 0.6301, total loss = -7.4757, acc = 0.8833, lr = 9.999999e-11] (11.7 samples/sec; 10.271 sec/batch)
(E:61, S:10) [loss_dt = 0.4143, loss_qp = 0.5606, total loss = -7.5276, acc = 0.8500, lr = 9.999999e-11] (11.8 samples/sec; 10.190 sec/batch)
(E:61, S:11) [loss_dt = 0.5077, loss_qp = 0.5693, total loss = -7.5780, acc = 0.7917, lr = 9.999999e-11] (11.8 samples/sec; 10.131 sec/batch)
(E:61, S:12) [loss_dt = 0.3610, loss_qp = 0.5411, total loss = -7.5958, acc = 0.8250, lr = 9.999999e-11] (11.9 samples/sec; 10.043 sec/batch)
(E:61, S:13) [loss_dt = 0.3808, loss_qp = 0.4625, total loss = -7.4919, acc = 0.8333, lr = 9.999999e-11] (12.0 samples/sec; 9.960 sec/batch)
(E:61, S:14) [loss_dt = 0.4819, loss_qp = 0.4830, total loss = -7.4189, acc = 0.7917, lr = 9.999999e-11] (12.1 samples/sec; 9.908 sec/batch)
(E:61, S:15) [loss_dt = 0.5406, loss_qp = 0.5772, total loss = -7.4888, acc = 0.7417, lr = 9.999999e-11] (12.2 samples/sec; 9.845 sec/batch)
(E:61, S:16) [loss_dt = 0.4595, loss_qp = 0.6034, total loss = -7.5990, acc = 0.8083, lr = 9.999999e-11] (12.3 samples/sec; 9.791 sec/batch)
(E:61, S:17) [loss_dt = 0.2753, loss_qp = 0.4265, total loss = -7.4514, acc = 0.8750, lr = 9.999999e-11] (12.3 samples/sec; 9.748 sec/batch)
(E:61, S:18) [loss_dt = 0.4807, loss_qp = 0.4766, total loss = -7.3730, acc = 0.7417, lr = 9.999999e-11] (12.3 samples/sec; 9.720 sec/batch)
(E:61, S:19) [loss_dt = 0.3651, loss_qp = 0.5805, total loss = -7.4700, acc = 0.8750, lr = 9.999999e-11] (12.4 samples/sec; 9.699 sec/batch)
(E:61, S:20) [loss_dt = 0.3560, loss_qp = 0.5759, total loss = -7.5513, acc = 0.9083, lr = 9.999999e-11] (12.3 samples/sec; 9.728 sec/batch)
(E:61, S:21) [loss_dt = 0.4752, loss_qp = 0.4341, total loss = -7.3998, acc = 0.7750, lr = 9.999999e-11] (12.4 samples/sec; 9.696 sec/batch)
(E:61, S:22) [loss_dt = 0.4072, loss_qp = 0.6119, total loss = -7.5369, acc = 0.8167, lr = 9.999999e-11] (12.4 samples/sec; 9.669 sec/batch)
(E:61, S:23) [loss_dt = 0.3967, loss_qp = 0.5833, total loss = -7.6185, acc = 0.8417, lr = 9.999999e-11] (12.5 samples/sec; 9.629 sec/batch)
(E:61, S:24) [loss_dt = 0.5273, loss_qp = 0.5214, total loss = -7.5861, acc = 0.7833, lr = 9.999999e-11] (12.5 samples/sec; 9.610 sec/batch)
(E:61, S:25) [loss_dt = 0.3236, loss_qp = 0.5006, total loss = -7.5460, acc = 0.8250, lr = 9.999999e-11] (12.5 samples/sec; 9.569 sec/batch)
(E:61, S:26) [loss_dt = 0.4367, loss_qp = 0.4244, total loss = -7.3843, acc = 0.7917, lr = 9.999999e-11] (12.5 samples/sec; 9.594 sec/batch)
(E:61, S:27) [loss_dt = 0.3526, loss_qp = 0.5313, total loss = -7.4077, acc = 0.8583, lr = 9.999999e-11] (12.5 samples/sec; 9.583 sec/batch)
(E:61, S:28) [loss_dt = 0.5705, loss_qp = 0.5256, total loss = -7.3982, acc = 0.7667, lr = 9.999999e-11] (12.5 samples/sec; 9.563 sec/batch)
(E:61, S:29) [loss_dt = 0.3706, loss_qp = 0.5130, total loss = -7.3908, acc = 0.8333, lr = 9.999999e-11] (12.6 samples/sec; 9.539 sec/batch)
(E:61, S:30) [loss_dt = 0.4917, loss_qp = 0.5357, total loss = -7.4061, acc = 0.7750, lr = 9.999999e-11] (12.6 samples/sec; 9.508 sec/batch)
(E:61, S:31) [loss_dt = 0.3184, loss_qp = 0.3279, total loss = -7.1254, acc = 0.8583, lr = 9.999999e-11] (12.6 samples/sec; 9.489 sec/batch)
(E:61, S:32) [loss_dt = 0.4705, loss_qp = 0.4920, total loss = -7.1039, acc = 0.7750, lr = 9.999999e-11] (12.7 samples/sec; 9.464 sec/batch)
(E:61, S:33) [loss_dt = 0.4201, loss_qp = 0.6080, total loss = -7.2634, acc = 0.8083, lr = 9.999999e-11] (12.7 samples/sec; 9.456 sec/batch)
(E:61, S:34) [loss_dt = 0.4151, loss_qp = 0.5424, total loss = -7.3091, acc = 0.8000, lr = 9.999999e-11] (12.7 samples/sec; 9.453 sec/batch)
(E:61, S:35) [loss_dt = 0.4178, loss_qp = 0.6150, total loss = -7.4590, acc = 0.8083, lr = 9.999999e-11] (12.7 samples/sec; 9.433 sec/batch)
(E:61, S:36) [loss_dt = 0.3967, loss_qp = 0.4952, total loss = -7.4162, acc = 0.7917, lr = 9.999999e-11] (12.8 samples/sec; 9.412 sec/batch)
(E:61, S:37) [loss_dt = 0.3518, loss_qp = 0.5665, total loss = -7.4893, acc = 0.8750, lr = 9.999999e-11] (12.8 samples/sec; 9.403 sec/batch)
(E:61, S:38) [loss_dt = 0.4921, loss_qp = 0.4348, total loss = -7.3434, acc = 0.8250, lr = 9.999999e-11] (12.8 samples/sec; 9.381 sec/batch)
(E:61, S:39) [loss_dt = 0.4421, loss_qp = 0.5843, total loss = -7.4413, acc = 0.8167, lr = 9.999999e-11] (12.8 samples/sec; 9.369 sec/batch)
(E:61, S:40) [loss_dt = 0.3843, loss_qp = 0.5729, total loss = -7.5181, acc = 0.8167, lr = 9.999999e-11] (12.8 samples/sec; 9.372 sec/batch)
(E:61, S:41) [loss_dt = 0.4345, loss_qp = 0.6014, total loss = -7.6249, acc = 0.7917, lr = 9.999999e-11] (12.8 samples/sec; 9.359 sec/batch)
(E:61, S:42) [loss_dt = 0.4731, loss_qp = 0.5677, total loss = -7.6667, acc = 0.7833, lr = 9.999999e-11] (12.8 samples/sec; 9.354 sec/batch)
(E:61, S:43) [loss_dt = 0.4498, loss_qp = 0.5398, total loss = -7.6648, acc = 0.8167, lr = 9.999999e-11] (12.8 samples/sec; 9.379 sec/batch)
(E:61, S:44) [loss_dt = 0.4747, loss_qp = 0.6790, total loss = -7.8694, acc = 0.8333, lr = 9.999999e-11] (13.5 samples/sec; 8.917 sec/batch)
(E:61, S:45) [loss_dt = 0.4894, loss_qp = 0.4333, total loss = -7.6834, acc = 0.7750, lr = 9.999999e-11] (14.9 samples/sec; 8.059 sec/batch)
(E:61, S:46) [loss_dt = 0.3724, loss_qp = 0.3649, total loss = -7.4252, acc = 0.8583, lr = 9.999999e-11] (16.5 samples/sec; 7.287 sec/batch)
(E:61, S:47) [loss_dt = 0.3094, loss_qp = 0.5487, total loss = -7.4747, acc = 0.8667, lr = 9.999999e-11] (18.2 samples/sec; 6.593 sec/batch)
(E:61, S:48) [loss_dt = 0.3989, loss_qp = 0.5648, total loss = -7.5346, acc = 0.8500, lr = 9.999999e-11] (20.1 samples/sec; 5.975 sec/batch)
(E:61, S:49) [loss_dt = 0.3188, loss_qp = 0.5446, total loss = -7.5661, acc = 0.8667, lr = 9.999999e-11] (22.2 samples/sec; 5.411 sec/batch)
(E:61, S:50) [loss_dt = 0.4433, loss_qp = 0.5765, total loss = -7.6299, acc = 0.7750, lr = 9.999999e-11] (24.5 samples/sec; 4.902 sec/batch)
(E:61, S:51) [loss_dt = 0.6649, loss_qp = 0.4764, total loss = -7.5150, acc = 0.7333, lr = 9.999999e-11] (27.0 samples/sec; 4.443 sec/batch)
PLCC: 0.4705, SROCC: 0.4317, Acc: 0.7641
(E:62, S:0) [loss_dt = 0.3880, loss_qp = 0.4640, total loss = -7.4207, acc = 0.8167, lr = 7.943281e-11] (7.1 samples/sec; 16.916 sec/batch)
(E:62, S:1) [loss_dt = 0.4809, loss_qp = 0.5547, total loss = -7.4626, acc = 0.7833, lr = 7.943281e-11] (7.9 samples/sec; 15.260 sec/batch)
(E:62, S:2) [loss_dt = 0.4358, loss_qp = 0.4559, total loss = -7.3567, acc = 0.7833, lr = 7.943281e-11] (8.7 samples/sec; 13.769 sec/batch)
(E:62, S:3) [loss_dt = 0.4292, loss_qp = 0.5963, total loss = -7.4725, acc = 0.7917, lr = 7.943281e-11] (9.7 samples/sec; 12.426 sec/batch)
(E:62, S:4) [loss_dt = 0.3987, loss_qp = 0.4721, total loss = -7.3935, acc = 0.8667, lr = 7.943281e-11] (10.7 samples/sec; 11.217 sec/batch)
(E:62, S:5) [loss_dt = 0.3874, loss_qp = 0.5860, total loss = -7.4944, acc = 0.8667, lr = 7.943281e-11] (11.1 samples/sec; 10.771 sec/batch)
(E:62, S:6) [loss_dt = 0.4873, loss_qp = 0.4922, total loss = -7.4345, acc = 0.7500, lr = 7.943281e-11] (11.3 samples/sec; 10.627 sec/batch)
(E:62, S:7) [loss_dt = 0.4670, loss_qp = 0.5279, total loss = -7.4362, acc = 0.7833, lr = 7.943281e-11] (11.4 samples/sec; 10.499 sec/batch)
(E:62, S:8) [loss_dt = 0.3183, loss_qp = 0.5254, total loss = -7.4489, acc = 0.8500, lr = 7.943281e-11] (11.6 samples/sec; 10.375 sec/batch)
(E:62, S:9) [loss_dt = 0.3603, loss_qp = 0.6075, total loss = -7.5792, acc = 0.8833, lr = 7.943281e-11] (11.7 samples/sec; 10.296 sec/batch)
(E:62, S:10) [loss_dt = 0.4206, loss_qp = 0.4676, total loss = -7.4806, acc = 0.8167, lr = 7.943281e-11] (11.8 samples/sec; 10.209 sec/batch)
(E:62, S:11) [loss_dt = 0.5211, loss_qp = 0.4822, total loss = -7.4037, acc = 0.7667, lr = 7.943281e-11] (11.9 samples/sec; 10.109 sec/batch)
(E:62, S:12) [loss_dt = 0.3758, loss_qp = 0.5176, total loss = -7.4021, acc = 0.8333, lr = 7.943281e-11] (12.0 samples/sec; 10.023 sec/batch)
(E:62, S:13) [loss_dt = 0.5807, loss_qp = 0.5080, total loss = -7.3658, acc = 0.7583, lr = 7.943281e-11] (12.1 samples/sec; 9.943 sec/batch)
(E:62, S:14) [loss_dt = 0.3920, loss_qp = 0.5661, total loss = -7.4392, acc = 0.8583, lr = 7.943281e-11] (12.1 samples/sec; 9.884 sec/batch)
(E:62, S:15) [loss_dt = 0.5211, loss_qp = 0.5433, total loss = -7.4581, acc = 0.7333, lr = 7.943281e-11] (12.2 samples/sec; 9.826 sec/batch)
(E:62, S:16) [loss_dt = 0.3690, loss_qp = 0.4613, total loss = -7.3673, acc = 0.8417, lr = 7.943281e-11] (12.2 samples/sec; 9.807 sec/batch)
(E:62, S:17) [loss_dt = 0.4377, loss_qp = 0.5780, total loss = -7.4537, acc = 0.8167, lr = 7.943281e-11] (12.3 samples/sec; 9.750 sec/batch)
(E:62, S:18) [loss_dt = 0.3533, loss_qp = 0.5925, total loss = -7.5618, acc = 0.8667, lr = 7.943281e-11] (12.4 samples/sec; 9.708 sec/batch)
(E:62, S:19) [loss_dt = 0.4782, loss_qp = 0.5928, total loss = -7.6470, acc = 0.8000, lr = 7.943281e-11] (12.4 samples/sec; 9.673 sec/batch)
(E:62, S:20) [loss_dt = 0.3983, loss_qp = 0.4655, total loss = -7.5407, acc = 0.8167, lr = 7.943281e-11] (12.4 samples/sec; 9.652 sec/batch)
(E:62, S:21) [loss_dt = 0.4853, loss_qp = 0.5269, total loss = -7.5284, acc = 0.8167, lr = 7.943281e-11] (12.5 samples/sec; 9.632 sec/batch)
(E:62, S:22) [loss_dt = 0.5269, loss_qp = 0.6044, total loss = -7.6295, acc = 0.8167, lr = 7.943281e-11] (12.5 samples/sec; 9.601 sec/batch)
(E:62, S:23) [loss_dt = 0.5052, loss_qp = 0.5406, total loss = -7.6269, acc = 0.7833, lr = 7.943281e-11] (12.5 samples/sec; 9.582 sec/batch)
(E:62, S:24) [loss_dt = 0.4105, loss_qp = 0.5713, total loss = -7.6800, acc = 0.8750, lr = 7.943281e-11] (12.6 samples/sec; 9.560 sec/batch)
(E:62, S:25) [loss_dt = 0.3655, loss_qp = 0.5685, total loss = -7.7282, acc = 0.8417, lr = 7.943281e-11] (12.6 samples/sec; 9.533 sec/batch)
(E:62, S:26) [loss_dt = 0.4081, loss_qp = 0.4631, total loss = -7.6093, acc = 0.8417, lr = 7.943281e-11] (12.6 samples/sec; 9.505 sec/batch)
(E:62, S:27) [loss_dt = 0.4153, loss_qp = 0.5436, total loss = -7.6223, acc = 0.8250, lr = 7.943281e-11] (12.6 samples/sec; 9.488 sec/batch)
(E:62, S:28) [loss_dt = 0.3922, loss_qp = 0.5640, total loss = -7.6668, acc = 0.8250, lr = 7.943281e-11] (12.7 samples/sec; 9.473 sec/batch)
(E:62, S:29) [loss_dt = 0.3711, loss_qp = 0.5763, total loss = -7.7275, acc = 0.8583, lr = 7.943281e-11] (12.7 samples/sec; 9.457 sec/batch)
(E:62, S:30) [loss_dt = 0.4661, loss_qp = 0.5821, total loss = -7.7812, acc = 0.7917, lr = 7.943281e-11] (12.7 samples/sec; 9.433 sec/batch)
(E:62, S:31) [loss_dt = 0.4333, loss_qp = 0.5690, total loss = -7.8133, acc = 0.8333, lr = 7.943281e-11] (12.8 samples/sec; 9.406 sec/batch)
(E:62, S:32) [loss_dt = 0.4910, loss_qp = 0.6104, total loss = -7.8984, acc = 0.8083, lr = 7.943281e-11] (12.8 samples/sec; 9.397 sec/batch)
(E:62, S:33) [loss_dt = 0.4406, loss_qp = 0.5244, total loss = -7.8511, acc = 0.8083, lr = 7.943281e-11] (12.8 samples/sec; 9.385 sec/batch)
(E:62, S:34) [loss_dt = 0.4309, loss_qp = 0.4994, total loss = -7.7720, acc = 0.8417, lr = 7.943281e-11] (12.8 samples/sec; 9.384 sec/batch)
(E:62, S:35) [loss_dt = 0.4310, loss_qp = 0.4589, total loss = -7.6401, acc = 0.8167, lr = 7.943281e-11] (12.8 samples/sec; 9.370 sec/batch)
(E:62, S:36) [loss_dt = 0.3667, loss_qp = 0.4985, total loss = -7.5872, acc = 0.8167, lr = 7.943281e-11] (12.8 samples/sec; 9.360 sec/batch)
(E:62, S:37) [loss_dt = 0.4434, loss_qp = 0.5157, total loss = -7.5577, acc = 0.7833, lr = 7.943281e-11] (12.8 samples/sec; 9.357 sec/batch)
(E:62, S:38) [loss_dt = 0.4640, loss_qp = 0.6009, total loss = -7.6568, acc = 0.8000, lr = 7.943281e-11] (12.8 samples/sec; 9.344 sec/batch)
(E:62, S:39) [loss_dt = 0.3304, loss_qp = 0.5064, total loss = -7.6177, acc = 0.8417, lr = 7.943281e-11] (12.8 samples/sec; 9.343 sec/batch)
(E:62, S:40) [loss_dt = 0.3332, loss_qp = 0.5341, total loss = -7.6238, acc = 0.8250, lr = 7.943281e-11] (12.8 samples/sec; 9.353 sec/batch)
(E:62, S:41) [loss_dt = 0.5179, loss_qp = 0.6017, total loss = -7.7122, acc = 0.7833, lr = 7.943281e-11] (12.8 samples/sec; 9.348 sec/batch)
(E:62, S:42) [loss_dt = 0.4316, loss_qp = 0.5268, total loss = -7.6880, acc = 0.8333, lr = 7.943281e-11] (12.9 samples/sec; 9.338 sec/batch)
(E:62, S:43) [loss_dt = 0.3884, loss_qp = 0.5282, total loss = -7.6726, acc = 0.8167, lr = 7.943281e-11] (12.8 samples/sec; 9.361 sec/batch)
(E:62, S:44) [loss_dt = 0.3640, loss_qp = 0.5339, total loss = -7.6698, acc = 0.8250, lr = 7.943281e-11] (13.5 samples/sec; 8.897 sec/batch)
(E:62, S:45) [loss_dt = 0.3638, loss_qp = 0.5222, total loss = -7.6497, acc = 0.8250, lr = 7.943281e-11] (14.9 samples/sec; 8.040 sec/batch)
(E:62, S:46) [loss_dt = 0.4909, loss_qp = 0.5813, total loss = -7.7076, acc = 0.7667, lr = 7.943281e-11] (16.5 samples/sec; 7.272 sec/batch)
(E:62, S:47) [loss_dt = 0.3988, loss_qp = 0.5934, total loss = -7.7871, acc = 0.8250, lr = 7.943281e-11] (18.2 samples/sec; 6.581 sec/batch)
(E:62, S:48) [loss_dt = 0.2734, loss_qp = 0.4205, total loss = -7.6117, acc = 0.8583, lr = 7.943281e-11] (20.1 samples/sec; 5.958 sec/batch)
(E:62, S:49) [loss_dt = 0.4868, loss_qp = 0.5705, total loss = -7.6577, acc = 0.8167, lr = 7.943281e-11] (22.2 samples/sec; 5.395 sec/batch)
(E:62, S:50) [loss_dt = 0.4429, loss_qp = 0.4570, total loss = -7.5331, acc = 0.8167, lr = 7.943281e-11] (24.6 samples/sec; 4.887 sec/batch)
(E:62, S:51) [loss_dt = 0.3943, loss_qp = 0.5569, total loss = -7.5757, acc = 0.8583, lr = 7.943281e-11] (27.1 samples/sec; 4.431 sec/batch)
PLCC: 0.4511, SROCC: 0.4174, Acc: 0.7551
(E:63, S:0) [loss_dt = 0.4066, loss_qp = 0.5704, total loss = -7.6330, acc = 0.8500, lr = 6.309579e-11] (7.1 samples/sec; 16.970 sec/batch)
(E:63, S:1) [loss_dt = 0.3943, loss_qp = 0.4446, total loss = -7.4971, acc = 0.8167, lr = 6.309579e-11] (7.8 samples/sec; 15.314 sec/batch)
(E:63, S:2) [loss_dt = 0.4199, loss_qp = 0.5535, total loss = -7.5357, acc = 0.8333, lr = 6.309579e-11] (8.7 samples/sec; 13.814 sec/batch)
(E:63, S:3) [loss_dt = 0.3712, loss_qp = 0.5095, total loss = -7.5092, acc = 0.8333, lr = 6.309579e-11] (9.6 samples/sec; 12.465 sec/batch)
(E:63, S:4) [loss_dt = 0.5253, loss_qp = 0.5135, total loss = -7.4761, acc = 0.7750, lr = 6.309579e-11] (10.7 samples/sec; 11.252 sec/batch)
(E:63, S:5) [loss_dt = 0.4336, loss_qp = 0.5318, total loss = -7.4828, acc = 0.8000, lr = 6.309579e-11] (11.1 samples/sec; 10.815 sec/batch)
(E:63, S:6) [loss_dt = 0.4117, loss_qp = 0.4307, total loss = -7.3394, acc = 0.8167, lr = 6.309579e-11] (11.3 samples/sec; 10.665 sec/batch)
(E:63, S:7) [loss_dt = 0.4561, loss_qp = 0.5152, total loss = -7.3327, acc = 0.8167, lr = 6.309579e-11] (11.4 samples/sec; 10.535 sec/batch)
(E:63, S:8) [loss_dt = 0.3259, loss_qp = 0.5744, total loss = -7.4284, acc = 0.8250, lr = 6.309579e-11] (11.5 samples/sec; 10.415 sec/batch)
(E:63, S:9) [loss_dt = 0.4702, loss_qp = 0.4958, total loss = -7.3822, acc = 0.7667, lr = 6.309579e-11] (11.6 samples/sec; 10.332 sec/batch)
(E:63, S:10) [loss_dt = 0.5406, loss_qp = 0.5603, total loss = -7.4303, acc = 0.7417, lr = 6.309579e-11] (11.7 samples/sec; 10.240 sec/batch)
(E:63, S:11) [loss_dt = 0.5020, loss_qp = 0.5325, total loss = -7.4358, acc = 0.8000, lr = 6.309579e-11] (11.8 samples/sec; 10.143 sec/batch)
(E:63, S:12) [loss_dt = 0.3838, loss_qp = 0.5858, total loss = -7.5326, acc = 0.8500, lr = 6.309579e-11] (11.9 samples/sec; 10.121 sec/batch)
(E:63, S:13) [loss_dt = 0.3130, loss_qp = 0.5795, total loss = -7.6173, acc = 0.8750, lr = 6.309579e-11] (11.9 samples/sec; 10.104 sec/batch)
(E:63, S:14) [loss_dt = 0.3346, loss_qp = 0.5517, total loss = -7.6497, acc = 0.8417, lr = 6.309579e-11] (12.0 samples/sec; 10.029 sec/batch)
(E:63, S:15) [loss_dt = 0.4226, loss_qp = 0.5171, total loss = -7.6181, acc = 0.7833, lr = 6.309579e-11] (12.0 samples/sec; 9.984 sec/batch)
(E:63, S:16) [loss_dt = 0.5059, loss_qp = 0.4947, total loss = -7.5477, acc = 0.7833, lr = 6.309579e-11] (12.1 samples/sec; 9.919 sec/batch)
(E:63, S:17) [loss_dt = 0.5036, loss_qp = 0.6055, total loss = -7.6508, acc = 0.7917, lr = 6.309579e-11] (12.2 samples/sec; 9.859 sec/batch)
(E:63, S:18) [loss_dt = 0.3926, loss_qp = 0.5078, total loss = -7.6082, acc = 0.8583, lr = 6.309579e-11] (12.2 samples/sec; 9.842 sec/batch)
(E:63, S:19) [loss_dt = 0.4830, loss_qp = 0.4635, total loss = -7.4944, acc = 0.8250, lr = 6.309579e-11] (12.2 samples/sec; 9.797 sec/batch)
(E:63, S:20) [loss_dt = 0.3784, loss_qp = 0.5908, total loss = -7.5933, acc = 0.8667, lr = 6.309579e-11] (12.3 samples/sec; 9.773 sec/batch)
(E:63, S:21) [loss_dt = 0.4810, loss_qp = 0.5059, total loss = -7.5448, acc = 0.7833, lr = 6.309579e-11] (12.3 samples/sec; 9.726 sec/batch)
(E:63, S:22) [loss_dt = 0.4803, loss_qp = 0.4236, total loss = -7.3777, acc = 0.8333, lr = 6.309579e-11] (12.4 samples/sec; 9.694 sec/batch)
(E:63, S:23) [loss_dt = 0.3952, loss_qp = 0.5551, total loss = -7.4332, acc = 0.8167, lr = 6.309579e-11] (12.4 samples/sec; 9.664 sec/batch)
(E:63, S:24) [loss_dt = 0.4866, loss_qp = 0.5337, total loss = -7.4417, acc = 0.7917, lr = 6.309579e-11] (12.5 samples/sec; 9.630 sec/batch)
(E:63, S:25) [loss_dt = 0.4034, loss_qp = 0.5393, total loss = -7.4661, acc = 0.8083, lr = 6.309579e-11] (12.5 samples/sec; 9.590 sec/batch)
(E:63, S:26) [loss_dt = 0.4531, loss_qp = 0.4896, total loss = -7.4086, acc = 0.8250, lr = 6.309579e-11] (12.6 samples/sec; 9.558 sec/batch)
(E:63, S:27) [loss_dt = 0.3467, loss_qp = 0.5290, total loss = -7.4267, acc = 0.8333, lr = 6.309579e-11] (12.6 samples/sec; 9.547 sec/batch)
(E:63, S:28) [loss_dt = 0.5562, loss_qp = 0.5429, total loss = -7.4428, acc = 0.7500, lr = 6.309579e-11] (12.6 samples/sec; 9.528 sec/batch)
(E:63, S:29) [loss_dt = 0.3110, loss_qp = 0.5905, total loss = -7.5532, acc = 0.8500, lr = 6.309579e-11] (12.6 samples/sec; 9.513 sec/batch)
(E:63, S:30) [loss_dt = 0.4007, loss_qp = 0.4871, total loss = -7.4884, acc = 0.8250, lr = 6.309579e-11] (12.6 samples/sec; 9.490 sec/batch)
(E:63, S:31) [loss_dt = 0.4956, loss_qp = 0.6293, total loss = -7.6339, acc = 0.7833, lr = 6.309579e-11] (12.7 samples/sec; 9.472 sec/batch)
(E:63, S:32) [loss_dt = 0.5134, loss_qp = 0.6643, total loss = -7.8156, acc = 0.7917, lr = 6.309579e-11] (12.7 samples/sec; 9.452 sec/batch)
(E:63, S:33) [loss_dt = 0.3799, loss_qp = 0.4955, total loss = -7.7393, acc = 0.8417, lr = 6.309579e-11] (12.7 samples/sec; 9.439 sec/batch)
(E:63, S:34) [loss_dt = 0.3681, loss_qp = 0.4853, total loss = -7.6566, acc = 0.8500, lr = 6.309579e-11] (12.7 samples/sec; 9.437 sec/batch)
(E:63, S:35) [loss_dt = 0.3724, loss_qp = 0.5263, total loss = -7.6431, acc = 0.8333, lr = 6.309579e-11] (12.7 samples/sec; 9.434 sec/batch)
(E:63, S:36) [loss_dt = 0.3784, loss_qp = 0.5950, total loss = -7.7334, acc = 0.8500, lr = 6.309579e-11] (12.7 samples/sec; 9.419 sec/batch)
(E:63, S:37) [loss_dt = 0.3244, loss_qp = 0.5469, total loss = -7.7480, acc = 0.8500, lr = 6.309579e-11] (12.7 samples/sec; 9.412 sec/batch)
(E:63, S:38) [loss_dt = 0.4691, loss_qp = 0.6004, total loss = -7.8269, acc = 0.7833, lr = 6.309579e-11] (12.7 samples/sec; 9.414 sec/batch)
(E:63, S:39) [loss_dt = 0.4059, loss_qp = 0.5409, total loss = -7.8150, acc = 0.7833, lr = 6.309579e-11] (12.8 samples/sec; 9.409 sec/batch)
(E:63, S:40) [loss_dt = 0.2962, loss_qp = 0.4933, total loss = -7.7438, acc = 0.9000, lr = 6.309579e-11] (12.8 samples/sec; 9.405 sec/batch)
(E:63, S:41) [loss_dt = 0.4477, loss_qp = 0.5564, total loss = -7.7593, acc = 0.8083, lr = 6.309579e-11] (12.8 samples/sec; 9.383 sec/batch)
(E:63, S:42) [loss_dt = 0.5199, loss_qp = 0.4936, total loss = -7.6718, acc = 0.7750, lr = 6.309579e-11] (12.8 samples/sec; 9.369 sec/batch)
(E:63, S:43) [loss_dt = 0.4138, loss_qp = 0.5126, total loss = -7.6321, acc = 0.8083, lr = 6.309579e-11] (12.8 samples/sec; 9.363 sec/batch)
(E:63, S:44) [loss_dt = 0.4680, loss_qp = 0.6601, total loss = -7.8123, acc = 0.7833, lr = 6.309579e-11] (13.5 samples/sec; 8.905 sec/batch)
(E:63, S:45) [loss_dt = 0.3584, loss_qp = 0.5146, total loss = -7.7672, acc = 0.8250, lr = 6.309579e-11] (14.9 samples/sec; 8.046 sec/batch)
(E:63, S:46) [loss_dt = 0.6698, loss_qp = 0.5693, total loss = -7.7775, acc = 0.7417, lr = 6.309579e-11] (16.5 samples/sec; 7.271 sec/batch)
(E:63, S:47) [loss_dt = 0.5412, loss_qp = 0.5486, total loss = -7.7686, acc = 0.7667, lr = 6.309579e-11] (18.2 samples/sec; 6.576 sec/batch)
(E:63, S:48) [loss_dt = 0.3637, loss_qp = 0.4439, total loss = -7.6212, acc = 0.8583, lr = 6.309579e-11] (20.2 samples/sec; 5.954 sec/batch)
(E:63, S:49) [loss_dt = 0.4076, loss_qp = 0.4894, total loss = -7.5525, acc = 0.7833, lr = 6.309579e-11] (22.2 samples/sec; 5.394 sec/batch)
(E:63, S:50) [loss_dt = 0.2796, loss_qp = 0.5093, total loss = -7.5333, acc = 0.8583, lr = 6.309579e-11] (24.5 samples/sec; 4.892 sec/batch)
(E:63, S:51) [loss_dt = 0.4169, loss_qp = 0.5582, total loss = -7.5756, acc = 0.8250, lr = 6.309579e-11] (27.0 samples/sec; 4.438 sec/batch)
PLCC: 0.4527, SROCC: 0.4079, Acc: 0.7551
(E:64, S:0) [loss_dt = 0.6695, loss_qp = 0.5388, total loss = -7.5593, acc = 0.7250, lr = 5.011870e-11] (7.1 samples/sec; 17.006 sec/batch)
(E:64, S:1) [loss_dt = 0.3765, loss_qp = 0.6094, total loss = -7.6798, acc = 0.8333, lr = 5.011870e-11] (7.8 samples/sec; 15.352 sec/batch)
(E:64, S:2) [loss_dt = 0.4331, loss_qp = 0.5050, total loss = -7.6261, acc = 0.8167, lr = 5.011870e-11] (8.7 samples/sec; 13.861 sec/batch)
(E:64, S:3) [loss_dt = 0.4027, loss_qp = 0.5814, total loss = -7.6953, acc = 0.8250, lr = 5.011870e-11] (9.6 samples/sec; 12.521 sec/batch)
(E:64, S:4) [loss_dt = 0.4218, loss_qp = 0.5289, total loss = -7.6769, acc = 0.8250, lr = 5.011870e-11] (10.6 samples/sec; 11.303 sec/batch)
(E:64, S:5) [loss_dt = 0.4540, loss_qp = 0.5790, total loss = -7.7323, acc = 0.7917, lr = 5.011870e-11] (11.0 samples/sec; 10.867 sec/batch)
(E:64, S:6) [loss_dt = 0.3554, loss_qp = 0.5070, total loss = -7.6841, acc = 0.8583, lr = 5.011870e-11] (11.2 samples/sec; 10.720 sec/batch)
(E:64, S:7) [loss_dt = 0.4990, loss_qp = 0.5147, total loss = -7.6378, acc = 0.7833, lr = 5.011870e-11] (11.3 samples/sec; 10.581 sec/batch)
(E:64, S:8) [loss_dt = 0.4011, loss_qp = 0.4523, total loss = -7.5123, acc = 0.8417, lr = 5.011870e-11] (11.5 samples/sec; 10.450 sec/batch)
(E:64, S:9) [loss_dt = 0.3895, loss_qp = 0.3895, total loss = -7.3064, acc = 0.8333, lr = 5.011870e-11] (11.6 samples/sec; 10.335 sec/batch)
(E:64, S:10) [loss_dt = 0.4012, loss_qp = 0.6090, total loss = -7.4491, acc = 0.8417, lr = 5.011870e-11] (11.7 samples/sec; 10.250 sec/batch)
(E:64, S:11) [loss_dt = 0.4221, loss_qp = 0.4860, total loss = -7.3910, acc = 0.8333, lr = 5.011870e-11] (11.8 samples/sec; 10.150 sec/batch)
(E:64, S:12) [loss_dt = 0.5239, loss_qp = 0.5777, total loss = -7.4660, acc = 0.7583, lr = 5.011870e-11] (11.9 samples/sec; 10.076 sec/batch)
(E:64, S:13) [loss_dt = 0.4352, loss_qp = 0.5604, total loss = -7.5165, acc = 0.8333, lr = 5.011870e-11] (12.0 samples/sec; 9.997 sec/batch)
(E:64, S:14) [loss_dt = 0.4269, loss_qp = 0.4813, total loss = -7.4441, acc = 0.7583, lr = 5.011870e-11] (12.1 samples/sec; 9.941 sec/batch)
(E:64, S:15) [loss_dt = 0.4863, loss_qp = 0.4353, total loss = -7.3040, acc = 0.7917, lr = 5.011870e-11] (12.2 samples/sec; 9.866 sec/batch)
(E:64, S:16) [loss_dt = 0.4515, loss_qp = 0.6069, total loss = -7.4388, acc = 0.7917, lr = 5.011870e-11] (12.2 samples/sec; 9.821 sec/batch)
(E:64, S:17) [loss_dt = 0.3714, loss_qp = 0.6139, total loss = -7.5787, acc = 0.8417, lr = 5.011870e-11] (12.3 samples/sec; 9.773 sec/batch)
(E:64, S:18) [loss_dt = 0.4400, loss_qp = 0.4846, total loss = -7.5036, acc = 0.8083, lr = 5.011870e-11] (12.3 samples/sec; 9.736 sec/batch)
(E:64, S:19) [loss_dt = 0.3754, loss_qp = 0.5232, total loss = -7.5005, acc = 0.8333, lr = 5.011870e-11] (12.4 samples/sec; 9.694 sec/batch)
(E:64, S:20) [loss_dt = 0.3799, loss_qp = 0.5792, total loss = -7.5812, acc = 0.8250, lr = 5.011870e-11] (12.4 samples/sec; 9.663 sec/batch)
(E:64, S:21) [loss_dt = 0.4544, loss_qp = 0.4900, total loss = -7.5126, acc = 0.8583, lr = 5.011870e-11] (12.5 samples/sec; 9.630 sec/batch)
(E:64, S:22) [loss_dt = 0.3535, loss_qp = 0.5353, total loss = -7.5290, acc = 0.8333, lr = 5.011870e-11] (12.5 samples/sec; 9.592 sec/batch)
(E:64, S:23) [loss_dt = 0.3531, loss_qp = 0.6208, total loss = -7.6720, acc = 0.8583, lr = 5.011870e-11] (12.5 samples/sec; 9.568 sec/batch)
(E:64, S:24) [loss_dt = 0.4571, loss_qp = 0.5655, total loss = -7.7074, acc = 0.7833, lr = 5.011870e-11] (12.6 samples/sec; 9.541 sec/batch)
(E:64, S:25) [loss_dt = 0.5116, loss_qp = 0.3553, total loss = -7.4185, acc = 0.8250, lr = 5.011870e-11] (12.6 samples/sec; 9.507 sec/batch)
(E:64, S:26) [loss_dt = 0.4587, loss_qp = 0.5362, total loss = -7.4350, acc = 0.8000, lr = 5.011870e-11] (12.7 samples/sec; 9.472 sec/batch)
(E:64, S:27) [loss_dt = 0.4019, loss_qp = 0.5062, total loss = -7.4106, acc = 0.8333, lr = 5.011870e-11] (12.7 samples/sec; 9.457 sec/batch)
(E:64, S:28) [loss_dt = 0.4967, loss_qp = 0.4949, total loss = -7.3623, acc = 0.7917, lr = 5.011870e-11] (12.7 samples/sec; 9.448 sec/batch)
(E:64, S:29) [loss_dt = 0.4081, loss_qp = 0.5791, total loss = -7.4539, acc = 0.8000, lr = 5.011870e-11] (12.7 samples/sec; 9.432 sec/batch)
(E:64, S:30) [loss_dt = 0.3499, loss_qp = 0.6398, total loss = -7.6333, acc = 0.8167, lr = 5.011870e-11] (12.7 samples/sec; 9.417 sec/batch)
(E:64, S:31) [loss_dt = 0.4100, loss_qp = 0.4037, total loss = -7.4345, acc = 0.8083, lr = 5.011870e-11] (12.8 samples/sec; 9.399 sec/batch)
(E:64, S:32) [loss_dt = 0.4148, loss_qp = 0.5215, total loss = -7.4319, acc = 0.8417, lr = 5.011870e-11] (12.8 samples/sec; 9.399 sec/batch)
(E:64, S:33) [loss_dt = 0.3580, loss_qp = 0.5768, total loss = -7.5181, acc = 0.8417, lr = 5.011870e-11] (12.8 samples/sec; 9.390 sec/batch)
(E:64, S:34) [loss_dt = 0.4311, loss_qp = 0.4282, total loss = -7.3655, acc = 0.8083, lr = 5.011870e-11] (12.8 samples/sec; 9.385 sec/batch)
(E:64, S:35) [loss_dt = 0.3733, loss_qp = 0.5075, total loss = -7.3528, acc = 0.8167, lr = 5.011870e-11] (12.8 samples/sec; 9.376 sec/batch)
(E:64, S:36) [loss_dt = 0.4751, loss_qp = 0.5984, total loss = -7.4676, acc = 0.7500, lr = 5.011870e-11] (12.8 samples/sec; 9.366 sec/batch)
(E:64, S:37) [loss_dt = 0.4004, loss_qp = 0.4988, total loss = -7.4290, acc = 0.8000, lr = 5.011870e-11] (12.8 samples/sec; 9.374 sec/batch)
(E:64, S:38) [loss_dt = 0.4727, loss_qp = 0.4830, total loss = -7.3633, acc = 0.8083, lr = 5.011870e-11] (12.8 samples/sec; 9.367 sec/batch)
(E:64, S:39) [loss_dt = 0.3214, loss_qp = 0.5013, total loss = -7.3468, acc = 0.8417, lr = 5.011870e-11] (12.8 samples/sec; 9.364 sec/batch)
(E:64, S:40) [loss_dt = 0.3460, loss_qp = 0.5719, total loss = -7.4353, acc = 0.8500, lr = 5.011870e-11] (12.8 samples/sec; 9.370 sec/batch)
(E:64, S:41) [loss_dt = 0.4549, loss_qp = 0.5753, total loss = -7.5092, acc = 0.8083, lr = 5.011870e-11] (12.8 samples/sec; 9.359 sec/batch)
(E:64, S:42) [loss_dt = 0.4026, loss_qp = 0.5058, total loss = -7.4768, acc = 0.8083, lr = 5.011870e-11] (12.8 samples/sec; 9.350 sec/batch)
(E:64, S:43) [loss_dt = 0.6743, loss_qp = 0.5125, total loss = -7.4304, acc = 0.7250, lr = 5.011870e-11] (12.8 samples/sec; 9.364 sec/batch)
(E:64, S:44) [loss_dt = 0.4467, loss_qp = 0.5266, total loss = -7.4326, acc = 0.8250, lr = 5.011870e-11] (13.5 samples/sec; 8.911 sec/batch)
(E:64, S:45) [loss_dt = 0.4597, loss_qp = 0.4427, total loss = -7.3074, acc = 0.8167, lr = 5.011870e-11] (14.9 samples/sec; 8.051 sec/batch)
(E:64, S:46) [loss_dt = 0.3369, loss_qp = 0.5046, total loss = -7.2999, acc = 0.8583, lr = 5.011870e-11] (16.5 samples/sec; 7.278 sec/batch)
(E:64, S:47) [loss_dt = 0.5627, loss_qp = 0.5904, total loss = -7.3992, acc = 0.7500, lr = 5.011870e-11] (18.2 samples/sec; 6.586 sec/batch)
(E:64, S:48) [loss_dt = 0.3505, loss_qp = 0.5793, total loss = -7.4931, acc = 0.8250, lr = 5.011870e-11] (20.1 samples/sec; 5.962 sec/batch)
(E:64, S:49) [loss_dt = 0.4360, loss_qp = 0.5219, total loss = -7.4831, acc = 0.8167, lr = 5.011870e-11] (22.2 samples/sec; 5.401 sec/batch)
(E:64, S:50) [loss_dt = 0.5545, loss_qp = 0.6086, total loss = -7.5923, acc = 0.7500, lr = 5.011870e-11] (24.5 samples/sec; 4.893 sec/batch)
(E:64, S:51) [loss_dt = 0.3252, loss_qp = 0.5132, total loss = -7.5703, acc = 0.8583, lr = 5.011870e-11] (27.1 samples/sec; 4.435 sec/batch)
PLCC: 0.4522, SROCC: 0.4150, Acc: 0.7538
(E:65, S:0) [loss_dt = 0.5207, loss_qp = 0.3835, total loss = -7.3365, acc = 0.7917, lr = 3.981069e-11] (7.0 samples/sec; 17.062 sec/batch)
(E:65, S:1) [loss_dt = 0.5003, loss_qp = 0.6321, total loss = -7.5010, acc = 0.7750, lr = 3.981069e-11] (7.8 samples/sec; 15.403 sec/batch)
(E:65, S:2) [loss_dt = 0.3729, loss_qp = 0.4371, total loss = -7.3693, acc = 0.8167, lr = 3.981069e-11] (8.6 samples/sec; 13.909 sec/batch)
(E:65, S:3) [loss_dt = 0.3391, loss_qp = 0.5475, total loss = -7.4196, acc = 0.8333, lr = 3.981069e-11] (9.6 samples/sec; 12.554 sec/batch)
(E:65, S:4) [loss_dt = 0.4388, loss_qp = 0.5429, total loss = -7.4481, acc = 0.7417, lr = 3.981069e-11] (10.6 samples/sec; 11.331 sec/batch)
(E:65, S:5) [loss_dt = 0.2957, loss_qp = 0.4832, total loss = -7.3986, acc = 0.8417, lr = 3.981069e-11] (11.1 samples/sec; 10.823 sec/batch)
(E:65, S:6) [loss_dt = 0.4905, loss_qp = 0.5978, total loss = -7.5064, acc = 0.8333, lr = 3.981069e-11] (11.2 samples/sec; 10.689 sec/batch)
(E:65, S:7) [loss_dt = 0.4140, loss_qp = 0.5106, total loss = -7.4802, acc = 0.8083, lr = 3.981069e-11] (11.4 samples/sec; 10.557 sec/batch)
(E:65, S:8) [loss_dt = 0.4101, loss_qp = 0.5906, total loss = -7.5771, acc = 0.8250, lr = 3.981069e-11] (11.5 samples/sec; 10.426 sec/batch)
(E:65, S:9) [loss_dt = 0.4556, loss_qp = 0.5005, total loss = -7.5246, acc = 0.7833, lr = 3.981069e-11] (11.6 samples/sec; 10.319 sec/batch)
(E:65, S:10) [loss_dt = 0.5324, loss_qp = 0.6066, total loss = -7.6287, acc = 0.7500, lr = 3.981069e-11] (11.7 samples/sec; 10.236 sec/batch)
(E:65, S:11) [loss_dt = 0.3655, loss_qp = 0.5340, total loss = -7.6303, acc = 0.8583, lr = 3.981069e-11] (11.8 samples/sec; 10.151 sec/batch)
(E:65, S:12) [loss_dt = 0.4055, loss_qp = 0.4774, total loss = -7.5428, acc = 0.8083, lr = 3.981069e-11] (11.9 samples/sec; 10.086 sec/batch)
(E:65, S:13) [loss_dt = 0.4234, loss_qp = 0.5992, total loss = -7.6450, acc = 0.8167, lr = 3.981069e-11] (12.0 samples/sec; 10.004 sec/batch)
(E:65, S:14) [loss_dt = 0.3982, loss_qp = 0.5519, total loss = -7.6685, acc = 0.8500, lr = 3.981069e-11] (12.1 samples/sec; 9.947 sec/batch)
(E:65, S:15) [loss_dt = 0.5232, loss_qp = 0.4715, total loss = -7.5566, acc = 0.7500, lr = 3.981069e-11] (12.1 samples/sec; 9.878 sec/batch)
(E:65, S:16) [loss_dt = 0.4749, loss_qp = 0.6089, total loss = -7.6668, acc = 0.7917, lr = 3.981069e-11] (12.2 samples/sec; 9.829 sec/batch)
(E:65, S:17) [loss_dt = 0.3007, loss_qp = 0.5123, total loss = -7.6385, acc = 0.8417, lr = 3.981069e-11] (12.3 samples/sec; 9.783 sec/batch)
(E:65, S:18) [loss_dt = 0.3695, loss_qp = 0.4635, total loss = -7.5329, acc = 0.8750, lr = 3.981069e-11] (12.3 samples/sec; 9.764 sec/batch)
(E:65, S:19) [loss_dt = 0.5454, loss_qp = 0.5644, total loss = -7.5717, acc = 0.8000, lr = 3.981069e-11] (12.3 samples/sec; 9.749 sec/batch)
(E:65, S:20) [loss_dt = 0.4488, loss_qp = 0.5623, total loss = -7.6131, acc = 0.8083, lr = 3.981069e-11] (12.3 samples/sec; 9.717 sec/batch)
(E:65, S:21) [loss_dt = 0.5173, loss_qp = 0.5106, total loss = -7.5660, acc = 0.7750, lr = 3.981069e-11] (12.4 samples/sec; 9.713 sec/batch)
(E:65, S:22) [loss_dt = 0.3764, loss_qp = 0.5746, total loss = -7.6336, acc = 0.8000, lr = 3.981069e-11] (12.4 samples/sec; 9.668 sec/batch)
(E:65, S:23) [loss_dt = 0.5407, loss_qp = 0.5589, total loss = -7.6545, acc = 0.7500, lr = 3.981069e-11] (12.5 samples/sec; 9.626 sec/batch)
(E:65, S:24) [loss_dt = 0.4105, loss_qp = 0.5258, total loss = -7.6367, acc = 0.8333, lr = 3.981069e-11] (12.5 samples/sec; 9.594 sec/batch)
(E:65, S:25) [loss_dt = 0.4427, loss_qp = 0.5026, total loss = -7.5826, acc = 0.7917, lr = 3.981069e-11] (12.6 samples/sec; 9.556 sec/batch)
(E:65, S:26) [loss_dt = 0.4814, loss_qp = 0.5643, total loss = -7.6226, acc = 0.7833, lr = 3.981069e-11] (12.6 samples/sec; 9.531 sec/batch)
(E:65, S:27) [loss_dt = 0.4466, loss_qp = 0.5613, total loss = -7.6577, acc = 0.8333, lr = 3.981069e-11] (12.6 samples/sec; 9.515 sec/batch)
(E:65, S:28) [loss_dt = 0.4264, loss_qp = 0.4410, total loss = -7.5108, acc = 0.7917, lr = 3.981069e-11] (12.6 samples/sec; 9.503 sec/batch)
(E:65, S:29) [loss_dt = 0.3743, loss_qp = 0.6030, total loss = -7.6267, acc = 0.8000, lr = 3.981069e-11] (12.7 samples/sec; 9.482 sec/batch)
(E:65, S:30) [loss_dt = 0.3997, loss_qp = 0.5235, total loss = -7.6094, acc = 0.8333, lr = 3.981069e-11] (12.7 samples/sec; 9.466 sec/batch)
(E:65, S:31) [loss_dt = 0.4520, loss_qp = 0.5754, total loss = -7.6663, acc = 0.8500, lr = 3.981069e-11] (12.7 samples/sec; 9.450 sec/batch)
(E:65, S:32) [loss_dt = 0.4074, loss_qp = 0.4985, total loss = -7.6067, acc = 0.8083, lr = 3.981069e-11] (12.7 samples/sec; 9.431 sec/batch)
(E:65, S:33) [loss_dt = 0.3339, loss_qp = 0.5616, total loss = -7.6550, acc = 0.8250, lr = 3.981069e-11] (12.7 samples/sec; 9.433 sec/batch)
(E:65, S:34) [loss_dt = 0.4320, loss_qp = 0.4601, total loss = -7.5365, acc = 0.8250, lr = 3.981069e-11] (12.7 samples/sec; 9.428 sec/batch)
(E:65, S:35) [loss_dt = 0.4409, loss_qp = 0.5712, total loss = -7.5956, acc = 0.7833, lr = 3.981069e-11] (12.7 samples/sec; 9.416 sec/batch)
(E:65, S:36) [loss_dt = 0.3754, loss_qp = 0.4532, total loss = -7.4784, acc = 0.8333, lr = 3.981069e-11] (12.8 samples/sec; 9.402 sec/batch)
(E:65, S:37) [loss_dt = 0.3123, loss_qp = 0.5242, total loss = -7.4855, acc = 0.8833, lr = 3.981069e-11] (12.8 samples/sec; 9.389 sec/batch)
(E:65, S:38) [loss_dt = 0.3474, loss_qp = 0.6033, total loss = -7.6073, acc = 0.8667, lr = 3.981069e-11] (12.8 samples/sec; 9.369 sec/batch)
(E:65, S:39) [loss_dt = 0.4349, loss_qp = 0.4757, total loss = -7.5166, acc = 0.7750, lr = 3.981069e-11] (12.8 samples/sec; 9.368 sec/batch)
(E:65, S:40) [loss_dt = 0.5549, loss_qp = 0.5423, total loss = -7.5230, acc = 0.7833, lr = 3.981069e-11] (12.8 samples/sec; 9.377 sec/batch)
(E:65, S:41) [loss_dt = 0.3849, loss_qp = 0.5115, total loss = -7.4994, acc = 0.8000, lr = 3.981069e-11] (12.8 samples/sec; 9.367 sec/batch)
(E:65, S:42) [loss_dt = 0.3783, loss_qp = 0.5404, total loss = -7.5223, acc = 0.8333, lr = 3.981069e-11] (12.8 samples/sec; 9.367 sec/batch)
(E:65, S:43) [loss_dt = 0.3546, loss_qp = 0.4201, total loss = -7.3648, acc = 0.8500, lr = 3.981069e-11] (12.8 samples/sec; 9.372 sec/batch)
(E:65, S:44) [loss_dt = 0.5426, loss_qp = 0.5623, total loss = -7.4175, acc = 0.7667, lr = 3.981069e-11] (13.5 samples/sec; 8.908 sec/batch)
(E:65, S:45) [loss_dt = 0.2676, loss_qp = 0.5809, total loss = -7.5203, acc = 0.8917, lr = 3.981069e-11] (14.9 samples/sec; 8.049 sec/batch)
(E:65, S:46) [loss_dt = 0.3425, loss_qp = 0.5187, total loss = -7.5121, acc = 0.8500, lr = 3.981069e-11] (16.5 samples/sec; 7.276 sec/batch)
(E:65, S:47) [loss_dt = 0.4930, loss_qp = 0.5110, total loss = -7.4781, acc = 0.7750, lr = 3.981069e-11] (18.2 samples/sec; 6.579 sec/batch)
(E:65, S:48) [loss_dt = 0.2994, loss_qp = 0.5663, total loss = -7.5499, acc = 0.8667, lr = 3.981069e-11] (20.1 samples/sec; 5.958 sec/batch)
(E:65, S:49) [loss_dt = 0.4139, loss_qp = 0.5373, total loss = -7.5594, acc = 0.8250, lr = 3.981069e-11] (22.2 samples/sec; 5.399 sec/batch)
(E:65, S:50) [loss_dt = 0.4373, loss_qp = 0.4988, total loss = -7.5080, acc = 0.8083, lr = 3.981069e-11] (24.5 samples/sec; 4.894 sec/batch)
(E:65, S:51) [loss_dt = 0.5072, loss_qp = 0.4788, total loss = -7.4247, acc = 0.8000, lr = 3.981069e-11] (27.0 samples/sec; 4.437 sec/batch)
PLCC: 0.4605, SROCC: 0.4232, Acc: 0.7692
(E:66, S:0) [loss_dt = 0.3708, loss_qp = 0.5003, total loss = -7.3956, acc = 0.8500, lr = 3.162279e-11] (7.0 samples/sec; 17.038 sec/batch)
(E:66, S:1) [loss_dt = 0.4520, loss_qp = 0.5165, total loss = -7.3856, acc = 0.8167, lr = 3.162279e-11] (7.8 samples/sec; 15.378 sec/batch)
(E:66, S:2) [loss_dt = 0.4285, loss_qp = 0.5150, total loss = -7.3767, acc = 0.8250, lr = 3.162279e-11] (8.6 samples/sec; 13.883 sec/batch)
(E:66, S:3) [loss_dt = 0.4639, loss_qp = 0.4723, total loss = -7.3011, acc = 0.7500, lr = 3.162279e-11] (9.6 samples/sec; 12.528 sec/batch)
(E:66, S:4) [loss_dt = 0.3647, loss_qp = 0.5163, total loss = -7.3090, acc = 0.8333, lr = 3.162279e-11] (10.6 samples/sec; 11.308 sec/batch)
(E:66, S:5) [loss_dt = 0.4322, loss_qp = 0.5957, total loss = -7.4285, acc = 0.7917, lr = 3.162279e-11] (11.1 samples/sec; 10.814 sec/batch)
(E:66, S:6) [loss_dt = 0.2407, loss_qp = 0.5097, total loss = -7.4261, acc = 0.9000, lr = 3.162279e-11] (11.2 samples/sec; 10.670 sec/batch)
(E:66, S:7) [loss_dt = 0.4292, loss_qp = 0.4840, total loss = -7.3666, acc = 0.8250, lr = 3.162279e-11] (11.4 samples/sec; 10.535 sec/batch)
(E:66, S:8) [loss_dt = 0.4358, loss_qp = 0.4736, total loss = -7.2967, acc = 0.8333, lr = 3.162279e-11] (11.5 samples/sec; 10.404 sec/batch)
(E:66, S:9) [loss_dt = 0.3794, loss_qp = 0.5428, total loss = -7.3433, acc = 0.8583, lr = 3.162279e-11] (11.7 samples/sec; 10.294 sec/batch)
(E:66, S:10) [loss_dt = 0.3825, loss_qp = 0.4007, total loss = -7.1718, acc = 0.8167, lr = 3.162279e-11] (11.8 samples/sec; 10.210 sec/batch)
(E:66, S:11) [loss_dt = 0.4651, loss_qp = 0.5644, total loss = -7.2548, acc = 0.7667, lr = 3.162279e-11] (11.9 samples/sec; 10.113 sec/batch)
(E:66, S:12) [loss_dt = 0.4191, loss_qp = 0.5464, total loss = -7.3070, acc = 0.8500, lr = 3.162279e-11] (12.0 samples/sec; 10.022 sec/batch)
(E:66, S:13) [loss_dt = 0.5490, loss_qp = 0.4774, total loss = -7.2374, acc = 0.8333, lr = 3.162279e-11] (12.1 samples/sec; 9.943 sec/batch)
(E:66, S:14) [loss_dt = 0.4197, loss_qp = 0.5669, total loss = -7.3221, acc = 0.8583, lr = 3.162279e-11] (12.1 samples/sec; 9.878 sec/batch)
(E:66, S:15) [loss_dt = 0.3786, loss_qp = 0.5867, total loss = -7.4321, acc = 0.8333, lr = 3.162279e-11] (12.2 samples/sec; 9.816 sec/batch)
(E:66, S:16) [loss_dt = 0.5746, loss_qp = 0.5532, total loss = -7.4612, acc = 0.7000, lr = 3.162279e-11] (12.3 samples/sec; 9.777 sec/batch)
(E:66, S:17) [loss_dt = 0.3878, loss_qp = 0.5728, total loss = -7.5355, acc = 0.8333, lr = 3.162279e-11] (12.3 samples/sec; 9.724 sec/batch)
(E:66, S:18) [loss_dt = 0.5740, loss_qp = 0.5470, total loss = -7.5450, acc = 0.8083, lr = 3.162279e-11] (12.4 samples/sec; 9.688 sec/batch)
(E:66, S:19) [loss_dt = 0.4276, loss_qp = 0.5473, total loss = -7.5688, acc = 0.8417, lr = 3.162279e-11] (12.4 samples/sec; 9.645 sec/batch)
(E:66, S:20) [loss_dt = 0.4476, loss_qp = 0.5473, total loss = -7.5881, acc = 0.7750, lr = 3.162279e-11] (12.4 samples/sec; 9.661 sec/batch)
(E:66, S:21) [loss_dt = 0.4416, loss_qp = 0.6094, total loss = -7.6993, acc = 0.8083, lr = 3.162279e-11] (12.5 samples/sec; 9.622 sec/batch)
(E:66, S:22) [loss_dt = 0.4329, loss_qp = 0.5497, total loss = -7.7107, acc = 0.8000, lr = 3.162279e-11] (12.5 samples/sec; 9.597 sec/batch)
(E:66, S:23) [loss_dt = 0.5116, loss_qp = 0.6187, total loss = -7.8164, acc = 0.8000, lr = 3.162279e-11] (12.5 samples/sec; 9.571 sec/batch)
(E:66, S:24) [loss_dt = 0.4219, loss_qp = 0.5377, total loss = -7.7992, acc = 0.8250, lr = 3.162279e-11] (12.6 samples/sec; 9.552 sec/batch)
(E:66, S:25) [loss_dt = 0.4522, loss_qp = 0.5823, total loss = -7.8474, acc = 0.7667, lr = 3.162279e-11] (12.6 samples/sec; 9.522 sec/batch)
(E:66, S:26) [loss_dt = 0.4168, loss_qp = 0.6411, total loss = -7.9826, acc = 0.8083, lr = 3.162279e-11] (12.6 samples/sec; 9.497 sec/batch)
(E:66, S:27) [loss_dt = 0.4679, loss_qp = 0.5390, total loss = -7.9461, acc = 0.7750, lr = 3.162279e-11] (12.6 samples/sec; 9.487 sec/batch)
(E:66, S:28) [loss_dt = 0.3872, loss_qp = 0.5735, total loss = -7.9730, acc = 0.8500, lr = 3.162279e-11] (12.7 samples/sec; 9.472 sec/batch)
(E:66, S:29) [loss_dt = 0.4765, loss_qp = 0.5762, total loss = -7.9923, acc = 0.7750, lr = 3.162279e-11] (12.7 samples/sec; 9.463 sec/batch)
(E:66, S:30) [loss_dt = 0.4856, loss_qp = 0.4922, total loss = -7.8828, acc = 0.8333, lr = 3.162279e-11] (12.7 samples/sec; 9.445 sec/batch)
(E:66, S:31) [loss_dt = 0.5203, loss_qp = 0.5471, total loss = -7.8632, acc = 0.8000, lr = 3.162279e-11] (12.7 samples/sec; 9.427 sec/batch)
(E:66, S:32) [loss_dt = 0.4090, loss_qp = 0.5365, total loss = -7.8407, acc = 0.8417, lr = 3.162279e-11] (12.7 samples/sec; 9.412 sec/batch)
(E:66, S:33) [loss_dt = 0.4146, loss_qp = 0.5634, total loss = -7.8602, acc = 0.8500, lr = 3.162279e-11] (12.7 samples/sec; 9.428 sec/batch)
(E:66, S:34) [loss_dt = 0.3184, loss_qp = 0.5275, total loss = -7.8337, acc = 0.8667, lr = 3.162279e-11] (12.7 samples/sec; 9.421 sec/batch)
(E:66, S:35) [loss_dt = 0.3339, loss_qp = 0.4526, total loss = -7.6958, acc = 0.8500, lr = 3.162279e-11] (12.8 samples/sec; 9.409 sec/batch)
(E:66, S:36) [loss_dt = 0.4975, loss_qp = 0.6756, total loss = -7.8898, acc = 0.7833, lr = 3.162279e-11] (12.8 samples/sec; 9.392 sec/batch)
(E:66, S:37) [loss_dt = 0.5441, loss_qp = 0.4550, total loss = -7.7289, acc = 0.8000, lr = 3.162279e-11] (12.8 samples/sec; 9.404 sec/batch)
(E:66, S:38) [loss_dt = 0.4406, loss_qp = 0.4323, total loss = -7.5604, acc = 0.8250, lr = 3.162279e-11] (12.8 samples/sec; 9.386 sec/batch)
(E:66, S:39) [loss_dt = 0.4162, loss_qp = 0.5219, total loss = -7.5456, acc = 0.8500, lr = 3.162279e-11] (12.8 samples/sec; 9.381 sec/batch)
(E:66, S:40) [loss_dt = 0.4159, loss_qp = 0.6319, total loss = -7.6972, acc = 0.8167, lr = 3.162279e-11] (12.8 samples/sec; 9.377 sec/batch)
(E:66, S:41) [loss_dt = 0.4351, loss_qp = 0.6107, total loss = -7.8000, acc = 0.7583, lr = 3.162279e-11] (12.8 samples/sec; 9.371 sec/batch)
(E:66, S:42) [loss_dt = 0.4776, loss_qp = 0.5752, total loss = -7.8350, acc = 0.8000, lr = 3.162279e-11] (12.8 samples/sec; 9.371 sec/batch)
(E:66, S:43) [loss_dt = 0.3491, loss_qp = 0.5832, total loss = -7.8915, acc = 0.8583, lr = 3.162279e-11] (12.8 samples/sec; 9.383 sec/batch)
(E:66, S:44) [loss_dt = 0.3688, loss_qp = 0.4922, total loss = -7.8037, acc = 0.8500, lr = 3.162279e-11] (13.5 samples/sec; 8.920 sec/batch)
(E:66, S:45) [loss_dt = 0.4023, loss_qp = 0.5653, total loss = -7.8311, acc = 0.8167, lr = 3.162279e-11] (14.9 samples/sec; 8.060 sec/batch)
(E:66, S:46) [loss_dt = 0.4920, loss_qp = 0.4685, total loss = -7.7016, acc = 0.7833, lr = 3.162279e-11] (16.5 samples/sec; 7.286 sec/batch)
(E:66, S:47) [loss_dt = 0.4396, loss_qp = 0.5337, total loss = -7.6880, acc = 0.8167, lr = 3.162279e-11] (18.2 samples/sec; 6.590 sec/batch)
(E:66, S:48) [loss_dt = 0.4965, loss_qp = 0.5231, total loss = -7.6543, acc = 0.7750, lr = 3.162279e-11] (20.1 samples/sec; 5.963 sec/batch)
(E:66, S:49) [loss_dt = 0.4194, loss_qp = 0.5578, total loss = -7.6836, acc = 0.8500, lr = 3.162279e-11] (22.2 samples/sec; 5.399 sec/batch)
(E:66, S:50) [loss_dt = 0.3252, loss_qp = 0.4635, total loss = -7.5779, acc = 0.8583, lr = 3.162279e-11] (24.5 samples/sec; 4.894 sec/batch)
(E:66, S:51) [loss_dt = 0.3797, loss_qp = 0.5369, total loss = -7.5875, acc = 0.8250, lr = 3.162279e-11] (27.0 samples/sec; 4.438 sec/batch)
PLCC: 0.4513, SROCC: 0.4256, Acc: 0.7564
(E:67, S:0) [loss_dt = 0.5693, loss_qp = 0.5710, total loss = -7.6283, acc = 0.7583, lr = 2.511887e-11] (7.1 samples/sec; 16.961 sec/batch)
(E:67, S:1) [loss_dt = 0.4504, loss_qp = 0.5746, total loss = -7.6824, acc = 0.8167, lr = 2.511887e-11] (7.8 samples/sec; 15.308 sec/batch)
(E:67, S:2) [loss_dt = 0.3503, loss_qp = 0.4343, total loss = -7.5306, acc = 0.8750, lr = 2.511887e-11] (8.7 samples/sec; 13.820 sec/batch)
(E:67, S:3) [loss_dt = 0.3180, loss_qp = 0.5639, total loss = -7.5916, acc = 0.8583, lr = 2.511887e-11] (9.6 samples/sec; 12.481 sec/batch)
(E:67, S:4) [loss_dt = 0.4924, loss_qp = 0.4770, total loss = -7.4987, acc = 0.7833, lr = 2.511887e-11] (10.7 samples/sec; 11.267 sec/batch)
(E:67, S:5) [loss_dt = 0.4240, loss_qp = 0.5658, total loss = -7.5550, acc = 0.8583, lr = 2.511887e-11] (11.1 samples/sec; 10.824 sec/batch)
(E:67, S:6) [loss_dt = 0.3958, loss_qp = 0.5424, total loss = -7.5735, acc = 0.8417, lr = 2.511887e-11] (11.2 samples/sec; 10.677 sec/batch)
(E:67, S:7) [loss_dt = 0.3692, loss_qp = 0.4446, total loss = -7.4461, acc = 0.7750, lr = 2.511887e-11] (11.4 samples/sec; 10.548 sec/batch)
(E:67, S:8) [loss_dt = 0.4510, loss_qp = 0.5369, total loss = -7.4617, acc = 0.8250, lr = 2.511887e-11] (11.5 samples/sec; 10.414 sec/batch)
(E:67, S:9) [loss_dt = 0.4015, loss_qp = 0.5684, total loss = -7.5279, acc = 0.8083, lr = 2.511887e-11] (11.7 samples/sec; 10.297 sec/batch)
(E:67, S:10) [loss_dt = 0.5963, loss_qp = 0.5508, total loss = -7.5417, acc = 0.7667, lr = 2.511887e-11] (11.7 samples/sec; 10.222 sec/batch)
(E:67, S:11) [loss_dt = 0.3286, loss_qp = 0.6404, total loss = -7.7153, acc = 0.8667, lr = 2.511887e-11] (11.9 samples/sec; 10.121 sec/batch)
(E:67, S:12) [loss_dt = 0.3741, loss_qp = 0.5779, total loss = -7.7733, acc = 0.8167, lr = 2.511887e-11] (12.0 samples/sec; 10.031 sec/batch)
(E:67, S:13) [loss_dt = 0.3831, loss_qp = 0.5121, total loss = -7.7258, acc = 0.8500, lr = 2.511887e-11] (12.1 samples/sec; 9.958 sec/batch)
(E:67, S:14) [loss_dt = 0.4633, loss_qp = 0.5260, total loss = -7.6959, acc = 0.8000, lr = 2.511887e-11] (12.1 samples/sec; 9.908 sec/batch)
(E:67, S:15) [loss_dt = 0.4061, loss_qp = 0.4961, total loss = -7.6298, acc = 0.8500, lr = 2.511887e-11] (12.2 samples/sec; 9.840 sec/batch)
(E:67, S:16) [loss_dt = 0.4441, loss_qp = 0.4916, total loss = -7.5599, acc = 0.8500, lr = 2.511887e-11] (12.2 samples/sec; 9.807 sec/batch)
(E:67, S:17) [loss_dt = 0.3718, loss_qp = 0.6083, total loss = -7.6791, acc = 0.8417, lr = 2.511887e-11] (12.3 samples/sec; 9.752 sec/batch)
(E:67, S:18) [loss_dt = 0.4218, loss_qp = 0.5587, total loss = -7.7071, acc = 0.8167, lr = 2.511887e-11] (12.4 samples/sec; 9.709 sec/batch)
(E:67, S:19) [loss_dt = 0.4229, loss_qp = 0.5198, total loss = -7.6738, acc = 0.8417, lr = 2.511887e-11] (12.4 samples/sec; 9.669 sec/batch)
(E:67, S:20) [loss_dt = 0.4665, loss_qp = 0.5072, total loss = -7.6206, acc = 0.8333, lr = 2.511887e-11] (12.5 samples/sec; 9.632 sec/batch)
(E:67, S:21) [loss_dt = 0.4360, loss_qp = 0.4379, total loss = -7.4718, acc = 0.8000, lr = 2.511887e-11] (12.5 samples/sec; 9.599 sec/batch)
(E:67, S:22) [loss_dt = 0.4393, loss_qp = 0.4871, total loss = -7.4113, acc = 0.8333, lr = 2.511887e-11] (12.5 samples/sec; 9.575 sec/batch)
(E:67, S:23) [loss_dt = 0.4904, loss_qp = 0.5591, total loss = -7.4598, acc = 0.8333, lr = 2.511887e-11] (12.6 samples/sec; 9.555 sec/batch)
(E:67, S:24) [loss_dt = 0.5939, loss_qp = 0.5795, total loss = -7.5237, acc = 0.7417, lr = 2.511887e-11] (12.6 samples/sec; 9.542 sec/batch)
(E:67, S:25) [loss_dt = 0.3944, loss_qp = 0.4769, total loss = -7.4472, acc = 0.8417, lr = 2.511887e-11] (12.6 samples/sec; 9.508 sec/batch)
(E:67, S:26) [loss_dt = 0.3685, loss_qp = 0.5693, total loss = -7.5195, acc = 0.8750, lr = 2.511887e-11] (12.7 samples/sec; 9.480 sec/batch)
(E:67, S:27) [loss_dt = 0.3112, loss_qp = 0.5497, total loss = -7.5611, acc = 0.8667, lr = 2.511887e-11] (12.7 samples/sec; 9.481 sec/batch)
(E:67, S:28) [loss_dt = 0.3944, loss_qp = 0.4630, total loss = -7.4600, acc = 0.8250, lr = 2.511887e-11] (12.7 samples/sec; 9.465 sec/batch)
(E:67, S:29) [loss_dt = 0.3846, loss_qp = 0.5629, total loss = -7.5198, acc = 0.8417, lr = 2.511887e-11] (12.7 samples/sec; 9.449 sec/batch)
(E:67, S:30) [loss_dt = 0.5100, loss_qp = 0.5506, total loss = -7.5427, acc = 0.8000, lr = 2.511887e-11] (12.7 samples/sec; 9.430 sec/batch)
(E:67, S:31) [loss_dt = 0.4529, loss_qp = 0.4622, total loss = -7.4364, acc = 0.7917, lr = 2.511887e-11] (12.7 samples/sec; 9.417 sec/batch)
(E:67, S:32) [loss_dt = 0.3562, loss_qp = 0.4764, total loss = -7.3717, acc = 0.8667, lr = 2.511887e-11] (12.8 samples/sec; 9.409 sec/batch)
(E:67, S:33) [loss_dt = 0.5007, loss_qp = 0.4767, total loss = -7.2995, acc = 0.8167, lr = 2.511887e-11] (12.8 samples/sec; 9.401 sec/batch)
(E:67, S:34) [loss_dt = 0.3151, loss_qp = 0.5644, total loss = -7.3846, acc = 0.8667, lr = 2.511887e-11] (12.8 samples/sec; 9.404 sec/batch)
(E:67, S:35) [loss_dt = 0.4809, loss_qp = 0.5283, total loss = -7.3905, acc = 0.8000, lr = 2.511887e-11] (12.8 samples/sec; 9.398 sec/batch)
(E:67, S:36) [loss_dt = 0.4162, loss_qp = 0.5165, total loss = -7.3846, acc = 0.7917, lr = 2.511887e-11] (12.8 samples/sec; 9.383 sec/batch)
(E:67, S:37) [loss_dt = 0.2776, loss_qp = 0.5334, total loss = -7.4185, acc = 0.8917, lr = 2.511887e-11] (12.8 samples/sec; 9.382 sec/batch)
(E:67, S:38) [loss_dt = 0.4001, loss_qp = 0.4382, total loss = -7.2939, acc = 0.8167, lr = 2.511887e-11] (12.8 samples/sec; 9.367 sec/batch)
(E:67, S:39) [loss_dt = 0.5094, loss_qp = 0.6086, total loss = -7.4264, acc = 0.8000, lr = 2.511887e-11] (12.8 samples/sec; 9.365 sec/batch)
(E:67, S:40) [loss_dt = 0.3739, loss_qp = 0.6564, total loss = -7.6310, acc = 0.8333, lr = 2.511887e-11] (12.8 samples/sec; 9.362 sec/batch)
(E:67, S:41) [loss_dt = 0.5585, loss_qp = 0.5656, total loss = -7.6605, acc = 0.7750, lr = 2.511887e-11] (12.8 samples/sec; 9.355 sec/batch)
(E:67, S:42) [loss_dt = 0.3849, loss_qp = 0.4208, total loss = -7.4872, acc = 0.8417, lr = 2.511887e-11] (12.8 samples/sec; 9.344 sec/batch)
(E:67, S:43) [loss_dt = 0.3761, loss_qp = 0.5864, total loss = -7.5805, acc = 0.8167, lr = 2.511887e-11] (12.8 samples/sec; 9.351 sec/batch)
(E:67, S:44) [loss_dt = 0.3319, loss_qp = 0.4273, total loss = -7.4302, acc = 0.8750, lr = 2.511887e-11] (13.5 samples/sec; 8.896 sec/batch)
(E:67, S:45) [loss_dt = 0.4177, loss_qp = 0.5077, total loss = -7.4070, acc = 0.8333, lr = 2.511887e-11] (14.9 samples/sec; 8.040 sec/batch)
(E:67, S:46) [loss_dt = 0.4272, loss_qp = 0.5534, total loss = -7.4536, acc = 0.8333, lr = 2.511887e-11] (16.5 samples/sec; 7.267 sec/batch)
(E:67, S:47) [loss_dt = 0.3540, loss_qp = 0.4920, total loss = -7.4108, acc = 0.8250, lr = 2.511887e-11] (18.3 samples/sec; 6.572 sec/batch)
(E:67, S:48) [loss_dt = 0.3475, loss_qp = 0.5857, total loss = -7.5136, acc = 0.8500, lr = 2.511887e-11] (20.2 samples/sec; 5.946 sec/batch)
(E:67, S:49) [loss_dt = 0.6392, loss_qp = 0.4723, total loss = -7.4067, acc = 0.7250, lr = 2.511887e-11] (22.3 samples/sec; 5.381 sec/batch)
(E:67, S:50) [loss_dt = 0.3436, loss_qp = 0.5015, total loss = -7.3840, acc = 0.8417, lr = 2.511887e-11] (24.6 samples/sec; 4.873 sec/batch)
(E:67, S:51) [loss_dt = 0.3698, loss_qp = 0.5242, total loss = -7.3949, acc = 0.8417, lr = 2.511887e-11] (27.2 samples/sec; 4.417 sec/batch)
PLCC: 0.4423, SROCC: 0.4071, Acc: 0.7615
(E:68, S:0) [loss_dt = 0.3785, loss_qp = 0.4651, total loss = -7.3152, acc = 0.8250, lr = 1.995262e-11] (7.1 samples/sec; 16.945 sec/batch)
(E:68, S:1) [loss_dt = 0.3404, loss_qp = 0.5530, total loss = -7.3791, acc = 0.8250, lr = 1.995262e-11] (7.8 samples/sec; 15.293 sec/batch)
(E:68, S:2) [loss_dt = 0.4774, loss_qp = 0.4993, total loss = -7.3424, acc = 0.7833, lr = 1.995262e-11] (8.7 samples/sec; 13.801 sec/batch)
(E:68, S:3) [loss_dt = 0.5128, loss_qp = 0.3891, total loss = -7.1405, acc = 0.7750, lr = 1.995262e-11] (9.6 samples/sec; 12.456 sec/batch)
(E:68, S:4) [loss_dt = 0.4304, loss_qp = 0.6030, total loss = -7.2878, acc = 0.8250, lr = 1.995262e-11] (10.7 samples/sec; 11.245 sec/batch)
(E:68, S:5) [loss_dt = 0.4701, loss_qp = 0.4239, total loss = -7.1479, acc = 0.7750, lr = 1.995262e-11] (11.1 samples/sec; 10.818 sec/batch)
(E:68, S:6) [loss_dt = 0.3655, loss_qp = 0.6230, total loss = -7.3310, acc = 0.8417, lr = 1.995262e-11] (11.2 samples/sec; 10.668 sec/batch)
(E:68, S:7) [loss_dt = 0.4300, loss_qp = 0.5256, total loss = -7.3433, acc = 0.8250, lr = 1.995262e-11] (11.4 samples/sec; 10.531 sec/batch)
(E:68, S:8) [loss_dt = 0.4257, loss_qp = 0.4868, total loss = -7.2966, acc = 0.8333, lr = 1.995262e-11] (11.5 samples/sec; 10.406 sec/batch)
(E:68, S:9) [loss_dt = 0.3965, loss_qp = 0.6189, total loss = -7.4556, acc = 0.8417, lr = 1.995262e-11] (11.6 samples/sec; 10.316 sec/batch)
(E:68, S:10) [loss_dt = 0.3681, loss_qp = 0.5335, total loss = -7.4735, acc = 0.8250, lr = 1.995262e-11] (11.7 samples/sec; 10.222 sec/batch)
(E:68, S:11) [loss_dt = 0.5833, loss_qp = 0.4203, total loss = -7.2983, acc = 0.7750, lr = 1.995262e-11] (11.8 samples/sec; 10.140 sec/batch)
(E:68, S:12) [loss_dt = 0.4091, loss_qp = 0.5529, total loss = -7.3569, acc = 0.7833, lr = 1.995262e-11] (11.9 samples/sec; 10.063 sec/batch)
(E:68, S:13) [loss_dt = 0.3820, loss_qp = 0.4938, total loss = -7.3237, acc = 0.8333, lr = 1.995262e-11] (12.0 samples/sec; 9.994 sec/batch)
(E:68, S:14) [loss_dt = 0.5723, loss_qp = 0.4390, total loss = -7.1926, acc = 0.7750, lr = 1.995262e-11] (12.1 samples/sec; 9.942 sec/batch)
(E:68, S:15) [loss_dt = 0.3949, loss_qp = 0.5308, total loss = -7.2300, acc = 0.8500, lr = 1.995262e-11] (12.1 samples/sec; 9.932 sec/batch)
(E:68, S:16) [loss_dt = 0.4234, loss_qp = 0.6075, total loss = -7.3760, acc = 0.8417, lr = 1.995262e-11] (12.1 samples/sec; 9.878 sec/batch)
(E:68, S:17) [loss_dt = 0.4537, loss_qp = 0.5813, total loss = -7.4650, acc = 0.8000, lr = 1.995262e-11] (12.2 samples/sec; 9.844 sec/batch)
(E:68, S:18) [loss_dt = 0.4298, loss_qp = 0.5584, total loss = -7.5130, acc = 0.8083, lr = 1.995262e-11] (12.2 samples/sec; 9.807 sec/batch)
(E:68, S:19) [loss_dt = 0.5347, loss_qp = 0.5915, total loss = -7.5955, acc = 0.7917, lr = 1.995262e-11] (12.3 samples/sec; 9.757 sec/batch)
(E:68, S:20) [loss_dt = 0.5507, loss_qp = 0.4487, total loss = -7.4539, acc = 0.7667, lr = 1.995262e-11] (12.3 samples/sec; 9.718 sec/batch)
(E:68, S:21) [loss_dt = 0.2713, loss_qp = 0.5849, total loss = -7.5588, acc = 0.9083, lr = 1.995262e-11] (12.4 samples/sec; 9.689 sec/batch)
(E:68, S:22) [loss_dt = 0.3429, loss_qp = 0.5113, total loss = -7.5356, acc = 0.8667, lr = 1.995262e-11] (12.4 samples/sec; 9.652 sec/batch)
(E:68, S:23) [loss_dt = 0.6129, loss_qp = 0.4309, total loss = -7.3671, acc = 0.7333, lr = 1.995262e-11] (12.5 samples/sec; 9.622 sec/batch)
(E:68, S:24) [loss_dt = 0.5165, loss_qp = 0.4308, total loss = -7.2249, acc = 0.8250, lr = 1.995262e-11] (12.5 samples/sec; 9.600 sec/batch)
(E:68, S:25) [loss_dt = 0.5869, loss_qp = 0.4516, total loss = -7.1211, acc = 0.7583, lr = 1.995262e-11] (12.6 samples/sec; 9.559 sec/batch)
(E:68, S:26) [loss_dt = 0.1842, loss_qp = 0.5323, total loss = -7.1890, acc = 0.9500, lr = 1.995262e-11] (12.6 samples/sec; 9.525 sec/batch)
(E:68, S:27) [loss_dt = 0.4392, loss_qp = 0.6497, total loss = -7.4007, acc = 0.8250, lr = 1.995262e-11] (12.6 samples/sec; 9.510 sec/batch)
(E:68, S:28) [loss_dt = 0.6217, loss_qp = 0.6438, total loss = -7.5640, acc = 0.7667, lr = 1.995262e-11] (12.6 samples/sec; 9.519 sec/batch)
(E:68, S:29) [loss_dt = 0.3664, loss_qp = 0.3841, total loss = -7.3472, acc = 0.8167, lr = 1.995262e-11] (12.6 samples/sec; 9.497 sec/batch)
(E:68, S:30) [loss_dt = 0.5678, loss_qp = 0.5350, total loss = -7.3582, acc = 0.7500, lr = 1.995262e-11] (12.7 samples/sec; 9.473 sec/batch)
(E:68, S:31) [loss_dt = 0.3939, loss_qp = 0.4945, total loss = -7.3247, acc = 0.8167, lr = 1.995262e-11] (12.7 samples/sec; 9.458 sec/batch)
(E:68, S:32) [loss_dt = 0.3797, loss_qp = 0.4888, total loss = -7.2874, acc = 0.8167, lr = 1.995262e-11] (12.7 samples/sec; 9.437 sec/batch)
(E:68, S:33) [loss_dt = 0.2551, loss_qp = 0.5655, total loss = -7.3815, acc = 0.8917, lr = 1.995262e-11] (12.7 samples/sec; 9.425 sec/batch)
(E:68, S:34) [loss_dt = 0.4120, loss_qp = 0.5210, total loss = -7.3836, acc = 0.7917, lr = 1.995262e-11] (12.7 samples/sec; 9.438 sec/batch)
(E:68, S:35) [loss_dt = 0.3830, loss_qp = 0.4653, total loss = -7.3049, acc = 0.8500, lr = 1.995262e-11] (12.7 samples/sec; 9.425 sec/batch)
(E:68, S:36) [loss_dt = 0.4643, loss_qp = 0.5850, total loss = -7.4055, acc = 0.8500, lr = 1.995262e-11] (12.7 samples/sec; 9.428 sec/batch)
(E:68, S:37) [loss_dt = 0.4326, loss_qp = 0.4975, total loss = -7.3679, acc = 0.8083, lr = 1.995262e-11] (12.7 samples/sec; 9.425 sec/batch)
(E:68, S:38) [loss_dt = 0.3972, loss_qp = 0.6255, total loss = -7.5297, acc = 0.8250, lr = 1.995262e-11] (12.8 samples/sec; 9.401 sec/batch)
(E:68, S:39) [loss_dt = 0.3565, loss_qp = 0.5300, total loss = -7.5361, acc = 0.8250, lr = 1.995262e-11] (12.8 samples/sec; 9.395 sec/batch)
(E:68, S:40) [loss_dt = 0.3819, loss_qp = 0.6426, total loss = -7.7082, acc = 0.8250, lr = 1.995262e-11] (12.8 samples/sec; 9.395 sec/batch)
(E:68, S:41) [loss_dt = 0.3306, loss_qp = 0.4519, total loss = -7.5822, acc = 0.8917, lr = 1.995262e-11] (12.8 samples/sec; 9.382 sec/batch)
(E:68, S:42) [loss_dt = 0.4175, loss_qp = 0.4761, total loss = -7.4964, acc = 0.8250, lr = 1.995262e-11] (12.8 samples/sec; 9.390 sec/batch)
(E:68, S:43) [loss_dt = 0.4677, loss_qp = 0.5187, total loss = -7.4782, acc = 0.7833, lr = 1.995262e-11] (12.8 samples/sec; 9.381 sec/batch)
(E:68, S:44) [loss_dt = 0.5124, loss_qp = 0.4930, total loss = -7.4186, acc = 0.7833, lr = 1.995262e-11] (13.5 samples/sec; 8.916 sec/batch)
(E:68, S:45) [loss_dt = 0.4128, loss_qp = 0.5562, total loss = -7.4697, acc = 0.8250, lr = 1.995262e-11] (14.9 samples/sec; 8.062 sec/batch)
(E:68, S:46) [loss_dt = 0.4419, loss_qp = 0.5214, total loss = -7.4607, acc = 0.7917, lr = 1.995262e-11] (16.5 samples/sec; 7.289 sec/batch)
(E:68, S:47) [loss_dt = 0.3620, loss_qp = 0.5465, total loss = -7.4983, acc = 0.8583, lr = 1.995262e-11] (18.2 samples/sec; 6.593 sec/batch)
(E:68, S:48) [loss_dt = 0.4922, loss_qp = 0.4898, total loss = -7.4339, acc = 0.7917, lr = 1.995262e-11] (20.1 samples/sec; 5.968 sec/batch)
(E:68, S:49) [loss_dt = 0.3988, loss_qp = 0.5953, total loss = -7.5436, acc = 0.8250, lr = 1.995262e-11] (22.2 samples/sec; 5.404 sec/batch)
(E:68, S:50) [loss_dt = 0.3239, loss_qp = 0.4707, total loss = -7.4630, acc = 0.8667, lr = 1.995262e-11] (24.5 samples/sec; 4.894 sec/batch)
(E:68, S:51) [loss_dt = 0.4617, loss_qp = 0.5207, total loss = -7.4516, acc = 0.8167, lr = 1.995262e-11] (27.0 samples/sec; 4.436 sec/batch)
PLCC: 0.4605, SROCC: 0.4294, Acc: 0.7538
(E:69, S:0) [loss_dt = 0.5179, loss_qp = 0.5616, total loss = -7.4970, acc = 0.7750, lr = 1.584893e-11] (7.1 samples/sec; 16.925 sec/batch)
(E:69, S:1) [loss_dt = 0.3827, loss_qp = 0.4288, total loss = -7.3523, acc = 0.8417, lr = 1.584893e-11] (7.9 samples/sec; 15.276 sec/batch)
(E:69, S:2) [loss_dt = 0.4643, loss_qp = 0.4781, total loss = -7.2878, acc = 0.7750, lr = 1.584893e-11] (8.7 samples/sec; 13.793 sec/batch)
(E:69, S:3) [loss_dt = 0.3779, loss_qp = 0.5857, total loss = -7.3998, acc = 0.7917, lr = 1.584893e-11] (9.6 samples/sec; 12.451 sec/batch)
(E:69, S:4) [loss_dt = 0.4242, loss_qp = 0.6128, total loss = -7.5367, acc = 0.8083, lr = 1.584893e-11] (10.7 samples/sec; 11.240 sec/batch)
(E:69, S:5) [loss_dt = 0.3383, loss_qp = 0.4970, total loss = -7.4947, acc = 0.8833, lr = 1.584893e-11] (11.1 samples/sec; 10.804 sec/batch)
(E:69, S:6) [loss_dt = 0.4197, loss_qp = 0.5568, total loss = -7.5384, acc = 0.8167, lr = 1.584893e-11] (11.2 samples/sec; 10.668 sec/batch)
(E:69, S:7) [loss_dt = 0.5310, loss_qp = 0.4667, total loss = -7.4315, acc = 0.7333, lr = 1.584893e-11] (11.4 samples/sec; 10.532 sec/batch)
(E:69, S:8) [loss_dt = 0.4511, loss_qp = 0.6405, total loss = -7.6040, acc = 0.8250, lr = 1.584893e-11] (11.5 samples/sec; 10.400 sec/batch)
(E:69, S:9) [loss_dt = 0.5498, loss_qp = 0.4935, total loss = -7.5289, acc = 0.7750, lr = 1.584893e-11] (11.6 samples/sec; 10.308 sec/batch)
(E:69, S:10) [loss_dt = 0.5523, loss_qp = 0.5778, total loss = -7.5876, acc = 0.7417, lr = 1.584893e-11] (11.7 samples/sec; 10.256 sec/batch)
(E:69, S:11) [loss_dt = 0.4412, loss_qp = 0.4895, total loss = -7.5189, acc = 0.7583, lr = 1.584893e-11] (11.8 samples/sec; 10.161 sec/batch)
(E:69, S:12) [loss_dt = 0.3372, loss_qp = 0.5021, total loss = -7.4865, acc = 0.8417, lr = 1.584893e-11] (11.9 samples/sec; 10.072 sec/batch)
(E:69, S:13) [loss_dt = 0.4305, loss_qp = 0.5983, total loss = -7.5922, acc = 0.8333, lr = 1.584893e-11] (12.0 samples/sec; 9.995 sec/batch)
(E:69, S:14) [loss_dt = 0.4222, loss_qp = 0.5568, total loss = -7.6259, acc = 0.8500, lr = 1.584893e-11] (12.1 samples/sec; 9.936 sec/batch)
(E:69, S:15) [loss_dt = 0.3527, loss_qp = 0.5099, total loss = -7.5928, acc = 0.8333, lr = 1.584893e-11] (12.1 samples/sec; 9.880 sec/batch)
(E:69, S:16) [loss_dt = 0.4880, loss_qp = 0.6157, total loss = -7.7083, acc = 0.7750, lr = 1.584893e-11] (12.2 samples/sec; 9.834 sec/batch)
(E:69, S:17) [loss_dt = 0.3269, loss_qp = 0.5567, total loss = -7.7398, acc = 0.8417, lr = 1.584893e-11] (12.2 samples/sec; 9.797 sec/batch)
(E:69, S:18) [loss_dt = 0.3590, loss_qp = 0.5119, total loss = -7.6978, acc = 0.8500, lr = 1.584893e-11] (12.3 samples/sec; 9.771 sec/batch)
(E:69, S:19) [loss_dt = 0.5625, loss_qp = 0.5243, total loss = -7.6583, acc = 0.7917, lr = 1.584893e-11] (12.3 samples/sec; 9.722 sec/batch)
(E:69, S:20) [loss_dt = 0.5028, loss_qp = 0.4648, total loss = -7.5393, acc = 0.8083, lr = 1.584893e-11] (12.4 samples/sec; 9.693 sec/batch)
(E:69, S:21) [loss_dt = 0.3749, loss_qp = 0.5652, total loss = -7.5956, acc = 0.8500, lr = 1.584893e-11] (12.4 samples/sec; 9.667 sec/batch)
(E:69, S:22) [loss_dt = 0.3091, loss_qp = 0.5384, total loss = -7.6128, acc = 0.8917, lr = 1.584893e-11] (12.4 samples/sec; 9.641 sec/batch)
(E:69, S:23) [loss_dt = 0.4343, loss_qp = 0.5463, total loss = -7.6274, acc = 0.8250, lr = 1.584893e-11] (12.5 samples/sec; 9.608 sec/batch)
(E:69, S:24) [loss_dt = 0.4612, loss_qp = 0.4355, total loss = -7.4718, acc = 0.8167, lr = 1.584893e-11] (12.5 samples/sec; 9.590 sec/batch)
(E:69, S:25) [loss_dt = 0.3413, loss_qp = 0.6191, total loss = -7.6192, acc = 0.8667, lr = 1.584893e-11] (12.6 samples/sec; 9.550 sec/batch)
(E:69, S:26) [loss_dt = 0.4914, loss_qp = 0.4978, total loss = -7.5548, acc = 0.7917, lr = 1.584893e-11] (12.6 samples/sec; 9.515 sec/batch)
(E:69, S:27) [loss_dt = 0.3770, loss_qp = 0.3701, total loss = -7.3168, acc = 0.8417, lr = 1.584893e-11] (12.6 samples/sec; 9.490 sec/batch)
(E:69, S:28) [loss_dt = 0.3775, loss_qp = 0.5497, total loss = -7.3719, acc = 0.8167, lr = 1.584893e-11] (12.7 samples/sec; 9.475 sec/batch)
(E:69, S:29) [loss_dt = 0.4061, loss_qp = 0.6109, total loss = -7.5104, acc = 0.8083, lr = 1.584893e-11] (12.7 samples/sec; 9.475 sec/batch)
(E:69, S:30) [loss_dt = 0.4292, loss_qp = 0.4239, total loss = -7.3523, acc = 0.8083, lr = 1.584893e-11] (12.6 samples/sec; 9.495 sec/batch)
(E:69, S:31) [loss_dt = 0.4600, loss_qp = 0.5580, total loss = -7.4080, acc = 0.8083, lr = 1.584893e-11] (12.7 samples/sec; 9.475 sec/batch)
(E:69, S:32) [loss_dt = 0.3544, loss_qp = 0.5759, total loss = -7.4956, acc = 0.8667, lr = 1.584893e-11] (12.7 samples/sec; 9.452 sec/batch)
(E:69, S:33) [loss_dt = 0.4181, loss_qp = 0.5817, total loss = -7.5769, acc = 0.8500, lr = 1.584893e-11] (12.7 samples/sec; 9.446 sec/batch)
(E:69, S:34) [loss_dt = 0.3375, loss_qp = 0.5289, total loss = -7.5788, acc = 0.8167, lr = 1.584893e-11] (12.7 samples/sec; 9.442 sec/batch)
(E:69, S:35) [loss_dt = 0.3351, loss_qp = 0.4862, total loss = -7.5166, acc = 0.8167, lr = 1.584893e-11] (12.7 samples/sec; 9.435 sec/batch)
(E:69, S:36) [loss_dt = 0.4708, loss_qp = 0.5891, total loss = -7.6015, acc = 0.7917, lr = 1.584893e-11] (12.7 samples/sec; 9.427 sec/batch)
(E:69, S:37) [loss_dt = 0.3888, loss_qp = 0.5420, total loss = -7.6155, acc = 0.8167, lr = 1.584893e-11] (12.7 samples/sec; 9.428 sec/batch)
(E:69, S:38) [loss_dt = 0.5332, loss_qp = 0.5130, total loss = -7.5701, acc = 0.7917, lr = 1.584893e-11] (12.8 samples/sec; 9.409 sec/batch)
(E:69, S:39) [loss_dt = 0.4574, loss_qp = 0.5680, total loss = -7.6194, acc = 0.8083, lr = 1.584893e-11] (12.8 samples/sec; 9.403 sec/batch)
(E:69, S:40) [loss_dt = 0.2965, loss_qp = 0.5136, total loss = -7.5982, acc = 0.8750, lr = 1.584893e-11] (12.8 samples/sec; 9.404 sec/batch)
(E:69, S:41) [loss_dt = 0.4051, loss_qp = 0.5541, total loss = -7.6291, acc = 0.8083, lr = 1.584893e-11] (12.8 samples/sec; 9.394 sec/batch)
(E:69, S:42) [loss_dt = 0.3199, loss_qp = 0.4289, total loss = -7.4775, acc = 0.8583, lr = 1.584893e-11] (12.8 samples/sec; 9.379 sec/batch)
(E:69, S:43) [loss_dt = 0.4958, loss_qp = 0.5412, total loss = -7.4919, acc = 0.8083, lr = 1.584893e-11] (12.8 samples/sec; 9.367 sec/batch)
(E:69, S:44) [loss_dt = 0.4212, loss_qp = 0.5915, total loss = -7.5879, acc = 0.8250, lr = 1.584893e-11] (13.5 samples/sec; 8.905 sec/batch)
(E:69, S:45) [loss_dt = 0.4127, loss_qp = 0.6210, total loss = -7.7193, acc = 0.8333, lr = 1.584893e-11] (14.9 samples/sec; 8.048 sec/batch)
(E:69, S:46) [loss_dt = 0.4036, loss_qp = 0.5720, total loss = -7.7650, acc = 0.8167, lr = 1.584893e-11] (16.5 samples/sec; 7.279 sec/batch)
(E:69, S:47) [loss_dt = 0.4510, loss_qp = 0.5238, total loss = -7.7291, acc = 0.7833, lr = 1.584893e-11] (18.2 samples/sec; 6.587 sec/batch)
(E:69, S:48) [loss_dt = 0.3238, loss_qp = 0.4792, total loss = -7.6425, acc = 0.8500, lr = 1.584893e-11] (20.1 samples/sec; 5.962 sec/batch)
(E:69, S:49) [loss_dt = 0.6115, loss_qp = 0.5029, total loss = -7.5716, acc = 0.7583, lr = 1.584893e-11] (22.2 samples/sec; 5.398 sec/batch)
(E:69, S:50) [loss_dt = 0.4407, loss_qp = 0.6105, total loss = -7.6861, acc = 0.8250, lr = 1.584893e-11] (24.5 samples/sec; 4.893 sec/batch)
(E:69, S:51) [loss_dt = 0.4358, loss_qp = 0.5285, total loss = -7.6667, acc = 0.7917, lr = 1.584893e-11] (27.0 samples/sec; 4.436 sec/batch)
PLCC: 0.4477, SROCC: 0.4069, Acc: 0.7647
(E:70, S:0) [loss_dt = 0.5603, loss_qp = 0.5534, total loss = -7.6740, acc = 0.7250, lr = 1.258925e-11] (7.0 samples/sec; 17.058 sec/batch)
(E:70, S:1) [loss_dt = 0.3584, loss_qp = 0.4710, total loss = -7.5773, acc = 0.8583, lr = 1.258925e-11] (7.8 samples/sec; 15.398 sec/batch)
(E:70, S:2) [loss_dt = 0.3733, loss_qp = 0.5494, total loss = -7.6064, acc = 0.8417, lr = 1.258925e-11] (8.6 samples/sec; 13.903 sec/batch)
(E:70, S:3) [loss_dt = 0.3221, loss_qp = 0.5131, total loss = -7.5832, acc = 0.8667, lr = 1.258925e-11] (9.6 samples/sec; 12.555 sec/batch)
(E:70, S:4) [loss_dt = 0.3553, loss_qp = 0.5316, total loss = -7.5867, acc = 0.8417, lr = 1.258925e-11] (10.6 samples/sec; 11.335 sec/batch)
(E:70, S:5) [loss_dt = 0.4278, loss_qp = 0.6753, total loss = -7.7982, acc = 0.8083, lr = 1.258925e-11] (11.1 samples/sec; 10.824 sec/batch)
(E:70, S:6) [loss_dt = 0.3902, loss_qp = 0.5220, total loss = -7.7624, acc = 0.8500, lr = 1.258925e-11] (11.2 samples/sec; 10.680 sec/batch)
(E:70, S:7) [loss_dt = 0.4059, loss_qp = 0.5960, total loss = -7.8395, acc = 0.8167, lr = 1.258925e-11] (11.4 samples/sec; 10.544 sec/batch)
(E:70, S:8) [loss_dt = 0.3302, loss_qp = 0.5330, total loss = -7.8221, acc = 0.8333, lr = 1.258925e-11] (11.5 samples/sec; 10.418 sec/batch)
(E:70, S:9) [loss_dt = 0.5717, loss_qp = 0.3984, total loss = -7.5802, acc = 0.7750, lr = 1.258925e-11] (11.6 samples/sec; 10.304 sec/batch)
(E:70, S:10) [loss_dt = 0.2933, loss_qp = 0.5690, total loss = -7.6464, acc = 0.8667, lr = 1.258925e-11] (11.7 samples/sec; 10.227 sec/batch)
(E:70, S:11) [loss_dt = 0.6511, loss_qp = 0.5949, total loss = -7.7090, acc = 0.7583, lr = 1.258925e-11] (11.8 samples/sec; 10.127 sec/batch)
(E:70, S:12) [loss_dt = 0.5692, loss_qp = 0.6123, total loss = -7.7996, acc = 0.7833, lr = 1.258925e-11] (12.0 samples/sec; 10.040 sec/batch)
(E:70, S:13) [loss_dt = 0.4794, loss_qp = 0.4878, total loss = -7.7035, acc = 0.8000, lr = 1.258925e-11] (12.0 samples/sec; 9.959 sec/batch)
(E:70, S:14) [loss_dt = 0.4055, loss_qp = 0.4718, total loss = -7.6002, acc = 0.8500, lr = 1.258925e-11] (12.1 samples/sec; 9.898 sec/batch)
(E:70, S:15) [loss_dt = 0.3383, loss_qp = 0.5205, total loss = -7.5871, acc = 0.8250, lr = 1.258925e-11] (12.2 samples/sec; 9.831 sec/batch)
(E:70, S:16) [loss_dt = 0.4891, loss_qp = 0.5644, total loss = -7.6261, acc = 0.7667, lr = 1.258925e-11] (12.3 samples/sec; 9.786 sec/batch)
(E:70, S:17) [loss_dt = 0.4919, loss_qp = 0.5437, total loss = -7.6299, acc = 0.8167, lr = 1.258925e-11] (12.3 samples/sec; 9.742 sec/batch)
(E:70, S:18) [loss_dt = 0.3266, loss_qp = 0.5347, total loss = -7.6363, acc = 0.8500, lr = 1.258925e-11] (12.3 samples/sec; 9.732 sec/batch)
(E:70, S:19) [loss_dt = 0.4870, loss_qp = 0.4789, total loss = -7.5423, acc = 0.8167, lr = 1.258925e-11] (12.4 samples/sec; 9.686 sec/batch)
(E:70, S:20) [loss_dt = 0.3124, loss_qp = 0.4936, total loss = -7.4972, acc = 0.8500, lr = 1.258925e-11] (12.4 samples/sec; 9.646 sec/batch)
(E:70, S:21) [loss_dt = 0.3544, loss_qp = 0.4395, total loss = -7.3714, acc = 0.8417, lr = 1.258925e-11] (12.5 samples/sec; 9.610 sec/batch)
(E:70, S:22) [loss_dt = 0.4227, loss_qp = 0.5431, total loss = -7.4066, acc = 0.8500, lr = 1.258925e-11] (12.5 samples/sec; 9.595 sec/batch)
(E:70, S:23) [loss_dt = 0.3553, loss_qp = 0.5715, total loss = -7.4877, acc = 0.8250, lr = 1.258925e-11] (12.6 samples/sec; 9.557 sec/batch)
(E:70, S:24) [loss_dt = 0.4266, loss_qp = 0.5349, total loss = -7.4986, acc = 0.8167, lr = 1.258925e-11] (12.6 samples/sec; 9.539 sec/batch)
(E:70, S:25) [loss_dt = 0.4892, loss_qp = 0.4955, total loss = -7.4431, acc = 0.7917, lr = 1.258925e-11] (12.6 samples/sec; 9.518 sec/batch)
(E:70, S:26) [loss_dt = 0.3441, loss_qp = 0.5810, total loss = -7.5359, acc = 0.8083, lr = 1.258925e-11] (12.6 samples/sec; 9.489 sec/batch)
(E:70, S:27) [loss_dt = 0.4100, loss_qp = 0.5574, total loss = -7.5774, acc = 0.8167, lr = 1.258925e-11] (12.7 samples/sec; 9.470 sec/batch)
(E:70, S:28) [loss_dt = 0.4193, loss_qp = 0.5562, total loss = -7.6120, acc = 0.8250, lr = 1.258925e-11] (12.7 samples/sec; 9.461 sec/batch)
(E:70, S:29) [loss_dt = 0.3634, loss_qp = 0.5341, total loss = -7.6155, acc = 0.8250, lr = 1.258925e-11] (12.7 samples/sec; 9.445 sec/batch)
(E:70, S:30) [loss_dt = 0.5301, loss_qp = 0.5995, total loss = -7.7002, acc = 0.7833, lr = 1.258925e-11] (12.7 samples/sec; 9.421 sec/batch)
(E:70, S:31) [loss_dt = 0.3001, loss_qp = 0.4340, total loss = -7.5511, acc = 0.8583, lr = 1.258925e-11] (12.8 samples/sec; 9.401 sec/batch)
(E:70, S:32) [loss_dt = 0.4027, loss_qp = 0.5366, total loss = -7.5607, acc = 0.8167, lr = 1.258925e-11] (12.8 samples/sec; 9.385 sec/batch)
(E:70, S:33) [loss_dt = 0.3700, loss_qp = 0.4549, total loss = -7.4500, acc = 0.8083, lr = 1.258925e-11] (12.8 samples/sec; 9.380 sec/batch)
(E:70, S:34) [loss_dt = 0.3936, loss_qp = 0.4967, total loss = -7.4108, acc = 0.8250, lr = 1.258925e-11] (12.8 samples/sec; 9.389 sec/batch)
(E:70, S:35) [loss_dt = 0.4283, loss_qp = 0.5824, total loss = -7.5004, acc = 0.7917, lr = 1.258925e-11] (12.8 samples/sec; 9.394 sec/batch)
(E:70, S:36) [loss_dt = 0.3861, loss_qp = 0.4484, total loss = -7.3844, acc = 0.8250, lr = 1.258925e-11] (12.8 samples/sec; 9.379 sec/batch)
(E:70, S:37) [loss_dt = 0.4302, loss_qp = 0.6426, total loss = -7.5668, acc = 0.8167, lr = 1.258925e-11] (12.8 samples/sec; 9.379 sec/batch)
(E:70, S:38) [loss_dt = 0.3324, loss_qp = 0.5488, total loss = -7.6001, acc = 0.8417, lr = 1.258925e-11] (12.8 samples/sec; 9.368 sec/batch)
(E:70, S:39) [loss_dt = 0.4986, loss_qp = 0.4575, total loss = -7.4764, acc = 0.8250, lr = 1.258925e-11] (12.8 samples/sec; 9.373 sec/batch)
(E:70, S:40) [loss_dt = 0.4943, loss_qp = 0.5748, total loss = -7.5415, acc = 0.8000, lr = 1.258925e-11] (12.8 samples/sec; 9.375 sec/batch)
(E:70, S:41) [loss_dt = 0.3345, loss_qp = 0.4582, total loss = -7.4411, acc = 0.8417, lr = 1.258925e-11] (12.8 samples/sec; 9.376 sec/batch)
(E:70, S:42) [loss_dt = 0.2923, loss_qp = 0.5634, total loss = -7.5129, acc = 0.8417, lr = 1.258925e-11] (12.8 samples/sec; 9.364 sec/batch)
(E:70, S:43) [loss_dt = 0.3776, loss_qp = 0.4956, total loss = -7.4673, acc = 0.8750, lr = 1.258925e-11] (12.8 samples/sec; 9.363 sec/batch)
(E:70, S:44) [loss_dt = 0.3794, loss_qp = 0.5263, total loss = -7.4720, acc = 0.8417, lr = 1.258925e-11] (13.5 samples/sec; 8.902 sec/batch)
(E:70, S:45) [loss_dt = 0.3420, loss_qp = 0.4655, total loss = -7.3888, acc = 0.8583, lr = 1.258925e-11] (14.9 samples/sec; 8.043 sec/batch)
(E:70, S:46) [loss_dt = 0.4393, loss_qp = 0.4632, total loss = -7.3008, acc = 0.8333, lr = 1.258925e-11] (16.5 samples/sec; 7.271 sec/batch)
(E:70, S:47) [loss_dt = 0.4466, loss_qp = 0.6152, total loss = -7.4489, acc = 0.8000, lr = 1.258925e-11] (18.2 samples/sec; 6.577 sec/batch)
(E:70, S:48) [loss_dt = 0.3605, loss_qp = 0.5835, total loss = -7.5432, acc = 0.8500, lr = 1.258925e-11] (20.1 samples/sec; 5.957 sec/batch)
(E:70, S:49) [loss_dt = 0.3947, loss_qp = 0.4635, total loss = -7.4447, acc = 0.8500, lr = 1.258925e-11] (22.2 samples/sec; 5.395 sec/batch)
(E:70, S:50) [loss_dt = 0.4747, loss_qp = 0.5368, total loss = -7.4579, acc = 0.7917, lr = 1.258925e-11] (24.5 samples/sec; 4.891 sec/batch)
(E:70, S:51) [loss_dt = 0.4114, loss_qp = 0.4247, total loss = -7.3080, acc = 0.8417, lr = 1.258925e-11] (27.0 samples/sec; 4.439 sec/batch)
PLCC: 0.4530, SROCC: 0.4167, Acc: 0.7583
(E:71, S:0) [loss_dt = 0.3635, loss_qp = 0.5590, total loss = -7.3793, acc = 0.8333, lr = 9.999996e-12] (7.1 samples/sec; 16.939 sec/batch)
(E:71, S:1) [loss_dt = 0.4279, loss_qp = 0.4655, total loss = -7.2968, acc = 0.8417, lr = 9.999996e-12] (7.8 samples/sec; 15.290 sec/batch)
(E:71, S:2) [loss_dt = 0.4509, loss_qp = 0.5516, total loss = -7.3494, acc = 0.7500, lr = 9.999996e-12] (8.7 samples/sec; 13.805 sec/batch)
(E:71, S:3) [loss_dt = 0.4337, loss_qp = 0.5712, total loss = -7.4279, acc = 0.8417, lr = 9.999996e-12] (9.6 samples/sec; 12.470 sec/batch)
(E:71, S:4) [loss_dt = 0.4991, loss_qp = 0.4714, total loss = -7.3423, acc = 0.7583, lr = 9.999996e-12] (10.7 samples/sec; 11.260 sec/batch)
(E:71, S:5) [loss_dt = 0.2661, loss_qp = 0.6005, total loss = -7.4822, acc = 0.8667, lr = 9.999996e-12] (11.0 samples/sec; 10.868 sec/batch)
(E:71, S:6) [loss_dt = 0.4232, loss_qp = 0.5942, total loss = -7.5830, acc = 0.8250, lr = 9.999996e-12] (11.2 samples/sec; 10.714 sec/batch)
(E:71, S:7) [loss_dt = 0.4324, loss_qp = 0.5578, total loss = -7.6181, acc = 0.7917, lr = 9.999996e-12] (11.3 samples/sec; 10.584 sec/batch)
(E:71, S:8) [loss_dt = 0.3363, loss_qp = 0.5382, total loss = -7.6299, acc = 0.8667, lr = 9.999996e-12] (11.5 samples/sec; 10.452 sec/batch)
(E:71, S:9) [loss_dt = 0.4045, loss_qp = 0.4111, total loss = -7.4432, acc = 0.8417, lr = 9.999996e-12] (11.6 samples/sec; 10.349 sec/batch)
(E:71, S:10) [loss_dt = 0.4602, loss_qp = 0.4742, total loss = -7.3642, acc = 0.8167, lr = 9.999996e-12] (11.7 samples/sec; 10.261 sec/batch)
(E:71, S:11) [loss_dt = 0.4161, loss_qp = 0.5581, total loss = -7.4233, acc = 0.8000, lr = 9.999996e-12] (11.8 samples/sec; 10.180 sec/batch)
(E:71, S:12) [loss_dt = 0.4698, loss_qp = 0.5086, total loss = -7.3969, acc = 0.8250, lr = 9.999996e-12] (11.9 samples/sec; 10.093 sec/batch)
(E:71, S:13) [loss_dt = 0.5324, loss_qp = 0.5621, total loss = -7.4472, acc = 0.7667, lr = 9.999996e-12] (12.0 samples/sec; 10.018 sec/batch)
(E:71, S:14) [loss_dt = 0.3250, loss_qp = 0.4368, total loss = -7.3251, acc = 0.8833, lr = 9.999996e-12] (12.1 samples/sec; 9.958 sec/batch)
(E:71, S:15) [loss_dt = 0.4086, loss_qp = 0.5479, total loss = -7.3736, acc = 0.8167, lr = 9.999996e-12] (12.1 samples/sec; 9.900 sec/batch)
(E:71, S:16) [loss_dt = 0.3831, loss_qp = 0.6115, total loss = -7.5152, acc = 0.8417, lr = 9.999996e-12] (12.2 samples/sec; 9.842 sec/batch)
(E:71, S:17) [loss_dt = 0.5368, loss_qp = 0.3802, total loss = -7.2803, acc = 0.8083, lr = 9.999996e-12] (12.3 samples/sec; 9.782 sec/batch)
(E:71, S:18) [loss_dt = 0.4697, loss_qp = 0.5151, total loss = -7.2779, acc = 0.8000, lr = 9.999996e-12] (12.3 samples/sec; 9.736 sec/batch)
(E:71, S:19) [loss_dt = 0.4959, loss_qp = 0.4815, total loss = -7.2228, acc = 0.7833, lr = 9.999996e-12] (12.4 samples/sec; 9.693 sec/batch)
(E:71, S:20) [loss_dt = 0.4916, loss_qp = 0.6102, total loss = -7.3666, acc = 0.8083, lr = 9.999996e-12] (12.4 samples/sec; 9.661 sec/batch)
(E:71, S:21) [loss_dt = 0.4047, loss_qp = 0.6043, total loss = -7.4959, acc = 0.8333, lr = 9.999996e-12] (12.5 samples/sec; 9.628 sec/batch)
(E:71, S:22) [loss_dt = 0.4534, loss_qp = 0.5707, total loss = -7.5571, acc = 0.7750, lr = 9.999996e-12] (12.5 samples/sec; 9.602 sec/batch)
(E:71, S:23) [loss_dt = 0.4939, loss_qp = 0.5606, total loss = -7.5928, acc = 0.7917, lr = 9.999996e-12] (12.5 samples/sec; 9.579 sec/batch)
(E:71, S:24) [loss_dt = 0.6003, loss_qp = 0.4708, total loss = -7.4798, acc = 0.7667, lr = 9.999996e-12] (12.6 samples/sec; 9.554 sec/batch)
(E:71, S:25) [loss_dt = 0.3588, loss_qp = 0.4780, total loss = -7.4130, acc = 0.8583, lr = 9.999996e-12] (12.6 samples/sec; 9.532 sec/batch)
(E:71, S:26) [loss_dt = 0.3961, loss_qp = 0.5651, total loss = -7.4797, acc = 0.8500, lr = 9.999996e-12] (12.6 samples/sec; 9.497 sec/batch)
(E:71, S:27) [loss_dt = 0.4388, loss_qp = 0.5180, total loss = -7.4648, acc = 0.8250, lr = 9.999996e-12] (12.6 samples/sec; 9.492 sec/batch)
(E:71, S:28) [loss_dt = 0.4809, loss_qp = 0.6190, total loss = -7.5988, acc = 0.7667, lr = 9.999996e-12] (12.7 samples/sec; 9.479 sec/batch)
(E:71, S:29) [loss_dt = 0.4912, loss_qp = 0.5945, total loss = -7.6815, acc = 0.7583, lr = 9.999996e-12] (12.7 samples/sec; 9.454 sec/batch)
(E:71, S:30) [loss_dt = 0.3964, loss_qp = 0.6173, total loss = -7.7997, acc = 0.8417, lr = 9.999996e-12] (12.7 samples/sec; 9.433 sec/batch)
(E:71, S:31) [loss_dt = 0.3404, loss_qp = 0.4709, total loss = -7.6920, acc = 0.8833, lr = 9.999996e-12] (12.7 samples/sec; 9.417 sec/batch)
(E:71, S:32) [loss_dt = 0.4181, loss_qp = 0.5951, total loss = -7.7737, acc = 0.8333, lr = 9.999996e-12] (12.8 samples/sec; 9.400 sec/batch)
(E:71, S:33) [loss_dt = 0.4913, loss_qp = 0.6169, total loss = -7.8725, acc = 0.7833, lr = 9.999996e-12] (12.8 samples/sec; 9.394 sec/batch)
(E:71, S:34) [loss_dt = 0.3655, loss_qp = 0.5734, total loss = -7.9088, acc = 0.8500, lr = 9.999996e-12] (12.8 samples/sec; 9.396 sec/batch)
(E:71, S:35) [loss_dt = 0.3591, loss_qp = 0.5393, total loss = -7.8910, acc = 0.8750, lr = 9.999996e-12] (12.8 samples/sec; 9.388 sec/batch)
(E:71, S:36) [loss_dt = 0.3402, loss_qp = 0.4654, total loss = -7.7659, acc = 0.8667, lr = 9.999996e-12] (12.8 samples/sec; 9.377 sec/batch)
(E:71, S:37) [loss_dt = 0.4220, loss_qp = 0.4330, total loss = -7.5966, acc = 0.8083, lr = 9.999996e-12] (12.8 samples/sec; 9.381 sec/batch)
(E:71, S:38) [loss_dt = 0.3070, loss_qp = 0.5485, total loss = -7.6289, acc = 0.8750, lr = 9.999996e-12] (12.8 samples/sec; 9.371 sec/batch)
(E:71, S:39) [loss_dt = 0.5127, loss_qp = 0.4569, total loss = -7.5001, acc = 0.7917, lr = 9.999996e-12] (12.8 samples/sec; 9.366 sec/batch)
(E:71, S:40) [loss_dt = 0.3622, loss_qp = 0.5237, total loss = -7.4994, acc = 0.8500, lr = 9.999996e-12] (12.8 samples/sec; 9.365 sec/batch)
(E:71, S:41) [loss_dt = 0.3053, loss_qp = 0.5617, total loss = -7.5615, acc = 0.8583, lr = 9.999996e-12] (12.8 samples/sec; 9.361 sec/batch)
(E:71, S:42) [loss_dt = 0.6573, loss_qp = 0.5485, total loss = -7.5623, acc = 0.7000, lr = 9.999996e-12] (12.8 samples/sec; 9.348 sec/batch)
(E:71, S:43) [loss_dt = 0.2630, loss_qp = 0.4095, total loss = -7.3941, acc = 0.9083, lr = 9.999996e-12] (12.8 samples/sec; 9.350 sec/batch)
(E:71, S:44) [loss_dt = 0.4797, loss_qp = 0.5896, total loss = -7.4911, acc = 0.8083, lr = 9.999996e-12] (13.5 samples/sec; 8.899 sec/batch)
(E:71, S:45) [loss_dt = 0.4445, loss_qp = 0.5741, total loss = -7.5588, acc = 0.7833, lr = 9.999996e-12] (14.9 samples/sec; 8.041 sec/batch)
(E:71, S:46) [loss_dt = 0.2901, loss_qp = 0.4909, total loss = -7.5103, acc = 0.8833, lr = 9.999996e-12] (16.5 samples/sec; 7.268 sec/batch)
(E:71, S:47) [loss_dt = 0.3792, loss_qp = 0.5601, total loss = -7.5615, acc = 0.8167, lr = 9.999996e-12] (18.2 samples/sec; 6.576 sec/batch)
(E:71, S:48) [loss_dt = 0.4781, loss_qp = 0.5821, total loss = -7.6307, acc = 0.8167, lr = 9.999996e-12] (20.2 samples/sec; 5.954 sec/batch)
(E:71, S:49) [loss_dt = 0.4383, loss_qp = 0.4409, total loss = -7.4852, acc = 0.8083, lr = 9.999996e-12] (22.3 samples/sec; 5.391 sec/batch)
(E:71, S:50) [loss_dt = 0.4250, loss_qp = 0.5624, total loss = -7.5378, acc = 0.8333, lr = 9.999996e-12] (24.6 samples/sec; 4.888 sec/batch)
(E:71, S:51) [loss_dt = 0.4663, loss_qp = 0.5375, total loss = -7.5437, acc = 0.8083, lr = 9.999996e-12] (27.1 samples/sec; 4.431 sec/batch)
PLCC: 0.4569, SROCC: 0.4215, Acc: 0.7686
(E:72, S:0) [loss_dt = 0.7159, loss_qp = 0.4787, total loss = -7.4357, acc = 0.7500, lr = 7.943287e-12] (7.1 samples/sec; 17.018 sec/batch)
(E:72, S:1) [loss_dt = 0.3238, loss_qp = 0.5084, total loss = -7.4224, acc = 0.8250, lr = 7.943287e-12] (7.8 samples/sec; 15.364 sec/batch)
(E:72, S:2) [loss_dt = 0.4118, loss_qp = 0.5665, total loss = -7.4888, acc = 0.8750, lr = 7.943287e-12] (8.7 samples/sec; 13.870 sec/batch)
(E:72, S:3) [loss_dt = 0.4411, loss_qp = 0.5846, total loss = -7.5727, acc = 0.8167, lr = 7.943287e-12] (9.6 samples/sec; 12.530 sec/batch)
(E:72, S:4) [loss_dt = 0.3864, loss_qp = 0.5214, total loss = -7.5588, acc = 0.8417, lr = 7.943287e-12] (10.6 samples/sec; 11.321 sec/batch)
(E:72, S:5) [loss_dt = 0.3498, loss_qp = 0.5302, total loss = -7.5633, acc = 0.8333, lr = 7.943287e-12] (11.0 samples/sec; 10.884 sec/batch)
(E:72, S:6) [loss_dt = 0.4449, loss_qp = 0.4577, total loss = -7.4491, acc = 0.8333, lr = 7.943287e-12] (11.2 samples/sec; 10.735 sec/batch)
(E:72, S:7) [loss_dt = 0.4948, loss_qp = 0.4719, total loss = -7.3625, acc = 0.7917, lr = 7.943287e-12] (11.3 samples/sec; 10.619 sec/batch)
(E:72, S:8) [loss_dt = 0.4957, loss_qp = 0.5627, total loss = -7.4207, acc = 0.7917, lr = 7.943287e-12] (11.5 samples/sec; 10.478 sec/batch)
(E:72, S:9) [loss_dt = 0.4743, loss_qp = 0.5497, total loss = -7.4557, acc = 0.7833, lr = 7.943287e-12] (11.6 samples/sec; 10.369 sec/batch)
(E:72, S:10) [loss_dt = 0.4397, loss_qp = 0.4971, total loss = -7.4118, acc = 0.8000, lr = 7.943287e-12] (11.7 samples/sec; 10.265 sec/batch)
(E:72, S:11) [loss_dt = 0.4663, loss_qp = 0.4986, total loss = -7.3719, acc = 0.8250, lr = 7.943287e-12] (11.8 samples/sec; 10.162 sec/batch)
(E:72, S:12) [loss_dt = 0.4903, loss_qp = 0.5734, total loss = -7.4458, acc = 0.7750, lr = 7.943287e-12] (11.9 samples/sec; 10.069 sec/batch)
(E:72, S:13) [loss_dt = 0.3826, loss_qp = 0.4056, total loss = -7.2712, acc = 0.8000, lr = 7.943287e-12] (12.0 samples/sec; 10.000 sec/batch)
(E:72, S:14) [loss_dt = 0.3886, loss_qp = 0.5907, total loss = -7.3914, acc = 0.8417, lr = 7.943287e-12] (12.1 samples/sec; 9.932 sec/batch)
(E:72, S:15) [loss_dt = 0.5239, loss_qp = 0.5535, total loss = -7.4301, acc = 0.7583, lr = 7.943287e-12] (12.2 samples/sec; 9.875 sec/batch)
(E:72, S:16) [loss_dt = 0.5445, loss_qp = 0.6284, total loss = -7.5752, acc = 0.7250, lr = 7.943287e-12] (12.2 samples/sec; 9.821 sec/batch)
(E:72, S:17) [loss_dt = 0.3652, loss_qp = 0.5196, total loss = -7.5606, acc = 0.8417, lr = 7.943287e-12] (12.3 samples/sec; 9.776 sec/batch)
(E:72, S:18) [loss_dt = 0.4241, loss_qp = 0.3830, total loss = -7.3366, acc = 0.7917, lr = 7.943287e-12] (12.3 samples/sec; 9.734 sec/batch)
(E:72, S:19) [loss_dt = 0.4326, loss_qp = 0.4629, total loss = -7.2541, acc = 0.7917, lr = 7.943287e-12] (12.4 samples/sec; 9.693 sec/batch)
(E:72, S:20) [loss_dt = 0.3682, loss_qp = 0.5826, total loss = -7.3657, acc = 0.8417, lr = 7.943287e-12] (12.4 samples/sec; 9.651 sec/batch)
(E:72, S:21) [loss_dt = 0.6032, loss_qp = 0.5112, total loss = -7.3356, acc = 0.7667, lr = 7.943287e-12] (12.5 samples/sec; 9.613 sec/batch)
(E:72, S:22) [loss_dt = 0.3493, loss_qp = 0.5955, total loss = -7.4603, acc = 0.8167, lr = 7.943287e-12] (12.5 samples/sec; 9.578 sec/batch)
(E:72, S:23) [loss_dt = 0.4122, loss_qp = 0.4902, total loss = -7.4084, acc = 0.8417, lr = 7.943287e-12] (12.6 samples/sec; 9.541 sec/batch)
(E:72, S:24) [loss_dt = 0.4292, loss_qp = 0.4931, total loss = -7.3643, acc = 0.7917, lr = 7.943287e-12] (12.6 samples/sec; 9.515 sec/batch)
(E:72, S:25) [loss_dt = 0.3368, loss_qp = 0.6375, total loss = -7.5503, acc = 0.8750, lr = 7.943287e-12] (12.7 samples/sec; 9.482 sec/batch)
(E:72, S:26) [loss_dt = 0.3655, loss_qp = 0.5554, total loss = -7.5918, acc = 0.8167, lr = 7.943287e-12] (12.7 samples/sec; 9.455 sec/batch)
(E:72, S:27) [loss_dt = 0.3493, loss_qp = 0.5198, total loss = -7.5774, acc = 0.8250, lr = 7.943287e-12] (12.7 samples/sec; 9.440 sec/batch)
(E:72, S:28) [loss_dt = 0.3532, loss_qp = 0.5123, total loss = -7.5528, acc = 0.8833, lr = 7.943287e-12] (12.7 samples/sec; 9.436 sec/batch)
(E:72, S:29) [loss_dt = 0.4735, loss_qp = 0.5100, total loss = -7.5151, acc = 0.8083, lr = 7.943287e-12] (12.7 samples/sec; 9.430 sec/batch)
(E:72, S:30) [loss_dt = 0.3833, loss_qp = 0.5111, total loss = -7.4918, acc = 0.8167, lr = 7.943287e-12] (12.8 samples/sec; 9.411 sec/batch)
(E:72, S:31) [loss_dt = 0.4450, loss_qp = 0.4847, total loss = -7.4252, acc = 0.8167, lr = 7.943287e-12] (12.8 samples/sec; 9.397 sec/batch)
(E:72, S:32) [loss_dt = 0.3893, loss_qp = 0.5909, total loss = -7.5301, acc = 0.8583, lr = 7.943287e-12] (12.8 samples/sec; 9.384 sec/batch)
(E:72, S:33) [loss_dt = 0.5191, loss_qp = 0.5852, total loss = -7.6030, acc = 0.7917, lr = 7.943287e-12] (12.8 samples/sec; 9.381 sec/batch)
(E:72, S:34) [loss_dt = 0.3631, loss_qp = 0.6211, total loss = -7.7380, acc = 0.8333, lr = 7.943287e-12] (12.8 samples/sec; 9.383 sec/batch)
(E:72, S:35) [loss_dt = 0.4113, loss_qp = 0.5485, total loss = -7.7457, acc = 0.8250, lr = 7.943287e-12] (12.8 samples/sec; 9.378 sec/batch)
(E:72, S:36) [loss_dt = 0.3742, loss_qp = 0.4686, total loss = -7.6366, acc = 0.7917, lr = 7.943287e-12] (12.8 samples/sec; 9.367 sec/batch)
(E:72, S:37) [loss_dt = 0.4585, loss_qp = 0.5412, total loss = -7.6389, acc = 0.8167, lr = 7.943287e-12] (12.8 samples/sec; 9.358 sec/batch)
(E:72, S:38) [loss_dt = 0.4630, loss_qp = 0.5144, total loss = -7.6003, acc = 0.8250, lr = 7.943287e-12] (12.8 samples/sec; 9.349 sec/batch)
(E:72, S:39) [loss_dt = 0.4516, loss_qp = 0.4355, total loss = -7.4483, acc = 0.7667, lr = 7.943287e-12] (12.8 samples/sec; 9.341 sec/batch)
(E:72, S:40) [loss_dt = 0.3871, loss_qp = 0.4606, total loss = -7.3557, acc = 0.8250, lr = 7.943287e-12] (12.8 samples/sec; 9.348 sec/batch)
(E:72, S:41) [loss_dt = 0.4251, loss_qp = 0.5650, total loss = -7.4251, acc = 0.7917, lr = 7.943287e-12] (12.8 samples/sec; 9.342 sec/batch)
(E:72, S:42) [loss_dt = 0.3911, loss_qp = 0.6053, total loss = -7.5515, acc = 0.8333, lr = 7.943287e-12] (12.9 samples/sec; 9.335 sec/batch)
(E:72, S:43) [loss_dt = 0.4277, loss_qp = 0.5721, total loss = -7.6116, acc = 0.8333, lr = 7.943287e-12] (12.8 samples/sec; 9.346 sec/batch)
(E:72, S:44) [loss_dt = 0.4060, loss_qp = 0.5266, total loss = -7.5997, acc = 0.8500, lr = 7.943287e-12] (13.5 samples/sec; 8.891 sec/batch)
(E:72, S:45) [loss_dt = 0.5337, loss_qp = 0.5740, total loss = -7.6474, acc = 0.7750, lr = 7.943287e-12] (14.9 samples/sec; 8.034 sec/batch)
(E:72, S:46) [loss_dt = 0.4722, loss_qp = 0.5291, total loss = -7.6291, acc = 0.8250, lr = 7.943287e-12] (16.5 samples/sec; 7.263 sec/batch)
(E:72, S:47) [loss_dt = 0.5429, loss_qp = 0.5408, total loss = -7.6231, acc = 0.7333, lr = 7.943287e-12] (18.3 samples/sec; 6.571 sec/batch)
(E:72, S:48) [loss_dt = 0.4544, loss_qp = 0.5792, total loss = -7.6842, acc = 0.8083, lr = 7.943287e-12] (20.2 samples/sec; 5.948 sec/batch)
(E:72, S:49) [loss_dt = 0.3033, loss_qp = 0.3884, total loss = -7.4680, acc = 0.8667, lr = 7.943287e-12] (22.3 samples/sec; 5.389 sec/batch)
(E:72, S:50) [loss_dt = 0.4125, loss_qp = 0.4958, total loss = -7.4237, acc = 0.8583, lr = 7.943287e-12] (24.6 samples/sec; 4.883 sec/batch)
(E:72, S:51) [loss_dt = 0.3410, loss_qp = 0.4201, total loss = -7.2774, acc = 0.8417, lr = 7.943287e-12] (27.1 samples/sec; 4.428 sec/batch)
PLCC: 0.4576, SROCC: 0.4139, Acc: 0.7679
(E:73, S:0) [loss_dt = 0.4485, loss_qp = 0.5349, total loss = -7.3072, acc = 0.8167, lr = 6.309582e-12] (7.1 samples/sec; 16.991 sec/batch)
(E:73, S:1) [loss_dt = 0.4101, loss_qp = 0.5819, total loss = -7.4084, acc = 0.8667, lr = 6.309582e-12] (7.8 samples/sec; 15.333 sec/batch)
(E:73, S:2) [loss_dt = 0.4257, loss_qp = 0.5305, total loss = -7.4207, acc = 0.8417, lr = 6.309582e-12] (8.7 samples/sec; 13.840 sec/batch)
(E:73, S:3) [loss_dt = 0.4669, loss_qp = 0.5687, total loss = -7.4849, acc = 0.7750, lr = 6.309582e-12] (9.6 samples/sec; 12.489 sec/batch)
(E:73, S:4) [loss_dt = 0.4342, loss_qp = 0.4697, total loss = -7.3976, acc = 0.7750, lr = 6.309582e-12] (10.6 samples/sec; 11.271 sec/batch)
(E:73, S:5) [loss_dt = 0.3509, loss_qp = 0.5915, total loss = -7.5100, acc = 0.8417, lr = 6.309582e-12] (11.1 samples/sec; 10.766 sec/batch)
(E:73, S:6) [loss_dt = 0.3316, loss_qp = 0.5456, total loss = -7.5442, acc = 0.8583, lr = 6.309582e-12] (11.3 samples/sec; 10.634 sec/batch)
(E:73, S:7) [loss_dt = 0.3501, loss_qp = 0.4804, total loss = -7.4754, acc = 0.8167, lr = 6.309582e-12] (11.4 samples/sec; 10.501 sec/batch)
(E:73, S:8) [loss_dt = 0.3692, loss_qp = 0.5717, total loss = -7.5484, acc = 0.8250, lr = 6.309582e-12] (11.6 samples/sec; 10.365 sec/batch)
(E:73, S:9) [loss_dt = 0.5221, loss_qp = 0.3667, total loss = -7.2914, acc = 0.7333, lr = 6.309582e-12] (11.7 samples/sec; 10.257 sec/batch)
(E:73, S:10) [loss_dt = 0.4690, loss_qp = 0.4088, total loss = -7.1286, acc = 0.7917, lr = 6.309582e-12] (11.8 samples/sec; 10.174 sec/batch)
(E:73, S:11) [loss_dt = 0.5041, loss_qp = 0.5555, total loss = -7.1986, acc = 0.7917, lr = 6.309582e-12] (11.9 samples/sec; 10.083 sec/batch)
(E:73, S:12) [loss_dt = 0.4887, loss_qp = 0.6184, total loss = -7.3575, acc = 0.8000, lr = 6.309582e-12] (12.0 samples/sec; 9.995 sec/batch)
(E:73, S:13) [loss_dt = 0.4308, loss_qp = 0.5963, total loss = -7.4731, acc = 0.8750, lr = 6.309582e-12] (12.1 samples/sec; 9.928 sec/batch)
(E:73, S:14) [loss_dt = 0.3079, loss_qp = 0.5049, total loss = -7.4524, acc = 0.8833, lr = 6.309582e-12] (12.2 samples/sec; 9.876 sec/batch)
(E:73, S:15) [loss_dt = 0.4808, loss_qp = 0.4639, total loss = -7.3549, acc = 0.8000, lr = 6.309582e-12] (12.1 samples/sec; 9.877 sec/batch)
(E:73, S:16) [loss_dt = 0.4162, loss_qp = 0.5361, total loss = -7.3819, acc = 0.8083, lr = 6.309582e-12] (12.2 samples/sec; 9.835 sec/batch)
(E:73, S:17) [loss_dt = 0.4178, loss_qp = 0.5310, total loss = -7.3985, acc = 0.8167, lr = 6.309582e-12] (12.3 samples/sec; 9.786 sec/batch)
(E:73, S:18) [loss_dt = 0.3724, loss_qp = 0.5866, total loss = -7.5013, acc = 0.8417, lr = 6.309582e-12] (12.3 samples/sec; 9.744 sec/batch)
(E:73, S:19) [loss_dt = 0.4078, loss_qp = 0.4665, total loss = -7.4101, acc = 0.8000, lr = 6.309582e-12] (12.3 samples/sec; 9.763 sec/batch)
(E:73, S:20) [loss_dt = 0.4505, loss_qp = 0.5656, total loss = -7.4725, acc = 0.7833, lr = 6.309582e-12] (12.3 samples/sec; 9.735 sec/batch)
(E:73, S:21) [loss_dt = 0.3785, loss_qp = 0.4450, total loss = -7.3550, acc = 0.8333, lr = 6.309582e-12] (12.4 samples/sec; 9.693 sec/batch)
(E:73, S:22) [loss_dt = 0.3314, loss_qp = 0.6077, total loss = -7.4979, acc = 0.8500, lr = 6.309582e-12] (12.4 samples/sec; 9.681 sec/batch)
(E:73, S:23) [loss_dt = 0.4587, loss_qp = 0.5434, total loss = -7.5174, acc = 0.8000, lr = 6.309582e-12] (12.4 samples/sec; 9.639 sec/batch)
(E:73, S:24) [loss_dt = 0.4970, loss_qp = 0.5821, total loss = -7.5891, acc = 0.7583, lr = 6.309582e-12] (12.5 samples/sec; 9.611 sec/batch)
(E:73, S:25) [loss_dt = 0.3827, loss_qp = 0.4610, total loss = -7.4834, acc = 0.8750, lr = 6.309582e-12] (12.5 samples/sec; 9.576 sec/batch)
(E:73, S:26) [loss_dt = 0.4702, loss_qp = 0.5082, total loss = -7.4504, acc = 0.8250, lr = 6.309582e-12] (12.6 samples/sec; 9.545 sec/batch)
(E:73, S:27) [loss_dt = 0.4015, loss_qp = 0.5206, total loss = -7.4461, acc = 0.8417, lr = 6.309582e-12] (12.6 samples/sec; 9.527 sec/batch)
(E:73, S:28) [loss_dt = 0.3608, loss_qp = 0.4856, total loss = -7.3938, acc = 0.8417, lr = 6.309582e-12] (12.6 samples/sec; 9.526 sec/batch)
(E:73, S:29) [loss_dt = 0.4279, loss_qp = 0.5614, total loss = -7.4537, acc = 0.8167, lr = 6.309582e-12] (12.6 samples/sec; 9.499 sec/batch)
(E:73, S:30) [loss_dt = 0.3665, loss_qp = 0.5511, total loss = -7.4984, acc = 0.8667, lr = 6.309582e-12] (12.7 samples/sec; 9.468 sec/batch)
(E:73, S:31) [loss_dt = 0.5040, loss_qp = 0.5345, total loss = -7.4999, acc = 0.8000, lr = 6.309582e-12] (12.7 samples/sec; 9.446 sec/batch)
(E:73, S:32) [loss_dt = 0.5069, loss_qp = 0.5988, total loss = -7.5973, acc = 0.7500, lr = 6.309582e-12] (12.7 samples/sec; 9.434 sec/batch)
(E:73, S:33) [loss_dt = 0.3972, loss_qp = 0.5739, total loss = -7.6587, acc = 0.8250, lr = 6.309582e-12] (12.7 samples/sec; 9.441 sec/batch)
(E:73, S:34) [loss_dt = 0.4223, loss_qp = 0.5634, total loss = -7.6958, acc = 0.8000, lr = 6.309582e-12] (12.7 samples/sec; 9.438 sec/batch)
(E:73, S:35) [loss_dt = 0.3359, loss_qp = 0.5810, total loss = -7.7641, acc = 0.8667, lr = 6.309582e-12] (12.7 samples/sec; 9.428 sec/batch)
(E:73, S:36) [loss_dt = 0.3397, loss_qp = 0.5665, total loss = -7.8035, acc = 0.8333, lr = 6.309582e-12] (12.7 samples/sec; 9.418 sec/batch)
(E:73, S:37) [loss_dt = 0.4075, loss_qp = 0.4561, total loss = -7.6666, acc = 0.8167, lr = 6.309582e-12] (12.7 samples/sec; 9.418 sec/batch)
(E:73, S:38) [loss_dt = 0.4797, loss_qp = 0.5951, total loss = -7.7446, acc = 0.8333, lr = 6.309582e-12] (12.8 samples/sec; 9.400 sec/batch)
(E:73, S:39) [loss_dt = 0.4515, loss_qp = 0.5569, total loss = -7.7604, acc = 0.7917, lr = 6.309582e-12] (12.8 samples/sec; 9.396 sec/batch)
(E:73, S:40) [loss_dt = 0.4230, loss_qp = 0.4534, total loss = -7.6222, acc = 0.8417, lr = 6.309582e-12] (12.8 samples/sec; 9.405 sec/batch)
(E:73, S:41) [loss_dt = 0.3717, loss_qp = 0.4502, total loss = -7.4981, acc = 0.8333, lr = 6.309582e-12] (12.8 samples/sec; 9.401 sec/batch)
(E:73, S:42) [loss_dt = 0.4211, loss_qp = 0.5632, total loss = -7.5509, acc = 0.8417, lr = 6.309582e-12] (12.8 samples/sec; 9.389 sec/batch)
(E:73, S:43) [loss_dt = 0.3311, loss_qp = 0.6499, total loss = -7.7376, acc = 0.8667, lr = 6.309582e-12] (12.8 samples/sec; 9.401 sec/batch)
(E:73, S:44) [loss_dt = 0.4509, loss_qp = 0.4981, total loss = -7.6659, acc = 0.8000, lr = 6.309582e-12] (13.4 samples/sec; 8.938 sec/batch)
(E:73, S:45) [loss_dt = 0.3623, loss_qp = 0.5008, total loss = -7.6143, acc = 0.8500, lr = 6.309582e-12] (14.9 samples/sec; 8.077 sec/batch)
(E:73, S:46) [loss_dt = 0.2961, loss_qp = 0.4389, total loss = -7.4817, acc = 0.8667, lr = 6.309582e-12] (16.4 samples/sec; 7.301 sec/batch)
(E:73, S:47) [loss_dt = 0.4834, loss_qp = 0.4646, total loss = -7.3821, acc = 0.7750, lr = 6.309582e-12] (18.2 samples/sec; 6.607 sec/batch)
(E:73, S:48) [loss_dt = 0.3285, loss_qp = 0.5665, total loss = -7.4609, acc = 0.8667, lr = 6.309582e-12] (20.1 samples/sec; 5.981 sec/batch)
(E:73, S:49) [loss_dt = 0.4427, loss_qp = 0.4846, total loss = -7.3974, acc = 0.8250, lr = 6.309582e-12] (22.2 samples/sec; 5.416 sec/batch)
(E:73, S:50) [loss_dt = 0.4383, loss_qp = 0.4822, total loss = -7.3371, acc = 0.8000, lr = 6.309582e-12] (24.5 samples/sec; 4.904 sec/batch)
(E:73, S:51) [loss_dt = 0.4516, loss_qp = 0.6331, total loss = -7.5078, acc = 0.8083, lr = 6.309582e-12] (27.0 samples/sec; 4.445 sec/batch)
PLCC: 0.4542, SROCC: 0.4212, Acc: 0.7641
(E:74, S:0) [loss_dt = 0.5130, loss_qp = 0.4570, total loss = -7.3912, acc = 0.7667, lr = 5.011872e-12] (7.1 samples/sec; 16.871 sec/batch)
(E:74, S:1) [loss_dt = 0.3697, loss_qp = 0.4190, total loss = -7.2436, acc = 0.8667, lr = 5.011872e-12] (7.9 samples/sec; 15.219 sec/batch)
(E:74, S:2) [loss_dt = 0.5055, loss_qp = 0.5435, total loss = -7.2839, acc = 0.7833, lr = 5.011872e-12] (8.7 samples/sec; 13.735 sec/batch)
(E:74, S:3) [loss_dt = 0.3083, loss_qp = 0.5108, total loss = -7.2909, acc = 0.8667, lr = 5.011872e-12] (9.7 samples/sec; 12.397 sec/batch)
(E:74, S:4) [loss_dt = 0.3846, loss_qp = 0.4885, total loss = -7.2561, acc = 0.8500, lr = 5.011872e-12] (10.7 samples/sec; 11.192 sec/batch)
(E:74, S:5) [loss_dt = 0.2981, loss_qp = 0.5489, total loss = -7.3240, acc = 0.8500, lr = 5.011872e-12] (11.1 samples/sec; 10.779 sec/batch)
(E:74, S:6) [loss_dt = 0.4244, loss_qp = 0.5757, total loss = -7.4128, acc = 0.8333, lr = 5.011872e-12] (11.3 samples/sec; 10.642 sec/batch)
(E:74, S:7) [loss_dt = 0.3490, loss_qp = 0.5353, total loss = -7.4395, acc = 0.8667, lr = 5.011872e-12] (11.4 samples/sec; 10.512 sec/batch)
(E:74, S:8) [loss_dt = 0.4793, loss_qp = 0.5908, total loss = -7.5338, acc = 0.7417, lr = 5.011872e-12] (11.6 samples/sec; 10.375 sec/batch)
(E:74, S:9) [loss_dt = 0.3919, loss_qp = 0.5262, total loss = -7.5306, acc = 0.8667, lr = 5.011872e-12] (11.7 samples/sec; 10.270 sec/batch)
(E:74, S:10) [loss_dt = 0.4848, loss_qp = 0.5391, total loss = -7.5377, acc = 0.8083, lr = 5.011872e-12] (11.8 samples/sec; 10.198 sec/batch)
(E:74, S:11) [loss_dt = 0.4728, loss_qp = 0.4546, total loss = -7.4186, acc = 0.8333, lr = 5.011872e-12] (11.9 samples/sec; 10.120 sec/batch)
(E:74, S:12) [loss_dt = 0.4456, loss_qp = 0.4476, total loss = -7.3035, acc = 0.8250, lr = 5.011872e-12] (12.0 samples/sec; 10.034 sec/batch)
(E:74, S:13) [loss_dt = 0.4945, loss_qp = 0.4957, total loss = -7.2673, acc = 0.8167, lr = 5.011872e-12] (12.0 samples/sec; 9.964 sec/batch)
(E:74, S:14) [loss_dt = 0.3143, loss_qp = 0.5215, total loss = -7.2915, acc = 0.8750, lr = 5.011872e-12] (12.1 samples/sec; 9.908 sec/batch)
(E:74, S:15) [loss_dt = 0.5160, loss_qp = 0.6297, total loss = -7.4552, acc = 0.7917, lr = 5.011872e-12] (12.2 samples/sec; 9.849 sec/batch)
(E:74, S:16) [loss_dt = 0.3972, loss_qp = 0.5320, total loss = -7.4680, acc = 0.8083, lr = 5.011872e-12] (12.2 samples/sec; 9.811 sec/batch)
(E:74, S:17) [loss_dt = 0.4277, loss_qp = 0.7304, total loss = -7.7740, acc = 0.8083, lr = 5.011872e-12] (12.3 samples/sec; 9.793 sec/batch)
(E:74, S:18) [loss_dt = 0.5044, loss_qp = 0.5439, total loss = -7.7620, acc = 0.8083, lr = 5.011872e-12] (12.3 samples/sec; 9.759 sec/batch)
(E:74, S:19) [loss_dt = 0.6378, loss_qp = 0.6181, total loss = -7.8492, acc = 0.7500, lr = 5.011872e-12] (12.3 samples/sec; 9.794 sec/batch)
(E:74, S:20) [loss_dt = 0.4798, loss_qp = 0.5761, total loss = -7.8805, acc = 0.8083, lr = 5.011872e-12] (12.3 samples/sec; 9.752 sec/batch)
(E:74, S:21) [loss_dt = 0.4522, loss_qp = 0.6038, total loss = -7.9530, acc = 0.7917, lr = 5.011872e-12] (12.4 samples/sec; 9.706 sec/batch)
(E:74, S:22) [loss_dt = 0.3289, loss_qp = 0.5064, total loss = -7.8844, acc = 0.8417, lr = 5.011872e-12] (12.4 samples/sec; 9.669 sec/batch)
(E:74, S:23) [loss_dt = 0.3505, loss_qp = 0.4828, total loss = -7.7851, acc = 0.8500, lr = 5.011872e-12] (12.5 samples/sec; 9.631 sec/batch)
(E:74, S:24) [loss_dt = 0.3486, loss_qp = 0.3716, total loss = -7.5291, acc = 0.8750, lr = 5.011872e-12] (12.5 samples/sec; 9.605 sec/batch)
(E:74, S:25) [loss_dt = 0.4616, loss_qp = 0.4949, total loss = -7.4723, acc = 0.8250, lr = 5.011872e-12] (12.5 samples/sec; 9.564 sec/batch)
(E:74, S:26) [loss_dt = 0.3624, loss_qp = 0.5793, total loss = -7.5578, acc = 0.8250, lr = 5.011872e-12] (12.6 samples/sec; 9.529 sec/batch)
(E:74, S:27) [loss_dt = 0.4317, loss_qp = 0.5274, total loss = -7.5500, acc = 0.8583, lr = 5.011872e-12] (12.6 samples/sec; 9.507 sec/batch)
(E:74, S:28) [loss_dt = 0.5355, loss_qp = 0.5236, total loss = -7.5269, acc = 0.7750, lr = 5.011872e-12] (12.6 samples/sec; 9.500 sec/batch)
(E:74, S:29) [loss_dt = 0.3585, loss_qp = 0.4747, total loss = -7.4505, acc = 0.8500, lr = 5.011872e-12] (12.7 samples/sec; 9.476 sec/batch)
(E:74, S:30) [loss_dt = 0.3522, loss_qp = 0.4749, total loss = -7.3826, acc = 0.8333, lr = 5.011872e-12] (12.7 samples/sec; 9.447 sec/batch)
(E:74, S:31) [loss_dt = 0.4500, loss_qp = 0.5349, total loss = -7.4016, acc = 0.7917, lr = 5.011872e-12] (12.7 samples/sec; 9.431 sec/batch)
(E:74, S:32) [loss_dt = 0.4211, loss_qp = 0.4585, total loss = -7.3070, acc = 0.8417, lr = 5.011872e-12] (12.8 samples/sec; 9.411 sec/batch)
(E:74, S:33) [loss_dt = 0.4009, loss_qp = 0.5682, total loss = -7.3885, acc = 0.8083, lr = 5.011872e-12] (12.8 samples/sec; 9.404 sec/batch)
(E:74, S:34) [loss_dt = 0.4505, loss_qp = 0.5579, total loss = -7.4415, acc = 0.8083, lr = 5.011872e-12] (12.8 samples/sec; 9.403 sec/batch)
(E:74, S:35) [loss_dt = 0.4024, loss_qp = 0.5414, total loss = -7.4692, acc = 0.8333, lr = 5.011872e-12] (12.8 samples/sec; 9.388 sec/batch)
(E:74, S:36) [loss_dt = 0.4955, loss_qp = 0.6053, total loss = -7.5806, acc = 0.7667, lr = 5.011872e-12] (12.8 samples/sec; 9.373 sec/batch)
(E:74, S:37) [loss_dt = 0.5183, loss_qp = 0.5863, total loss = -7.6502, acc = 0.7750, lr = 5.011872e-12] (12.8 samples/sec; 9.369 sec/batch)
(E:74, S:38) [loss_dt = 0.3918, loss_qp = 0.4982, total loss = -7.5934, acc = 0.8500, lr = 5.011872e-12] (12.8 samples/sec; 9.371 sec/batch)
(E:74, S:39) [loss_dt = 0.3449, loss_qp = 0.5405, total loss = -7.6103, acc = 0.8667, lr = 5.011872e-12] (12.8 samples/sec; 9.366 sec/batch)
(E:74, S:40) [loss_dt = 0.3763, loss_qp = 0.5342, total loss = -7.6130, acc = 0.8500, lr = 5.011872e-12] (12.8 samples/sec; 9.369 sec/batch)
(E:74, S:41) [loss_dt = 0.4180, loss_qp = 0.5772, total loss = -7.6757, acc = 0.8333, lr = 5.011872e-12] (12.8 samples/sec; 9.354 sec/batch)
(E:74, S:42) [loss_dt = 0.3711, loss_qp = 0.5210, total loss = -7.6526, acc = 0.8500, lr = 5.011872e-12] (12.8 samples/sec; 9.350 sec/batch)
(E:74, S:43) [loss_dt = 0.4699, loss_qp = 0.4601, total loss = -7.5305, acc = 0.8083, lr = 5.011872e-12] (12.8 samples/sec; 9.352 sec/batch)
(E:74, S:44) [loss_dt = 0.3566, loss_qp = 0.5423, total loss = -7.5553, acc = 0.8583, lr = 5.011872e-12] (13.5 samples/sec; 8.893 sec/batch)
(E:74, S:45) [loss_dt = 0.3580, loss_qp = 0.4819, total loss = -7.4869, acc = 0.8667, lr = 5.011872e-12] (14.9 samples/sec; 8.034 sec/batch)
(E:74, S:46) [loss_dt = 0.4260, loss_qp = 0.5741, total loss = -7.5567, acc = 0.7917, lr = 5.011872e-12] (16.5 samples/sec; 7.263 sec/batch)
(E:74, S:47) [loss_dt = 0.3435, loss_qp = 0.5832, total loss = -7.6415, acc = 0.8667, lr = 5.011872e-12] (18.3 samples/sec; 6.572 sec/batch)
(E:74, S:48) [loss_dt = 0.5224, loss_qp = 0.5610, total loss = -7.6666, acc = 0.8250, lr = 5.011872e-12] (20.2 samples/sec; 5.951 sec/batch)
(E:74, S:49) [loss_dt = 0.6096, loss_qp = 0.4871, total loss = -7.5696, acc = 0.7583, lr = 5.011872e-12] (22.3 samples/sec; 5.391 sec/batch)
(E:74, S:50) [loss_dt = 0.4070, loss_qp = 0.4789, total loss = -7.4903, acc = 0.8000, lr = 5.011872e-12] (24.6 samples/sec; 4.885 sec/batch)
(E:74, S:51) [loss_dt = 0.3664, loss_qp = 0.5385, total loss = -7.5123, acc = 0.8417, lr = 5.011872e-12] (27.1 samples/sec; 4.428 sec/batch)
PLCC: 0.4606, SROCC: 0.4209, Acc: 0.7615
(E:75, S:0) [loss_dt = 0.4752, loss_qp = 0.5118, total loss = -7.4813, acc = 0.7583, lr = 3.981068e-12] (7.1 samples/sec; 16.961 sec/batch)
(E:75, S:1) [loss_dt = 0.2789, loss_qp = 0.5492, total loss = -7.5290, acc = 0.8833, lr = 3.981068e-12] (7.8 samples/sec; 15.312 sec/batch)
(E:75, S:2) [loss_dt = 0.3567, loss_qp = 0.5413, total loss = -7.5523, acc = 0.8417, lr = 3.981068e-12] (8.7 samples/sec; 13.816 sec/batch)
(E:75, S:3) [loss_dt = 0.4019, loss_qp = 0.5356, total loss = -7.5603, acc = 0.8083, lr = 3.981068e-12] (9.6 samples/sec; 12.471 sec/batch)
(E:75, S:4) [loss_dt = 0.4506, loss_qp = 0.5689, total loss = -7.6126, acc = 0.8083, lr = 3.981068e-12] (10.7 samples/sec; 11.257 sec/batch)
(E:75, S:5) [loss_dt = 0.3632, loss_qp = 0.5244, total loss = -7.6017, acc = 0.8000, lr = 3.981068e-12] (11.1 samples/sec; 10.834 sec/batch)
(E:75, S:6) [loss_dt = 0.4752, loss_qp = 0.5181, total loss = -7.5711, acc = 0.7833, lr = 3.981068e-12] (11.2 samples/sec; 10.688 sec/batch)
(E:75, S:7) [loss_dt = 0.4773, loss_qp = 0.6472, total loss = -7.7370, acc = 0.7583, lr = 3.981068e-12] (11.4 samples/sec; 10.550 sec/batch)
(E:75, S:8) [loss_dt = 0.5296, loss_qp = 0.4937, total loss = -7.6510, acc = 0.8083, lr = 3.981068e-12] (11.5 samples/sec; 10.422 sec/batch)
(E:75, S:9) [loss_dt = 0.3270, loss_qp = 0.5331, total loss = -7.6527, acc = 0.8833, lr = 3.981068e-12] (11.6 samples/sec; 10.309 sec/batch)
(E:75, S:10) [loss_dt = 0.4478, loss_qp = 0.4677, total loss = -7.5442, acc = 0.8167, lr = 3.981068e-12] (11.7 samples/sec; 10.225 sec/batch)
(E:75, S:11) [loss_dt = 0.4930, loss_qp = 0.4702, total loss = -7.4458, acc = 0.8000, lr = 3.981068e-12] (11.9 samples/sec; 10.124 sec/batch)
(E:75, S:12) [loss_dt = 0.4626, loss_qp = 0.4853, total loss = -7.3829, acc = 0.7917, lr = 3.981068e-12] (12.0 samples/sec; 10.037 sec/batch)
(E:75, S:13) [loss_dt = 0.4278, loss_qp = 0.4872, total loss = -7.3327, acc = 0.7917, lr = 3.981068e-12] (12.0 samples/sec; 9.973 sec/batch)
(E:75, S:14) [loss_dt = 0.4563, loss_qp = 0.6121, total loss = -7.4720, acc = 0.7333, lr = 3.981068e-12] (12.1 samples/sec; 9.943 sec/batch)
(E:75, S:15) [loss_dt = 0.4733, loss_qp = 0.5818, total loss = -7.5502, acc = 0.7750, lr = 3.981068e-12] (12.1 samples/sec; 9.915 sec/batch)
(E:75, S:16) [loss_dt = 0.4185, loss_qp = 0.4719, total loss = -7.4612, acc = 0.8500, lr = 3.981068e-12] (12.2 samples/sec; 9.869 sec/batch)
(E:75, S:17) [loss_dt = 0.3946, loss_qp = 0.6380, total loss = -7.6326, acc = 0.8000, lr = 3.981068e-12] (12.2 samples/sec; 9.819 sec/batch)
(E:75, S:18) [loss_dt = 0.3099, loss_qp = 0.4573, total loss = -7.5242, acc = 0.8583, lr = 3.981068e-12] (12.3 samples/sec; 9.769 sec/batch)
(E:75, S:19) [loss_dt = 0.3638, loss_qp = 0.5956, total loss = -7.6289, acc = 0.8000, lr = 3.981068e-12] (12.3 samples/sec; 9.721 sec/batch)
(E:75, S:20) [loss_dt = 0.4877, loss_qp = 0.5196, total loss = -7.5965, acc = 0.8000, lr = 3.981068e-12] (12.4 samples/sec; 9.681 sec/batch)
(E:75, S:21) [loss_dt = 0.3624, loss_qp = 0.5422, total loss = -7.6140, acc = 0.8500, lr = 3.981068e-12] (12.4 samples/sec; 9.650 sec/batch)
(E:75, S:22) [loss_dt = 0.5369, loss_qp = 0.4259, total loss = -7.4377, acc = 0.7500, lr = 3.981068e-12] (12.5 samples/sec; 9.621 sec/batch)
(E:75, S:23) [loss_dt = 0.5133, loss_qp = 0.5064, total loss = -7.4022, acc = 0.7583, lr = 3.981068e-12] (12.5 samples/sec; 9.584 sec/batch)
(E:75, S:24) [loss_dt = 0.4006, loss_qp = 0.5565, total loss = -7.4567, acc = 0.8333, lr = 3.981068e-12] (12.5 samples/sec; 9.565 sec/batch)
(E:75, S:25) [loss_dt = 0.4900, loss_qp = 0.5787, total loss = -7.5301, acc = 0.8500, lr = 3.981068e-12] (12.6 samples/sec; 9.536 sec/batch)
(E:75, S:26) [loss_dt = 0.4474, loss_qp = 0.4182, total loss = -7.3596, acc = 0.7500, lr = 3.981068e-12] (12.6 samples/sec; 9.505 sec/batch)
(E:75, S:27) [loss_dt = 0.4117, loss_qp = 0.4210, total loss = -7.2139, acc = 0.8583, lr = 3.981068e-12] (12.6 samples/sec; 9.490 sec/batch)
(E:75, S:28) [loss_dt = 0.5119, loss_qp = 0.5355, total loss = -7.2446, acc = 0.7917, lr = 3.981068e-12] (12.7 samples/sec; 9.477 sec/batch)
(E:75, S:29) [loss_dt = 0.5131, loss_qp = 0.4871, total loss = -7.1995, acc = 0.8000, lr = 3.981068e-12] (12.7 samples/sec; 9.480 sec/batch)
(E:75, S:30) [loss_dt = 0.3169, loss_qp = 0.5135, total loss = -7.2181, acc = 0.8417, lr = 3.981068e-12] (12.7 samples/sec; 9.458 sec/batch)
(E:75, S:31) [loss_dt = 0.4535, loss_qp = 0.4815, total loss = -7.1732, acc = 0.7917, lr = 3.981068e-12] (12.7 samples/sec; 9.443 sec/batch)
(E:75, S:32) [loss_dt = 0.4129, loss_qp = 0.5989, total loss = -7.3129, acc = 0.8167, lr = 3.981068e-12] (12.7 samples/sec; 9.428 sec/batch)
(E:75, S:33) [loss_dt = 0.3608, loss_qp = 0.6507, total loss = -7.5216, acc = 0.8167, lr = 3.981068e-12] (12.7 samples/sec; 9.418 sec/batch)
(E:75, S:34) [loss_dt = 0.4336, loss_qp = 0.5600, total loss = -7.5660, acc = 0.8083, lr = 3.981068e-12] (12.7 samples/sec; 9.413 sec/batch)
(E:75, S:35) [loss_dt = 0.3678, loss_qp = 0.5878, total loss = -7.6544, acc = 0.8417, lr = 3.981068e-12] (12.8 samples/sec; 9.410 sec/batch)
(E:75, S:36) [loss_dt = 0.4170, loss_qp = 0.4137, total loss = -7.4679, acc = 0.8167, lr = 3.981068e-12] (12.8 samples/sec; 9.398 sec/batch)
(E:75, S:37) [loss_dt = 0.3472, loss_qp = 0.5091, total loss = -7.4500, acc = 0.8250, lr = 3.981068e-12] (12.8 samples/sec; 9.389 sec/batch)
(E:75, S:38) [loss_dt = 0.3978, loss_qp = 0.5510, total loss = -7.4916, acc = 0.8083, lr = 3.981068e-12] (12.8 samples/sec; 9.376 sec/batch)
(E:75, S:39) [loss_dt = 0.4971, loss_qp = 0.5814, total loss = -7.5649, acc = 0.8250, lr = 3.981068e-12] (12.8 samples/sec; 9.372 sec/batch)
(E:75, S:40) [loss_dt = 0.3199, loss_qp = 0.4521, total loss = -7.4545, acc = 0.8333, lr = 3.981068e-12] (12.8 samples/sec; 9.373 sec/batch)
(E:75, S:41) [loss_dt = 0.4497, loss_qp = 0.5027, total loss = -7.4182, acc = 0.7750, lr = 3.981068e-12] (12.8 samples/sec; 9.374 sec/batch)
(E:75, S:42) [loss_dt = 0.3238, loss_qp = 0.5286, total loss = -7.4369, acc = 0.8417, lr = 3.981068e-12] (12.8 samples/sec; 9.368 sec/batch)
(E:75, S:43) [loss_dt = 0.3070, loss_qp = 0.4010, total loss = -7.2641, acc = 0.8833, lr = 3.981068e-12] (12.8 samples/sec; 9.361 sec/batch)
(E:75, S:44) [loss_dt = 0.3358, loss_qp = 0.5747, total loss = -7.3662, acc = 0.8667, lr = 3.981068e-12] (13.5 samples/sec; 8.905 sec/batch)
(E:75, S:45) [loss_dt = 0.4760, loss_qp = 0.4569, total loss = -7.2673, acc = 0.8167, lr = 3.981068e-12] (14.9 samples/sec; 8.046 sec/batch)
(E:75, S:46) [loss_dt = 0.4421, loss_qp = 0.5396, total loss = -7.3057, acc = 0.7500, lr = 3.981068e-12] (16.5 samples/sec; 7.276 sec/batch)
(E:75, S:47) [loss_dt = 0.3216, loss_qp = 0.5776, total loss = -7.4094, acc = 0.8583, lr = 3.981068e-12] (18.2 samples/sec; 6.581 sec/batch)
(E:75, S:48) [loss_dt = 0.5058, loss_qp = 0.4530, total loss = -7.2974, acc = 0.8083, lr = 3.981068e-12] (20.1 samples/sec; 5.955 sec/batch)
(E:75, S:49) [loss_dt = 0.4697, loss_qp = 0.4649, total loss = -7.2181, acc = 0.7833, lr = 3.981068e-12] (22.3 samples/sec; 5.392 sec/batch)
(E:75, S:50) [loss_dt = 0.3938, loss_qp = 0.5167, total loss = -7.2320, acc = 0.8250, lr = 3.981068e-12] (24.6 samples/sec; 4.884 sec/batch)
(E:75, S:51) [loss_dt = 0.4329, loss_qp = 0.5274, total loss = -7.2566, acc = 0.8000, lr = 3.981068e-12] (27.1 samples/sec; 4.426 sec/batch)
PLCC: 0.4455, SROCC: 0.4054, Acc: 0.7532
(E:76, S:0) [loss_dt = 0.4814, loss_qp = 0.4776, total loss = -7.1992, acc = 0.7917, lr = 3.162278e-12] (7.1 samples/sec; 16.921 sec/batch)
(E:76, S:1) [loss_dt = 0.4822, loss_qp = 0.5298, total loss = -7.2259, acc = 0.7750, lr = 3.162278e-12] (7.9 samples/sec; 15.274 sec/batch)
(E:76, S:2) [loss_dt = 0.3885, loss_qp = 0.5319, total loss = -7.2622, acc = 0.8083, lr = 3.162278e-12] (8.7 samples/sec; 13.779 sec/batch)
(E:76, S:3) [loss_dt = 0.4461, loss_qp = 0.4990, total loss = -7.2399, acc = 0.8250, lr = 3.162278e-12] (9.6 samples/sec; 12.438 sec/batch)
(E:76, S:4) [loss_dt = 0.4966, loss_qp = 0.4989, total loss = -7.2146, acc = 0.7667, lr = 3.162278e-12] (10.7 samples/sec; 11.228 sec/batch)
(E:76, S:5) [loss_dt = 0.3442, loss_qp = 0.4927, total loss = -7.1978, acc = 0.8250, lr = 3.162278e-12] (11.2 samples/sec; 10.758 sec/batch)
(E:76, S:6) [loss_dt = 0.4944, loss_qp = 0.5215, total loss = -7.2109, acc = 0.7667, lr = 3.162278e-12] (11.3 samples/sec; 10.631 sec/batch)
(E:76, S:7) [loss_dt = 0.4629, loss_qp = 0.5936, total loss = -7.3340, acc = 0.8000, lr = 3.162278e-12] (11.4 samples/sec; 10.501 sec/batch)
(E:76, S:8) [loss_dt = 0.4759, loss_qp = 0.4943, total loss = -7.2944, acc = 0.8500, lr = 3.162278e-12] (11.6 samples/sec; 10.372 sec/batch)
(E:76, S:9) [loss_dt = 0.4448, loss_qp = 0.5171, total loss = -7.2961, acc = 0.7917, lr = 3.162278e-12] (11.7 samples/sec; 10.260 sec/batch)
(E:76, S:10) [loss_dt = 0.3254, loss_qp = 0.4878, total loss = -7.2657, acc = 0.8750, lr = 3.162278e-12] (11.8 samples/sec; 10.182 sec/batch)
(E:76, S:11) [loss_dt = 0.3580, loss_qp = 0.5300, total loss = -7.2984, acc = 0.8833, lr = 3.162278e-12] (11.9 samples/sec; 10.085 sec/batch)
(E:76, S:12) [loss_dt = 0.5629, loss_qp = 0.4810, total loss = -7.2338, acc = 0.7917, lr = 3.162278e-12] (12.0 samples/sec; 10.025 sec/batch)
(E:76, S:13) [loss_dt = 0.5442, loss_qp = 0.6276, total loss = -7.3973, acc = 0.8167, lr = 3.162278e-12] (12.0 samples/sec; 9.959 sec/batch)
(E:76, S:14) [loss_dt = 0.4108, loss_qp = 0.5183, total loss = -7.3939, acc = 0.8167, lr = 3.162278e-12] (12.1 samples/sec; 9.894 sec/batch)
(E:76, S:15) [loss_dt = 0.4261, loss_qp = 0.5895, total loss = -7.4961, acc = 0.7833, lr = 3.162278e-12] (12.2 samples/sec; 9.842 sec/batch)
(E:76, S:16) [loss_dt = 0.4614, loss_qp = 0.5357, total loss = -7.5039, acc = 0.7917, lr = 3.162278e-12] (12.2 samples/sec; 9.800 sec/batch)
(E:76, S:17) [loss_dt = 0.3979, loss_qp = 0.6234, total loss = -7.6488, acc = 0.8333, lr = 3.162278e-12] (12.2 samples/sec; 9.799 sec/batch)
(E:76, S:18) [loss_dt = 0.5100, loss_qp = 0.5585, total loss = -7.6707, acc = 0.8167, lr = 3.162278e-12] (12.2 samples/sec; 9.804 sec/batch)
(E:76, S:19) [loss_dt = 0.5537, loss_qp = 0.5622, total loss = -7.6916, acc = 0.7667, lr = 3.162278e-12] (12.3 samples/sec; 9.749 sec/batch)
(E:76, S:20) [loss_dt = 0.4051, loss_qp = 0.5651, total loss = -7.7296, acc = 0.8083, lr = 3.162278e-12] (12.4 samples/sec; 9.712 sec/batch)
(E:76, S:21) [loss_dt = 0.3660, loss_qp = 0.3650, total loss = -7.4677, acc = 0.8500, lr = 3.162278e-12] (12.4 samples/sec; 9.689 sec/batch)
(E:76, S:22) [loss_dt = 0.4018, loss_qp = 0.4888, total loss = -7.4140, acc = 0.8333, lr = 3.162278e-12] (12.4 samples/sec; 9.661 sec/batch)
(E:76, S:23) [loss_dt = 0.3560, loss_qp = 0.5700, total loss = -7.4920, acc = 0.8500, lr = 3.162278e-12] (12.5 samples/sec; 9.622 sec/batch)
(E:76, S:24) [loss_dt = 0.5338, loss_qp = 0.5069, total loss = -7.4498, acc = 0.8333, lr = 3.162278e-12] (12.5 samples/sec; 9.602 sec/batch)
(E:76, S:25) [loss_dt = 0.4731, loss_qp = 0.4929, total loss = -7.3969, acc = 0.8333, lr = 3.162278e-12] (12.5 samples/sec; 9.562 sec/batch)
(E:76, S:26) [loss_dt = 0.4846, loss_qp = 0.6302, total loss = -7.5540, acc = 0.7917, lr = 3.162278e-12] (12.6 samples/sec; 9.534 sec/batch)
(E:76, S:27) [loss_dt = 0.4325, loss_qp = 0.4456, total loss = -7.4239, acc = 0.8167, lr = 3.162278e-12] (12.6 samples/sec; 9.516 sec/batch)
(E:76, S:28) [loss_dt = 0.4555, loss_qp = 0.4473, total loss = -7.3068, acc = 0.7667, lr = 3.162278e-12] (12.6 samples/sec; 9.502 sec/batch)
(E:76, S:29) [loss_dt = 0.3832, loss_qp = 0.4913, total loss = -7.2747, acc = 0.8750, lr = 3.162278e-12] (12.7 samples/sec; 9.481 sec/batch)
(E:76, S:30) [loss_dt = 0.3555, loss_qp = 0.5485, total loss = -7.3345, acc = 0.8250, lr = 3.162278e-12] (12.7 samples/sec; 9.478 sec/batch)
(E:76, S:31) [loss_dt = 0.3800, loss_qp = 0.5569, total loss = -7.3984, acc = 0.8167, lr = 3.162278e-12] (12.7 samples/sec; 9.453 sec/batch)
(E:76, S:32) [loss_dt = 0.3923, loss_qp = 0.4781, total loss = -7.3365, acc = 0.8417, lr = 3.162278e-12] (12.7 samples/sec; 9.433 sec/batch)
(E:76, S:33) [loss_dt = 0.3758, loss_qp = 0.5239, total loss = -7.3511, acc = 0.8583, lr = 3.162278e-12] (12.7 samples/sec; 9.428 sec/batch)
(E:76, S:34) [loss_dt = 0.4427, loss_qp = 0.4690, total loss = -7.2752, acc = 0.8000, lr = 3.162278e-12] (12.7 samples/sec; 9.428 sec/batch)
(E:76, S:35) [loss_dt = 0.3898, loss_qp = 0.5405, total loss = -7.3195, acc = 0.8167, lr = 3.162278e-12] (12.7 samples/sec; 9.414 sec/batch)
(E:76, S:36) [loss_dt = 0.3839, loss_qp = 0.5454, total loss = -7.3673, acc = 0.8250, lr = 3.162278e-12] (12.8 samples/sec; 9.403 sec/batch)
(E:76, S:37) [loss_dt = 0.3875, loss_qp = 0.5326, total loss = -7.3907, acc = 0.8167, lr = 3.162278e-12] (12.8 samples/sec; 9.393 sec/batch)
(E:76, S:38) [loss_dt = 0.4398, loss_qp = 0.5327, total loss = -7.4067, acc = 0.8000, lr = 3.162278e-12] (12.8 samples/sec; 9.376 sec/batch)
(E:76, S:39) [loss_dt = 0.4908, loss_qp = 0.4693, total loss = -7.3209, acc = 0.7667, lr = 3.162278e-12] (12.8 samples/sec; 9.373 sec/batch)
(E:76, S:40) [loss_dt = 0.3691, loss_qp = 0.6101, total loss = -7.4671, acc = 0.8583, lr = 3.162278e-12] (12.8 samples/sec; 9.373 sec/batch)
(E:76, S:41) [loss_dt = 0.3854, loss_qp = 0.5455, total loss = -7.5001, acc = 0.8250, lr = 3.162278e-12] (12.8 samples/sec; 9.363 sec/batch)
(E:76, S:42) [loss_dt = 0.3204, loss_qp = 0.5161, total loss = -7.4923, acc = 0.8667, lr = 3.162278e-12] (12.8 samples/sec; 9.374 sec/batch)
(E:76, S:43) [loss_dt = 0.3278, loss_qp = 0.4336, total loss = -7.3607, acc = 0.8500, lr = 3.162278e-12] (12.8 samples/sec; 9.368 sec/batch)
(E:76, S:44) [loss_dt = 0.4429, loss_qp = 0.5026, total loss = -7.3342, acc = 0.8000, lr = 3.162278e-12] (13.5 samples/sec; 8.907 sec/batch)
(E:76, S:45) [loss_dt = 0.4604, loss_qp = 0.6481, total loss = -7.5269, acc = 0.8167, lr = 3.162278e-12] (14.9 samples/sec; 8.048 sec/batch)
(E:76, S:46) [loss_dt = 0.5340, loss_qp = 0.5189, total loss = -7.4991, acc = 0.7583, lr = 3.162278e-12] (16.5 samples/sec; 7.273 sec/batch)
(E:76, S:47) [loss_dt = 0.6632, loss_qp = 0.5066, total loss = -7.4428, acc = 0.7833, lr = 3.162278e-12] (18.2 samples/sec; 6.580 sec/batch)
(E:76, S:48) [loss_dt = 0.3622, loss_qp = 0.5166, total loss = -7.4371, acc = 0.8333, lr = 3.162278e-12] (20.1 samples/sec; 5.956 sec/batch)
(E:76, S:49) [loss_dt = 0.4870, loss_qp = 0.5652, total loss = -7.4925, acc = 0.7500, lr = 3.162278e-12] (22.2 samples/sec; 5.396 sec/batch)
(E:76, S:50) [loss_dt = 0.4507, loss_qp = 0.5385, total loss = -7.5059, acc = 0.8250, lr = 3.162278e-12] (24.5 samples/sec; 4.889 sec/batch)
(E:76, S:51) [loss_dt = 0.3344, loss_qp = 0.5701, total loss = -7.5770, acc = 0.8583, lr = 3.162278e-12] (27.1 samples/sec; 4.433 sec/batch)
PLCC: 0.4491, SROCC: 0.4244, Acc: 0.7558
(E:77, S:0) [loss_dt = 0.4381, loss_qp = 0.6482, total loss = -7.7478, acc = 0.8167, lr = 2.511888e-12] (7.1 samples/sec; 16.919 sec/batch)
(E:77, S:1) [loss_dt = 0.3985, loss_qp = 0.4388, total loss = -7.5914, acc = 0.8167, lr = 2.511888e-12] (7.9 samples/sec; 15.265 sec/batch)
(E:77, S:2) [loss_dt = 0.3917, loss_qp = 0.5115, total loss = -7.5603, acc = 0.8667, lr = 2.511888e-12] (8.7 samples/sec; 13.774 sec/batch)
(E:77, S:3) [loss_dt = 0.4286, loss_qp = 0.4614, total loss = -7.4536, acc = 0.8417, lr = 2.511888e-12] (9.7 samples/sec; 12.433 sec/batch)
(E:77, S:4) [loss_dt = 0.3899, loss_qp = 0.6238, total loss = -7.6050, acc = 0.8333, lr = 2.511888e-12] (10.7 samples/sec; 11.228 sec/batch)
(E:77, S:5) [loss_dt = 0.4881, loss_qp = 0.4068, total loss = -7.4059, acc = 0.7917, lr = 2.511888e-12] (11.1 samples/sec; 10.765 sec/batch)
(E:77, S:6) [loss_dt = 0.5005, loss_qp = 0.5554, total loss = -7.4483, acc = 0.7583, lr = 2.511888e-12] (11.3 samples/sec; 10.626 sec/batch)
(E:77, S:7) [loss_dt = 0.4515, loss_qp = 0.4901, total loss = -7.3934, acc = 0.8167, lr = 2.511888e-12] (11.4 samples/sec; 10.495 sec/batch)
(E:77, S:8) [loss_dt = 0.3334, loss_qp = 0.5056, total loss = -7.3791, acc = 0.8417, lr = 2.511888e-12] (11.6 samples/sec; 10.370 sec/batch)
(E:77, S:9) [loss_dt = 0.2457, loss_qp = 0.5062, total loss = -7.3759, acc = 0.9083, lr = 2.511888e-12] (11.7 samples/sec; 10.271 sec/batch)
(E:77, S:10) [loss_dt = 0.4947, loss_qp = 0.4241, total loss = -7.2250, acc = 0.7750, lr = 2.511888e-12] (11.8 samples/sec; 10.196 sec/batch)
(E:77, S:11) [loss_dt = 0.5577, loss_qp = 0.5567, total loss = -7.2818, acc = 0.7333, lr = 2.511888e-12] (11.9 samples/sec; 10.119 sec/batch)
(E:77, S:12) [loss_dt = 0.5223, loss_qp = 0.5551, total loss = -7.3340, acc = 0.7917, lr = 2.511888e-12] (12.0 samples/sec; 10.036 sec/batch)
(E:77, S:13) [loss_dt = 0.4751, loss_qp = 0.5689, total loss = -7.4064, acc = 0.7750, lr = 2.511888e-12] (12.0 samples/sec; 9.977 sec/batch)
(E:77, S:14) [loss_dt = 0.4698, loss_qp = 0.5255, total loss = -7.4070, acc = 0.8000, lr = 2.511888e-12] (12.1 samples/sec; 9.929 sec/batch)
(E:77, S:15) [loss_dt = 0.5531, loss_qp = 0.5941, total loss = -7.5021, acc = 0.7917, lr = 2.511888e-12] (12.2 samples/sec; 9.875 sec/batch)
(E:77, S:16) [loss_dt = 0.5393, loss_qp = 0.5572, total loss = -7.5337, acc = 0.8000, lr = 2.511888e-12] (12.2 samples/sec; 9.821 sec/batch)
(E:77, S:17) [loss_dt = 0.3744, loss_qp = 0.5149, total loss = -7.5153, acc = 0.8417, lr = 2.511888e-12] (12.3 samples/sec; 9.765 sec/batch)
(E:77, S:18) [loss_dt = 0.6606, loss_qp = 0.5539, total loss = -7.5285, acc = 0.7250, lr = 2.511888e-12] (12.3 samples/sec; 9.727 sec/batch)
(E:77, S:19) [loss_dt = 0.4000, loss_qp = 0.5374, total loss = -7.5418, acc = 0.8333, lr = 2.511888e-12] (12.4 samples/sec; 9.688 sec/batch)
(E:77, S:20) [loss_dt = 0.2792, loss_qp = 0.5395, total loss = -7.5690, acc = 0.8917, lr = 2.511888e-12] (12.4 samples/sec; 9.692 sec/batch)
(E:77, S:21) [loss_dt = 0.3765, loss_qp = 0.5654, total loss = -7.6225, acc = 0.8417, lr = 2.511888e-12] (12.4 samples/sec; 9.652 sec/batch)
(E:77, S:22) [loss_dt = 0.4331, loss_qp = 0.6188, total loss = -7.7452, acc = 0.8167, lr = 2.511888e-12] (12.5 samples/sec; 9.608 sec/batch)
(E:77, S:23) [loss_dt = 0.3975, loss_qp = 0.5051, total loss = -7.6885, acc = 0.8417, lr = 2.511888e-12] (12.5 samples/sec; 9.572 sec/batch)
(E:77, S:24) [loss_dt = 0.4314, loss_qp = 0.4867, total loss = -7.6066, acc = 0.8417, lr = 2.511888e-12] (12.6 samples/sec; 9.554 sec/batch)
(E:77, S:25) [loss_dt = 0.4725, loss_qp = 0.4382, total loss = -7.4560, acc = 0.7917, lr = 2.511888e-12] (12.6 samples/sec; 9.535 sec/batch)
(E:77, S:26) [loss_dt = 0.3375, loss_qp = 0.5121, total loss = -7.4449, acc = 0.8417, lr = 2.511888e-12] (12.6 samples/sec; 9.501 sec/batch)
(E:77, S:27) [loss_dt = 0.3326, loss_qp = 0.5503, total loss = -7.4926, acc = 0.8583, lr = 2.511888e-12] (12.6 samples/sec; 9.489 sec/batch)
(E:77, S:28) [loss_dt = 0.4628, loss_qp = 0.4518, total loss = -7.3748, acc = 0.8083, lr = 2.511888e-12] (12.7 samples/sec; 9.480 sec/batch)
(E:77, S:29) [loss_dt = 0.3447, loss_qp = 0.4642, total loss = -7.2992, acc = 0.8500, lr = 2.511888e-12] (12.7 samples/sec; 9.458 sec/batch)
(E:77, S:30) [loss_dt = 0.3939, loss_qp = 0.4384, total loss = -7.1875, acc = 0.7917, lr = 2.511888e-12] (12.7 samples/sec; 9.439 sec/batch)
(E:77, S:31) [loss_dt = 0.3797, loss_qp = 0.4650, total loss = -7.1283, acc = 0.8333, lr = 2.511888e-12] (12.7 samples/sec; 9.422 sec/batch)
(E:77, S:32) [loss_dt = 0.4404, loss_qp = 0.6701, total loss = -7.3765, acc = 0.8333, lr = 2.511888e-12] (12.7 samples/sec; 9.412 sec/batch)
(E:77, S:33) [loss_dt = 0.4203, loss_qp = 0.5071, total loss = -7.3574, acc = 0.8333, lr = 2.511888e-12] (12.8 samples/sec; 9.402 sec/batch)
(E:77, S:34) [loss_dt = 0.4211, loss_qp = 0.5664, total loss = -7.4291, acc = 0.8333, lr = 2.511888e-12] (12.8 samples/sec; 9.408 sec/batch)
(E:77, S:35) [loss_dt = 0.4475, loss_qp = 0.5191, total loss = -7.4201, acc = 0.8000, lr = 2.511888e-12] (12.7 samples/sec; 9.417 sec/batch)
(E:77, S:36) [loss_dt = 0.3534, loss_qp = 0.5212, total loss = -7.4246, acc = 0.8250, lr = 2.511888e-12] (12.8 samples/sec; 9.399 sec/batch)
(E:77, S:37) [loss_dt = 0.4924, loss_qp = 0.6313, total loss = -7.5799, acc = 0.7750, lr = 2.511888e-12] (12.8 samples/sec; 9.400 sec/batch)
(E:77, S:38) [loss_dt = 0.3611, loss_qp = 0.5743, total loss = -7.6473, acc = 0.8500, lr = 2.511888e-12] (12.8 samples/sec; 9.383 sec/batch)
(E:77, S:39) [loss_dt = 0.4911, loss_qp = 0.4742, total loss = -7.5448, acc = 0.7917, lr = 2.511888e-12] (12.8 samples/sec; 9.390 sec/batch)
(E:77, S:40) [loss_dt = 0.3346, loss_qp = 0.4019, total loss = -7.3597, acc = 0.8583, lr = 2.511888e-12] (12.8 samples/sec; 9.393 sec/batch)
(E:77, S:41) [loss_dt = 0.3598, loss_qp = 0.5483, total loss = -7.4103, acc = 0.8583, lr = 2.511888e-12] (12.8 samples/sec; 9.380 sec/batch)
(E:77, S:42) [loss_dt = 0.2855, loss_qp = 0.5485, total loss = -7.4635, acc = 0.9000, lr = 2.511888e-12] (12.8 samples/sec; 9.367 sec/batch)
(E:77, S:43) [loss_dt = 0.6232, loss_qp = 0.5557, total loss = -7.4883, acc = 0.7333, lr = 2.511888e-12] (12.8 samples/sec; 9.356 sec/batch)
(E:77, S:44) [loss_dt = 0.4348, loss_qp = 0.5484, total loss = -7.5186, acc = 0.8250, lr = 2.511888e-12] (13.5 samples/sec; 8.891 sec/batch)
(E:77, S:45) [loss_dt = 0.4454, loss_qp = 0.5820, total loss = -7.5952, acc = 0.8167, lr = 2.511888e-12] (14.9 samples/sec; 8.033 sec/batch)
(E:77, S:46) [loss_dt = 0.3110, loss_qp = 0.4956, total loss = -7.5480, acc = 0.9000, lr = 2.511888e-12] (16.5 samples/sec; 7.261 sec/batch)
(E:77, S:47) [loss_dt = 0.5534, loss_qp = 0.4446, total loss = -7.4047, acc = 0.7417, lr = 2.511888e-12] (18.3 samples/sec; 6.565 sec/batch)
(E:77, S:48) [loss_dt = 0.4601, loss_qp = 0.5240, total loss = -7.4042, acc = 0.8333, lr = 2.511888e-12] (20.2 samples/sec; 5.940 sec/batch)
(E:77, S:49) [loss_dt = 0.3715, loss_qp = 0.5059, total loss = -7.3854, acc = 0.8333, lr = 2.511888e-12] (22.3 samples/sec; 5.377 sec/batch)
(E:77, S:50) [loss_dt = 0.3690, loss_qp = 0.5809, total loss = -7.4813, acc = 0.8667, lr = 2.511888e-12] (24.6 samples/sec; 4.874 sec/batch)
(E:77, S:51) [loss_dt = 0.3716, loss_qp = 0.4316, total loss = -7.3435, acc = 0.8417, lr = 2.511888e-12] (27.2 samples/sec; 4.420 sec/batch)
PLCC: 0.4589, SROCC: 0.4208, Acc: 0.7731
(E:78, S:0) [loss_dt = 0.4019, loss_qp = 0.5134, total loss = -7.3391, acc = 0.8250, lr = 1.995262e-12] (7.1 samples/sec; 17.021 sec/batch)
(E:78, S:1) [loss_dt = 0.3882, loss_qp = 0.4456, total loss = -7.2347, acc = 0.8417, lr = 1.995262e-12] (7.8 samples/sec; 15.364 sec/batch)
(E:78, S:2) [loss_dt = 0.4358, loss_qp = 0.4832, total loss = -7.1924, acc = 0.8083, lr = 1.995262e-12] (8.7 samples/sec; 13.872 sec/batch)
(E:78, S:3) [loss_dt = 0.4250, loss_qp = 0.4970, total loss = -7.1762, acc = 0.8167, lr = 1.995262e-12] (9.6 samples/sec; 12.531 sec/batch)
(E:78, S:4) [loss_dt = 0.3990, loss_qp = 0.5202, total loss = -7.1991, acc = 0.8417, lr = 1.995262e-12] (10.6 samples/sec; 11.315 sec/batch)
(E:78, S:5) [loss_dt = 0.4840, loss_qp = 0.5049, total loss = -7.1881, acc = 0.8000, lr = 1.995262e-12] (11.1 samples/sec; 10.803 sec/batch)
(E:78, S:6) [loss_dt = 0.4430, loss_qp = 0.4835, total loss = -7.1503, acc = 0.8333, lr = 1.995262e-12] (11.3 samples/sec; 10.663 sec/batch)
(E:78, S:7) [loss_dt = 0.3583, loss_qp = 0.6349, total loss = -7.3517, acc = 0.8333, lr = 1.995262e-12] (11.4 samples/sec; 10.528 sec/batch)
(E:78, S:8) [loss_dt = 0.2696, loss_qp = 0.3455, total loss = -7.1079, acc = 0.8833, lr = 1.995262e-12] (11.5 samples/sec; 10.390 sec/batch)
(E:78, S:9) [loss_dt = 0.5892, loss_qp = 0.5261, total loss = -7.1273, acc = 0.7583, lr = 1.995262e-12] (11.7 samples/sec; 10.282 sec/batch)
(E:78, S:10) [loss_dt = 0.5090, loss_qp = 0.5866, total loss = -7.2436, acc = 0.7667, lr = 1.995262e-12] (11.8 samples/sec; 10.200 sec/batch)
(E:78, S:11) [loss_dt = 0.4253, loss_qp = 0.5312, total loss = -7.2735, acc = 0.8333, lr = 1.995262e-12] (11.9 samples/sec; 10.107 sec/batch)
(E:78, S:12) [loss_dt = 0.4841, loss_qp = 0.5868, total loss = -7.3780, acc = 0.7667, lr = 1.995262e-12] (12.0 samples/sec; 10.034 sec/batch)
(E:78, S:13) [loss_dt = 0.4728, loss_qp = 0.5889, total loss = -7.4762, acc = 0.7917, lr = 1.995262e-12] (12.1 samples/sec; 9.955 sec/batch)
(E:78, S:14) [loss_dt = 0.4863, loss_qp = 0.5767, total loss = -7.5451, acc = 0.7917, lr = 1.995262e-12] (12.1 samples/sec; 9.895 sec/batch)
(E:78, S:15) [loss_dt = 0.3793, loss_qp = 0.5504, total loss = -7.5782, acc = 0.8583, lr = 1.995262e-12] (12.2 samples/sec; 9.840 sec/batch)
(E:78, S:16) [loss_dt = 0.5698, loss_qp = 0.4554, total loss = -7.4465, acc = 0.7333, lr = 1.995262e-12] (12.3 samples/sec; 9.787 sec/batch)
(E:78, S:17) [loss_dt = 0.3586, loss_qp = 0.5179, total loss = -7.4429, acc = 0.8250, lr = 1.995262e-12] (12.3 samples/sec; 9.743 sec/batch)
(E:78, S:18) [loss_dt = 0.4838, loss_qp = 0.5178, total loss = -7.4269, acc = 0.7833, lr = 1.995262e-12] (12.3 samples/sec; 9.718 sec/batch)
(E:78, S:19) [loss_dt = 0.5244, loss_qp = 0.5496, total loss = -7.4563, acc = 0.7833, lr = 1.995262e-12] (12.4 samples/sec; 9.674 sec/batch)
(E:78, S:20) [loss_dt = 0.3847, loss_qp = 0.5953, total loss = -7.5651, acc = 0.8583, lr = 1.995262e-12] (12.4 samples/sec; 9.649 sec/batch)
(E:78, S:21) [loss_dt = 0.4655, loss_qp = 0.5500, total loss = -7.5871, acc = 0.7833, lr = 1.995262e-12] (12.5 samples/sec; 9.617 sec/batch)
(E:78, S:22) [loss_dt = 0.3411, loss_qp = 0.5269, total loss = -7.5846, acc = 0.8333, lr = 1.995262e-12] (12.5 samples/sec; 9.592 sec/batch)
(E:78, S:23) [loss_dt = 0.3988, loss_qp = 0.4670, total loss = -7.4867, acc = 0.8250, lr = 1.995262e-12] (12.6 samples/sec; 9.554 sec/batch)
(E:78, S:24) [loss_dt = 0.4043, loss_qp = 0.5780, total loss = -7.5645, acc = 0.8417, lr = 1.995262e-12] (12.6 samples/sec; 9.533 sec/batch)
(E:78, S:25) [loss_dt = 0.4956, loss_qp = 0.4594, total loss = -7.4476, acc = 0.7917, lr = 1.995262e-12] (12.6 samples/sec; 9.506 sec/batch)
(E:78, S:26) [loss_dt = 0.5689, loss_qp = 0.5901, total loss = -7.5311, acc = 0.7250, lr = 1.995262e-12] (12.7 samples/sec; 9.478 sec/batch)
(E:78, S:27) [loss_dt = 0.5264, loss_qp = 0.6837, total loss = -7.7509, acc = 0.7750, lr = 1.995262e-12] (12.7 samples/sec; 9.464 sec/batch)
(E:78, S:28) [loss_dt = 0.4340, loss_qp = 0.4731, total loss = -7.6420, acc = 0.8417, lr = 1.995262e-12] (12.7 samples/sec; 9.453 sec/batch)
(E:78, S:29) [loss_dt = 0.3440, loss_qp = 0.4745, total loss = -7.5552, acc = 0.8417, lr = 1.995262e-12] (12.7 samples/sec; 9.436 sec/batch)
(E:78, S:30) [loss_dt = 0.4218, loss_qp = 0.4823, total loss = -7.4810, acc = 0.8333, lr = 1.995262e-12] (12.8 samples/sec; 9.411 sec/batch)
(E:78, S:31) [loss_dt = 0.3969, loss_qp = 0.4926, total loss = -7.4321, acc = 0.8083, lr = 1.995262e-12] (12.8 samples/sec; 9.392 sec/batch)
(E:78, S:32) [loss_dt = 0.5178, loss_qp = 0.5704, total loss = -7.4927, acc = 0.7583, lr = 1.995262e-12] (12.8 samples/sec; 9.373 sec/batch)
(E:78, S:33) [loss_dt = 0.2728, loss_qp = 0.5868, total loss = -7.5963, acc = 0.8917, lr = 1.995262e-12] (12.7 samples/sec; 9.430 sec/batch)
(E:78, S:34) [loss_dt = 0.3774, loss_qp = 0.5043, total loss = -7.5554, acc = 0.8250, lr = 1.995262e-12] (12.7 samples/sec; 9.428 sec/batch)
(E:78, S:35) [loss_dt = 0.4363, loss_qp = 0.5340, total loss = -7.5572, acc = 0.8000, lr = 1.995262e-12] (12.8 samples/sec; 9.409 sec/batch)
(E:78, S:36) [loss_dt = 0.4556, loss_qp = 0.5703, total loss = -7.6113, acc = 0.7917, lr = 1.995262e-12] (12.7 samples/sec; 9.465 sec/batch)
(E:78, S:37) [loss_dt = 0.3926, loss_qp = 0.5819, total loss = -7.6838, acc = 0.8417, lr = 1.995262e-12] (12.7 samples/sec; 9.452 sec/batch)
(E:78, S:38) [loss_dt = 0.4164, loss_qp = 0.5182, total loss = -7.6510, acc = 0.8250, lr = 1.995262e-12] (12.7 samples/sec; 9.428 sec/batch)
(E:78, S:39) [loss_dt = 0.3446, loss_qp = 0.5684, total loss = -7.7040, acc = 0.8500, lr = 1.995262e-12] (12.6 samples/sec; 9.493 sec/batch)
(E:78, S:40) [loss_dt = 0.3333, loss_qp = 0.4018, total loss = -7.5030, acc = 0.8250, lr = 1.995262e-12] (12.7 samples/sec; 9.484 sec/batch)
(E:78, S:41) [loss_dt = 0.5241, loss_qp = 0.3981, total loss = -7.2975, acc = 0.7917, lr = 1.995262e-12] (12.7 samples/sec; 9.473 sec/batch)
(E:78, S:42) [loss_dt = 0.4693, loss_qp = 0.4830, total loss = -7.2453, acc = 0.7583, lr = 1.995262e-12] (12.7 samples/sec; 9.453 sec/batch)
(E:78, S:43) [loss_dt = 0.4412, loss_qp = 0.5188, total loss = -7.2549, acc = 0.8000, lr = 1.995262e-12] (12.7 samples/sec; 9.445 sec/batch)
(E:78, S:44) [loss_dt = 0.4214, loss_qp = 0.5245, total loss = -7.2740, acc = 0.8083, lr = 1.995262e-12] (13.4 samples/sec; 8.978 sec/batch)
(E:78, S:45) [loss_dt = 0.2844, loss_qp = 0.4950, total loss = -7.2606, acc = 0.8667, lr = 1.995262e-12] (14.8 samples/sec; 8.113 sec/batch)
(E:78, S:46) [loss_dt = 0.3431, loss_qp = 0.6047, total loss = -7.4072, acc = 0.8667, lr = 1.995262e-12] (16.4 samples/sec; 7.337 sec/batch)
(E:78, S:47) [loss_dt = 0.4446, loss_qp = 0.4987, total loss = -7.3701, acc = 0.8333, lr = 1.995262e-12] (18.1 samples/sec; 6.636 sec/batch)
(E:78, S:48) [loss_dt = 0.3535, loss_qp = 0.4478, total loss = -7.2695, acc = 0.8583, lr = 1.995262e-12] (20.0 samples/sec; 6.007 sec/batch)
(E:78, S:49) [loss_dt = 0.4100, loss_qp = 0.5096, total loss = -7.2659, acc = 0.8000, lr = 1.995262e-12] (22.1 samples/sec; 5.442 sec/batch)
(E:78, S:50) [loss_dt = 0.3426, loss_qp = 0.5679, total loss = -7.3570, acc = 0.8583, lr = 1.995262e-12] (24.3 samples/sec; 4.931 sec/batch)
(E:78, S:51) [loss_dt = 0.3585, loss_qp = 0.5942, total loss = -7.4767, acc = 0.8500, lr = 1.995262e-12] (26.8 samples/sec; 4.472 sec/batch)
PLCC: 0.4789, SROCC: 0.4420, Acc: 0.7538
(E:79, S:0) [loss_dt = 0.5781, loss_qp = 0.5366, total loss = -7.4760, acc = 0.7417, lr = 1.584894e-12] (7.0 samples/sec; 17.042 sec/batch)
(E:79, S:1) [loss_dt = 0.4800, loss_qp = 0.5048, total loss = -7.4376, acc = 0.8250, lr = 1.584894e-12] (7.8 samples/sec; 15.386 sec/batch)
(E:79, S:2) [loss_dt = 0.3813, loss_qp = 0.6065, total loss = -7.5655, acc = 0.8417, lr = 1.584894e-12] (8.6 samples/sec; 13.891 sec/batch)
(E:79, S:3) [loss_dt = 0.4019, loss_qp = 0.5555, total loss = -7.6020, acc = 0.8250, lr = 1.584894e-12] (9.6 samples/sec; 12.534 sec/batch)
(E:79, S:4) [loss_dt = 0.4601, loss_qp = 0.7060, total loss = -7.8547, acc = 0.8583, lr = 1.584894e-12] (10.6 samples/sec; 11.311 sec/batch)
(E:79, S:5) [loss_dt = 0.3395, loss_qp = 0.4914, total loss = -7.7724, acc = 0.8250, lr = 1.584894e-12] (11.1 samples/sec; 10.811 sec/batch)
(E:79, S:6) [loss_dt = 0.4557, loss_qp = 0.5623, total loss = -7.7931, acc = 0.7583, lr = 1.584894e-12] (11.2 samples/sec; 10.674 sec/batch)
(E:79, S:7) [loss_dt = 0.2796, loss_qp = 0.4976, total loss = -7.7321, acc = 0.8500, lr = 1.584894e-12] (11.4 samples/sec; 10.541 sec/batch)
(E:79, S:8) [loss_dt = 0.4547, loss_qp = 0.5288, total loss = -7.7067, acc = 0.7667, lr = 1.584894e-12] (11.5 samples/sec; 10.406 sec/batch)
(E:79, S:9) [loss_dt = 0.3806, loss_qp = 0.4019, total loss = -7.5009, acc = 0.8333, lr = 1.584894e-12] (11.7 samples/sec; 10.289 sec/batch)
(E:79, S:10) [loss_dt = 0.4305, loss_qp = 0.5087, total loss = -7.4708, acc = 0.8000, lr = 1.584894e-12] (11.8 samples/sec; 10.208 sec/batch)
(E:79, S:11) [loss_dt = 0.3966, loss_qp = 0.5397, total loss = -7.4937, acc = 0.8250, lr = 1.584894e-12] (11.9 samples/sec; 10.115 sec/batch)
(E:79, S:12) [loss_dt = 0.3649, loss_qp = 0.4815, total loss = -7.4300, acc = 0.8417, lr = 1.584894e-12] (12.0 samples/sec; 10.021 sec/batch)
(E:79, S:13) [loss_dt = 0.3961, loss_qp = 0.4946, total loss = -7.3893, acc = 0.7833, lr = 1.584894e-12] (12.1 samples/sec; 9.958 sec/batch)
(E:79, S:14) [loss_dt = 0.3466, loss_qp = 0.4364, total loss = -7.2703, acc = 0.8083, lr = 1.584894e-12] (12.1 samples/sec; 9.912 sec/batch)
(E:79, S:15) [loss_dt = 0.4077, loss_qp = 0.4567, total loss = -7.1876, acc = 0.8083, lr = 1.584894e-12] (12.2 samples/sec; 9.860 sec/batch)
(E:79, S:16) [loss_dt = 0.4351, loss_qp = 0.5246, total loss = -7.2122, acc = 0.8167, lr = 1.584894e-12] (12.2 samples/sec; 9.807 sec/batch)
(E:79, S:17) [loss_dt = 0.3490, loss_qp = 0.5074, total loss = -7.2172, acc = 0.8333, lr = 1.584894e-12] (12.3 samples/sec; 9.774 sec/batch)
(E:79, S:18) [loss_dt = 0.3817, loss_qp = 0.6218, total loss = -7.3900, acc = 0.8250, lr = 1.584894e-12] (12.3 samples/sec; 9.752 sec/batch)
(E:79, S:19) [loss_dt = 0.5553, loss_qp = 0.6304, total loss = -7.5411, acc = 0.8000, lr = 1.584894e-12] (12.4 samples/sec; 9.713 sec/batch)
(E:79, S:20) [loss_dt = 0.2816, loss_qp = 0.5015, total loss = -7.5111, acc = 0.8833, lr = 1.584894e-12] (12.4 samples/sec; 9.683 sec/batch)
(E:79, S:21) [loss_dt = 0.5454, loss_qp = 0.5039, total loss = -7.4613, acc = 0.7750, lr = 1.584894e-12] (12.4 samples/sec; 9.652 sec/batch)
(E:79, S:22) [loss_dt = 0.5711, loss_qp = 0.5620, total loss = -7.5011, acc = 0.7917, lr = 1.584894e-12] (12.5 samples/sec; 9.623 sec/batch)
(E:79, S:23) [loss_dt = 0.4413, loss_qp = 0.6431, total loss = -7.6715, acc = 0.8167, lr = 1.584894e-12] (12.5 samples/sec; 9.596 sec/batch)
(E:79, S:24) [loss_dt = 0.4712, loss_qp = 0.5216, total loss = -7.6397, acc = 0.8333, lr = 1.584894e-12] (12.5 samples/sec; 9.566 sec/batch)
(E:79, S:25) [loss_dt = 0.4191, loss_qp = 0.5543, total loss = -7.6652, acc = 0.8000, lr = 1.584894e-12] (12.6 samples/sec; 9.535 sec/batch)
(E:79, S:26) [loss_dt = 0.4390, loss_qp = 0.6061, total loss = -7.7640, acc = 0.8083, lr = 1.584894e-12] (12.6 samples/sec; 9.505 sec/batch)
(E:79, S:27) [loss_dt = 0.3512, loss_qp = 0.5134, total loss = -7.7225, acc = 0.8667, lr = 1.584894e-12] (12.6 samples/sec; 9.492 sec/batch)
(E:79, S:28) [loss_dt = 0.4979, loss_qp = 0.5572, total loss = -7.7363, acc = 0.8167, lr = 1.584894e-12] (12.6 samples/sec; 9.488 sec/batch)
(E:79, S:29) [loss_dt = 0.4029, loss_qp = 0.6631, total loss = -7.9170, acc = 0.8333, lr = 1.584894e-12] (12.7 samples/sec; 9.465 sec/batch)
(E:79, S:30) [loss_dt = 0.3460, loss_qp = 0.5433, total loss = -7.9057, acc = 0.8583, lr = 1.584894e-12] (12.7 samples/sec; 9.440 sec/batch)
(E:79, S:31) [loss_dt = 0.3826, loss_qp = 0.5389, total loss = -7.8852, acc = 0.8417, lr = 1.584894e-12] (12.7 samples/sec; 9.417 sec/batch)
(E:79, S:32) [loss_dt = 0.3326, loss_qp = 0.6011, total loss = -7.9651, acc = 0.8750, lr = 1.584894e-12] (12.8 samples/sec; 9.398 sec/batch)
(E:79, S:33) [loss_dt = 0.3361, loss_qp = 0.4818, total loss = -7.8578, acc = 0.8667, lr = 1.584894e-12] (12.8 samples/sec; 9.385 sec/batch)
(E:79, S:34) [loss_dt = 0.3940, loss_qp = 0.4354, total loss = -7.6857, acc = 0.8000, lr = 1.584894e-12] (12.8 samples/sec; 9.386 sec/batch)
(E:79, S:35) [loss_dt = 0.5474, loss_qp = 0.5877, total loss = -7.7439, acc = 0.8000, lr = 1.584894e-12] (12.8 samples/sec; 9.379 sec/batch)
(E:79, S:36) [loss_dt = 0.3827, loss_qp = 0.4935, total loss = -7.6714, acc = 0.8333, lr = 1.584894e-12] (12.7 samples/sec; 9.416 sec/batch)
(E:79, S:37) [loss_dt = 0.5562, loss_qp = 0.4081, total loss = -7.4608, acc = 0.7417, lr = 1.584894e-12] (12.7 samples/sec; 9.425 sec/batch)
(E:79, S:38) [loss_dt = 0.3473, loss_qp = 0.5836, total loss = -7.5554, acc = 0.8333, lr = 1.584894e-12] (12.8 samples/sec; 9.406 sec/batch)
(E:79, S:39) [loss_dt = 0.4018, loss_qp = 0.5228, total loss = -7.5438, acc = 0.8333, lr = 1.584894e-12] (12.8 samples/sec; 9.391 sec/batch)
(E:79, S:40) [loss_dt = 0.3495, loss_qp = 0.5571, total loss = -7.5902, acc = 0.8167, lr = 1.584894e-12] (12.7 samples/sec; 9.415 sec/batch)
(E:79, S:41) [loss_dt = 0.3360, loss_qp = 0.4355, total loss = -7.4508, acc = 0.8500, lr = 1.584894e-12] (12.8 samples/sec; 9.401 sec/batch)
(E:79, S:42) [loss_dt = 0.2728, loss_qp = 0.3979, total loss = -7.2753, acc = 0.8667, lr = 1.584894e-12] (12.8 samples/sec; 9.387 sec/batch)
(E:79, S:43) [loss_dt = 0.4550, loss_qp = 0.6006, total loss = -7.4033, acc = 0.7583, lr = 1.584894e-12] (12.8 samples/sec; 9.407 sec/batch)
(E:79, S:44) [loss_dt = 0.3444, loss_qp = 0.4686, total loss = -7.3314, acc = 0.8583, lr = 1.584894e-12] (13.4 samples/sec; 8.946 sec/batch)
(E:79, S:45) [loss_dt = 0.4358, loss_qp = 0.3553, total loss = -7.0877, acc = 0.8250, lr = 1.584894e-12] (14.9 samples/sec; 8.079 sec/batch)
(E:79, S:46) [loss_dt = 0.4897, loss_qp = 0.4524, total loss = -7.0085, acc = 0.8167, lr = 1.584894e-12] (16.4 samples/sec; 7.299 sec/batch)
(E:79, S:47) [loss_dt = 0.5289, loss_qp = 0.4975, total loss = -7.0010, acc = 0.8167, lr = 1.584894e-12] (18.2 samples/sec; 6.597 sec/batch)
(E:79, S:48) [loss_dt = 0.5084, loss_qp = 0.5363, total loss = -7.0546, acc = 0.8083, lr = 1.584894e-12] (20.1 samples/sec; 5.965 sec/batch)
(E:79, S:49) [loss_dt = 0.5255, loss_qp = 0.5495, total loss = -7.1208, acc = 0.7667, lr = 1.584894e-12] (22.2 samples/sec; 5.397 sec/batch)
(E:79, S:50) [loss_dt = 0.3362, loss_qp = 0.5592, total loss = -7.2139, acc = 0.8500, lr = 1.584894e-12] (24.6 samples/sec; 4.885 sec/batch)
(E:79, S:51) [loss_dt = 0.4456, loss_qp = 0.4771, total loss = -7.1636, acc = 0.8333, lr = 1.584894e-12] (27.1 samples/sec; 4.425 sec/batch)
PLCC: 0.4422, SROCC: 0.3968, Acc: 0.7609
